code,month,no2,n_hours
BG1,2016-01-01,28.42940522976995,703
BG1,2016-02-01,26.7444758752796,661
BG1,2016-03-01,22.96606622005586,707
BG1,2016-04-01,19.342778608393292,678
BG1,2016-05-01,18.172065560936765,709
BG1,2016-06-01,18.50077119567587,688
BG1,2016-07-01,17.549871447308053,712
BG1,2016-08-01,16.98894363315777,712
BG1,2016-09-01,23.5762676692886,685
BG1,2016-10-01,20.55621239211957,640
BG1,2016-11-01,31.541206480446924,179
BG1,2017-01-01,41.51528222651775,582
BG1,2017-02-01,23.534748258175107,632
BG1,2017-03-01,22.67828631923723,700
BG1,2017-04-01,21.322094682910695,670
BG1,2017-05-01,16.66125852760448,695
BG1,2017-06-01,14.728313405422886,688
BG1,2017-07-01,14.838430276962539,709
BG1,2017-08-01,20.148643387553026,711
BG1,2017-09-01,21.470593858973405,687
BG1,2017-10-01,23.63072424147812,710
BG1,2017-11-01,32.629035587261626,687
BG1,2017-12-01,32.27753265135174,712
BG1,2018-01-01,29.003949090112624,705
BG1,2018-02-01,29.97049260002127,642
BG1,2018-03-01,28.855552521765716,517
BG1,2018-04-01,21.978778517823635,533
BG1,2018-05-01,15.932442111928104,408
BG1,2018-07-01,14.315052083333333,726
BG1,2018-08-01,22.151225000000004,10
BG1,2019-05-01,15.345494551136364,220
BG1,2019-06-01,12.003497788516405,701
BG1,2019-07-01,11.975878929144143,740
BG1,2019-08-01,14.15666330049819,736
BG1,2019-09-01,19.62772859751773,470
BG1,2019-12-01,22.288232942419437,631
BG1,2020-01-01,23.666270039467747,739
BG1,2020-02-01,16.9299433597177,690
BG1,2020-03-01,18.3188434616894,716
BG1,2020-04-01,15.154924009072566,718
BG1,2020-05-01,12.496027429760897,738
BG1,2020-06-01,10.138435815807306,719
BG1,2020-07-01,9.562236777545962,740
BG1,2020-08-01,10.746525468450267,735
BG1,2020-09-01,15.690304076260466,716
BG1,2020-10-01,15.262667384988152,713
BG1,2020-11-01,26.71726092885907,716
BG1,2020-12-01,24.589316748897986,741
BG1,2021-01-01,25.151892183554526,733
BG1,2021-02-01,24.44581177907719,132
BG1,2021-03-01,18.834636489386128,510
BG1,2021-04-01,15.231500955626888,695
BG1,2021-05-01,12.009966178040797,743
BG1,2021-06-01,9.454445766794578,719
BG1,2021-07-01,9.18816968748508,743
BG1,2021-08-01,8.739227564040602,743
BG1,2021-09-01,16.23822978363066,718
BG1,2021-10-01,20.158915863606897,718
BG1,2021-11-01,25.61082107631478,718
BG1,2021-12-01,21.16092813851118,744
BG1,2022-01-01,37.39945472050377,743
BG1,2022-02-01,15.96667728717304,670
BG1,2022-03-01,23.829714389105106,727
BG1,2022-04-01,15.121875726185465,715
BG1,2022-05-01,12.878015960591679,744
BG1,2022-06-01,10.335509922356412,720
BG1,2022-07-01,10.008912901616451,744
BG1,2022-08-01,11.60313879719544,744
BG1,2022-09-01,14.858076428998233,719
BG1,2022-10-01,15.814458885611716,743
BG1,2022-11-01,17.68834820305603,494
BG1,2022-12-01,14.905927904779674,315
BG1,2023-01-01,22.956565880591892,744
BG1,2023-02-01,26.55830526667398,671
BG1,2023-03-01,16.208946552626077,740
BG1,2023-04-01,14.226553492000855,720
BG1,2023-05-01,8.54413684059743,286
BG1,2023-06-01,8.118811801060673,59
BG1,2023-07-01,7.1481608607945235,722
BG1,2023-08-01,11.472779069899461,743
BG1,2023-09-01,16.33499180114256,720
BG1,2023-10-01,17.839434340034423,739
BG1,2023-11-01,21.007186833307248,718
BG1,2023-12-01,15.39647868454758,742
BG1,2024-01-01,20.901716323248333,716
BG1,2024-04-01,10.251108938212267,436
BG1,2024-05-01,13.661689520647997,708
BG1,2024-06-01,10.931949897032666,658
BG1,2024-07-01,10.060811478881227,741
BG1,2024-08-01,9.825459366243313,139
BG1,2024-09-01,12.06754947598489,437
BG1,2024-10-01,19.25598407895199,742
BG1,2024-11-01,21.797915983232098,648
BG1,2024-12-01,15.408671874794399,742
BG2,2016-01-01,35.413732190893455,743
BG2,2016-02-01,35.34843689957507,695
BG2,2016-03-01,34.78276520024195,741
BG2,2016-04-01,32.30241664300143,701
BG2,2016-05-01,29.512877129496523,742
BG2,2016-06-01,25.70949668021512,715
BG2,2016-07-01,24.78612824456284,709
BG2,2016-08-01,23.987673242752436,528
BG2,2016-09-01,26.242352521561916,706
BG2,2016-10-01,32.58759528207978,738
BG2,2016-11-01,39.64404812962839,717
BG2,2016-12-01,44.082650719049994,605
BG2,2017-01-01,49.91155106527894,739
BG2,2017-02-01,35.321614804486856,669
BG2,2017-03-01,35.13862102168549,385
BG2,2017-04-01,25.035469578356565,671
BG2,2017-05-01,22.09978485715484,666
BG2,2017-06-01,18.14951976919569,679
BG2,2017-07-01,17.883414767736284,728
BG2,2017-08-01,21.476677002709515,729
BG2,2017-09-01,26.23175524335916,716
BG2,2017-10-01,27.387773854970394,742
BG2,2017-11-01,38.16927629572576,668
BG2,2017-12-01,27.665284671078044,736
BG2,2018-01-01,25.803946233548178,726
BG2,2018-02-01,30.725477166644183,666
BG2,2018-03-01,30.248201419389435,701
BG2,2018-04-01,24.17765706006331,607
BG2,2018-05-01,29.83752242099629,741
BG2,2018-06-01,17.639652194347295,697
BG2,2018-07-01,21.149067799704394,568
BG2,2018-08-01,19.716658659969323,598
BG2,2018-09-01,24.037502789012215,699
BG2,2018-10-01,27.3628310265168,742
BG2,2018-11-01,25.78378346593939,629
BG2,2018-12-01,28.479443349329642,744
BG2,2019-01-01,34.922857059301734,740
BG2,2019-02-01,34.07126584348476,652
BG2,2019-03-01,20.775263860664435,699
BG2,2019-04-01,21.005612896213314,336
BG2,2019-05-01,20.236319575651,364
BG2,2019-06-01,16.03238939874472,690
BG2,2019-07-01,16.137718649871125,720
BG2,2019-08-01,16.636763350704324,709
BG2,2019-09-01,19.38353523620363,718
BG2,2019-10-01,22.675809453990254,743
BG2,2019-11-01,31.951761758175316,695
BG2,2019-12-01,28.468394336098857,744
BG2,2020-01-01,28.22316872946703,743
BG2,2020-02-01,21.164625743737442,695
BG2,2020-03-01,20.531037612336853,718
BG2,2020-04-01,21.094768979975665,719
BG2,2020-05-01,15.40472027461001,740
BG2,2020-06-01,14.854044238349108,717
BG2,2020-07-01,12.980337309475235,739
BG2,2020-08-01,16.597270067729987,717
BG2,2020-09-01,20.161733786703095,719
BG2,2020-10-01,19.627080264206974,742
BG2,2020-11-01,25.848629750838047,720
BG2,2020-12-01,25.31357158755663,744
BG2,2021-01-01,25.997392644600815,690
BG2,2021-02-01,20.055046331634017,392
BG2,2021-03-01,23.654079979303397,735
BG2,2021-04-01,19.530616133281114,696
BG2,2021-05-01,16.2095792699641,743
BG2,2021-06-01,15.64989069373308,718
BG2,2021-07-01,15.465607122271196,661
BG2,2021-08-01,13.804359580172614,743
BG2,2021-09-01,19.464302616084755,717
BG2,2021-10-01,21.453651408045918,716
BG2,2021-11-01,29.396468113530528,718
BG2,2021-12-01,24.516367128289705,744
BG2,2022-01-01,32.61917164718548,743
BG2,2022-02-01,19.58993477069409,670
BG2,2022-03-01,28.410015945094607,741
BG2,2022-04-01,18.60454083034975,720
BG2,2022-05-01,15.907366347136191,743
BG2,2022-06-01,12.40957746961946,718
BG2,2022-07-01,12.601939908966182,744
BG2,2022-08-01,13.793268604310835,743
BG2,2022-09-01,19.80766498349003,720
BG2,2022-10-01,21.65053116505443,739
BG2,2022-11-01,23.634550694242836,714
BG2,2022-12-01,27.47646065405724,743
BG2,2023-01-01,25.68955695882101,744
BG2,2023-02-01,30.93826541757792,670
BG2,2023-03-01,18.77756251268955,744
BG2,2023-04-01,18.609850815343886,720
BG2,2023-05-01,13.70621985040178,740
BG2,2023-06-01,12.315299880738161,718
BG2,2023-07-01,11.641956469618663,743
BG2,2023-08-01,13.467881734010769,743
BG2,2023-09-01,16.966452810356483,720
BG2,2023-10-01,18.954059220191564,743
BG2,2023-11-01,23.79271135803767,450
BG2,2023-12-01,19.480443965087847,743
BG2,2024-01-01,20.85732894538172,670
BG2,2024-02-01,19.90877061058925,695
BG2,2024-03-01,18.443936811088065,632
BG2,2024-04-01,11.59544034491533,637
BG2,2024-05-01,15.34136473555556,479
BG2,2024-06-01,14.673646073606141,719
BG2,2024-07-01,13.9305160956063,607
BG2,2024-08-01,13.504900098449097,58
BG2,2024-09-01,15.128155222177785,686
BG2,2024-10-01,21.88513578868102,659
BG2,2024-11-01,25.89685232480554,712
BG2,2024-12-01,21.025660224015187,694
BL0,2016-01-01,55.85041839978213,720
BL0,2016-02-01,48.542188588789855,660
BL0,2016-03-01,48.57230074319932,716
BL0,2016-04-01,39.64929827219976,713
BL0,2016-05-01,36.798696831247874,713
BL0,2016-06-01,31.852248867667566,717
BL0,2016-07-01,29.039065582707593,739
BL0,2016-08-01,28.84851812173974,741
BL0,2016-09-01,30.197086355069157,688
BL0,2016-10-01,38.03887200415204,743
BL0,2016-11-01,55.83986643946821,704
BL0,2016-12-01,58.94563490750002,741
BL0,2017-01-01,51.37888866125091,741
BL0,2017-02-01,41.21597097656425,642
BL0,2017-03-01,38.90097853471285,741
BL0,2017-04-01,35.94944630800881,718
BL0,2017-05-01,33.05162726377532,741
BL0,2017-06-01,30.422095433914304,720
BL0,2017-07-01,27.796588591877125,743
BL0,2017-08-01,31.895640153038723,670
BL0,2017-09-01,34.291425461721914,718
BL0,2017-10-01,32.40492535120823,743
BL0,2017-11-01,47.78386465781856,718
BL0,2017-12-01,46.61121602663707,742
BL0,2018-01-01,43.531456037034076,737
BL0,2018-02-01,46.00852493700157,645
BL0,2018-03-01,45.02301582476974,743
BL0,2018-04-01,39.12558992541757,720
BL0,2018-05-01,40.76000625895723,743
BL0,2018-06-01,26.810646598780078,719
BL0,2018-07-01,28.974173405476062,740
BL0,2018-08-01,22.40319651537433,704
BL0,2018-09-01,30.928582589987947,716
BL0,2018-10-01,37.80370906879898,743
BL0,2018-11-01,37.05060329317356,720
BL0,2018-12-01,37.90186520109354,722
BL0,2019-01-01,46.50113292401961,704
BL0,2019-02-01,42.16698372321089,671
BL0,2019-03-01,33.202880651377995,743
BL0,2019-04-01,38.72238290551924,720
BL0,2019-05-01,28.372039819530325,742
BL0,2019-06-01,19.106909012345678,720
BL0,2019-07-01,18.320861282192023,593
BL0,2019-08-01,21.503539806296676,743
BL0,2019-09-01,24.925313383151778,720
BL0,2019-10-01,30.28225455330634,741
BL0,2019-11-01,38.79236559680464,720
BL0,2019-12-01,34.68072769633793,743
BL0,2020-01-01,35.75454864749945,712
BL0,2020-02-01,34.49811196927353,696
BL0,2020-03-01,29.17131630292314,743
BL0,2020-04-01,29.188991598690986,717
BL0,2020-05-01,25.621224540750706,743
BL0,2020-06-01,20.95540010282982,719
BL0,2020-07-01,19.35429785090235,670
BL0,2020-08-01,20.161654188398956,623
BL0,2020-09-01,24.503111617875906,357
BL0,2020-11-01,54.09924548777535,108
BL0,2020-12-01,36.39463380758387,721
BL0,2021-01-01,37.50195538000812,708
BL0,2021-02-01,27.148802327510396,660
BL0,2021-03-01,31.448366610010037,742
BL0,2021-04-01,29.923936993827663,719
BL0,2021-05-01,24.08968723027324,742
BL0,2021-06-01,19.24619624811113,718
BL0,2021-07-01,18.084785598369685,712
BL0,2021-08-01,15.769912701795183,742
BL0,2021-09-01,23.97571367094192,717
BL0,2021-10-01,24.355129293240992,671
BL0,2021-11-01,35.82396521601398,718
BL0,2021-12-01,30.913449609836555,741
BL0,2022-01-01,39.8484459563328,740
BL0,2022-02-01,24.037169856091204,665
BL0,2022-03-01,28.54416322295368,554
BL0,2022-04-01,27.47598509882634,465
BL0,2022-05-01,16.73579647488681,371
BL0,2022-06-01,16.044574832559576,718
BL0,2022-07-01,17.40141785613849,740
BL0,2022-08-01,22.24857977037135,443
BL0,2022-09-01,28.524764658765267,718
BL0,2022-10-01,23.3721777539915,743
BL0,2022-11-01,26.08240816611588,712
BL0,2022-12-01,33.299736916375196,740
BL0,2023-01-01,32.86695039066496,736
BL0,2023-02-01,37.35681026639061,644
BL0,2023-03-01,25.90043372006412,742
BL0,2023-04-01,26.895811698654573,718
BL0,2023-05-01,21.24766686643204,741
BL0,2023-06-01,18.221495021662257,719
BL0,2023-07-01,13.230061775202206,741
BL0,2023-08-01,14.32377856576887,455
BQ7,2016-01-01,28.442387031163893,743
BQ7,2016-02-01,26.16289376919153,687
BQ7,2016-03-01,23.185004510643825,694
BQ7,2016-04-01,18.41261438240492,679
BQ7,2016-05-01,25.248232660943493,679
BQ7,2016-06-01,22.799919978719515,704
BQ7,2016-07-01,23.31192415122608,740
BQ7,2016-08-01,22.18413416927979,734
BQ7,2016-09-01,18.337130386000492,716
BQ7,2016-10-01,23.592563548046687,742
BQ7,2016-11-01,28.340769808468178,649
BQ7,2016-12-01,32.537325682794794,259
BQ7,2017-01-01,38.980138473309076,729
BQ7,2017-02-01,23.778748939609702,655
BQ7,2017-03-01,21.193581068628994,732
BQ7,2017-04-01,17.834448661347533,703
BQ7,2017-05-01,20.303498109084785,708
BQ7,2017-06-01,14.314438343237002,680
BQ7,2017-07-01,11.488693150303924,717
BQ7,2017-08-01,13.564966719416978,686
BQ7,2017-09-01,16.91589077470724,697
BQ7,2017-10-01,18.428103808704115,729
BQ7,2017-11-01,29.217449883821658,714
BQ7,2017-12-01,28.540679351852976,743
BQ7,2018-01-01,23.169939483061327,741
BQ7,2018-02-01,25.487283730542558,646
BQ7,2018-03-01,26.12551822426188,743
BQ7,2018-04-01,20.98152373237332,720
BQ7,2018-05-01,21.364722525972734,742
BQ7,2018-06-01,14.660498376054509,718
BQ7,2018-07-01,16.619189235242565,726
BQ7,2018-08-01,16.378545902276727,736
BQ7,2018-09-01,18.43723498364687,716
BQ7,2018-10-01,22.84906098418231,740
BQ7,2018-11-01,24.1746884842986,719
BQ7,2018-12-01,24.735124405333757,742
BQ7,2019-01-01,30.386296692604812,736
BQ7,2019-02-01,28.08040834686249,646
BQ7,2019-03-01,20.42088854442812,741
BQ7,2019-04-01,27.25814776695277,718
BQ7,2019-05-01,16.18375055257286,743
BQ7,2019-06-01,13.283523631530764,720
BQ7,2019-07-01,13.278851170915738,738
BQ7,2019-08-01,14.767785054991757,744
BQ7,2019-09-01,16.867835999185978,625
BQ7,2019-10-01,19.63734974541517,735
BQ7,2019-11-01,26.264968258756934,715
BQ7,2019-12-01,24.656626265800174,744
BQ7,2020-01-01,24.131081735896668,741
BQ7,2020-02-01,15.983272908675012,694
BQ7,2020-03-01,17.035037815577436,738
BQ7,2020-04-01,19.422718462614334,719
BQ7,2020-05-01,12.621530716386003,744
BQ7,2020-06-01,12.91112974316438,720
BQ7,2020-07-01,10.053654855932614,740
BQ7,2020-08-01,14.101590176806969,743
BQ7,2020-09-01,18.187466384459164,714
BQ7,2020-10-01,15.951824493360379,743
BQ7,2020-11-01,23.86554937222788,719
BQ7,2020-12-01,21.654649474042245,735
BQ7,2021-01-01,22.681646242505444,743
BQ7,2021-02-01,18.00828105739055,669
BQ7,2021-03-01,22.124653038303393,744
BQ7,2021-04-01,18.35534181803925,713
BQ7,2021-05-01,11.731150263936676,736
BQ7,2021-06-01,12.619783154717512,717
BQ7,2021-07-01,12.775160086446512,742
BQ7,2021-08-01,9.093022133027551,737
BQ7,2021-09-01,17.95851335014598,716
BQ7,2021-10-01,16.444525228747263,743
BQ7,2021-11-01,22.861333397627604,717
BQ7,2021-12-01,20.433888206469167,744
BQ7,2022-01-01,29.807550918354753,743
BQ7,2022-02-01,11.98779210232181,668
BQ7,2022-03-01,23.16144111233862,741
BQ7,2022-04-01,14.62850572446359,718
BQ7,2022-05-01,12.393002918838059,743
BQ7,2022-06-01,10.72369124123313,716
BQ7,2022-07-01,10.40427607014553,731
BQ7,2022-08-01,11.460036472425976,680
BQ7,2022-09-01,13.94824555809063,639
BQ7,2022-10-01,12.836260779177866,551
BQ7,2022-11-01,14.578676542567989,720
BQ7,2022-12-01,30.5953722509117,452
BQ7,2023-01-01,22.405443941579303,601
BQ7,2023-02-01,22.996086966702094,669
BQ7,2023-03-01,11.695769564225609,738
BQ7,2023-04-01,15.65386703705073,720
BQ7,2023-05-01,12.071312502477296,744
BQ7,2023-06-01,11.39638578262262,718
BQ7,2023-07-01,7.612076350044139,741
BQ7,2023-08-01,8.516610896036802,742
BQ7,2023-09-01,13.830707811805922,715
BQ7,2023-10-01,14.10414737935053,722
BQ7,2023-11-01,15.282674985561341,491
BQ7,2023-12-01,14.064923249904218,728
BQ7,2024-01-01,17.374130275738537,743
BQ7,2024-02-01,13.488598511562659,695
BQ7,2024-03-01,14.140642135455424,744
BQ7,2024-04-01,7.388779612420973,706
BQ7,2024-05-01,11.77815809775219,710
BQ7,2024-06-01,9.423112692258517,715
BQ7,2024-07-01,10.310490142508481,744
BQ7,2024-08-01,14.489324960424298,53
BQ7,2024-09-01,13.225402674457856,628
BQ7,2024-10-01,16.305303526430475,732
BQ7,2024-11-01,21.10940431643706,712
BQ7,2024-12-01,11.945740857018055,676
BT4,2016-01-01,61.884653541586594,451
BT4,2016-02-01,80.05574988900688,470
BT4,2016-03-01,74.48327444302717,697
BT4,2016-04-01,72.13048632223868,715
BT4,2016-05-01,71.17101843448432,739
BT4,2016-06-01,65.91904250821192,655
BT4,2016-07-01,59.826607321080964,744
BT4,2016-08-01,65.72880174421522,723
BT4,2016-09-01,79.30613755919802,718
BT4,2016-10-01,88.89258182725663,743
BT4,2016-11-01,88.54775244928113,702
BT4,2016-12-01,98.27485902483149,687
BT4,2017-01-01,100.12277859798012,632
BT4,2017-02-01,81.15346610503511,341
BT4,2017-03-01,68.41098141777566,673
BT4,2017-04-01,65.9325064064525,718
BT4,2017-05-01,74.51822144576329,743
BT4,2017-06-01,67.05363786524279,717
BT4,2017-07-01,62.26706313661481,741
BT4,2017-08-01,66.08220658486559,717
BT4,2017-09-01,67.58056661024966,717
BT4,2017-10-01,69.2716206972173,742
BT4,2017-11-01,81.17904670976827,718
BT4,2017-12-01,72.59591258636866,134
BT4,2018-02-01,78.8311982790593,562
BT4,2018-03-01,78.48251368997924,742
BT4,2018-04-01,73.44154284596819,720
BT4,2018-05-01,78.38168665365814,743
BT4,2018-06-01,66.36776031980432,718
BT4,2018-07-01,72.0228132539738,696
BT4,2018-08-01,60.483602760766004,744
BT4,2018-09-01,65.9079964964568,720
BT4,2018-10-01,68.00950330575722,743
BT4,2018-11-01,69.67986526487837,718
BT4,2018-12-01,72.0007084752518,742
BT4,2019-01-01,71.5749615350367,737
BT4,2019-02-01,83.74870826256999,643
BT4,2019-03-01,60.87296777022238,743
BT4,2019-04-01,71.10190428683612,640
BT4,2019-05-01,61.221066675723414,741
BT4,2019-06-01,58.25266246784476,714
BT4,2019-07-01,54.29447932674552,716
BT4,2019-08-01,58.059437856830584,741
BT4,2019-09-01,54.9935862746814,719
BT4,2019-10-01,61.34552780316687,742
BT4,2019-11-01,64.37545408836016,719
BT4,2019-12-01,60.817687085529286,739
BT4,2020-01-01,62.327065498337255,739
BT4,2020-02-01,52.56164869137891,667
BT4,2020-03-01,57.03961071858551,250
BT4,2020-04-01,45.42986732969404,677
BT4,2020-05-01,42.864820571209464,744
BT4,2020-06-01,44.43528075539857,716
BT4,2020-07-01,34.41892412769498,744
BT4,2020-08-01,45.55315582812762,659
BT4,2020-09-01,48.79883956705641,719
BT4,2020-10-01,51.35944748386994,610
BT4,2020-11-01,53.84338857333913,717
BT4,2020-12-01,50.4461854248927,743
BT4,2021-01-01,44.894685604367076,734
BT4,2021-02-01,48.558079936562635,671
BT4,2021-03-01,48.27274774148711,742
BT4,2021-04-01,53.572676260729935,720
BT4,2021-05-01,42.45891266085512,742
BT4,2021-06-01,41.90326356588968,717
BT4,2021-07-01,42.977933158521786,734
BT4,2021-08-01,39.654984968443905,743
BT4,2021-09-01,55.41651237470075,719
BT4,2021-10-01,48.15276895614306,641
BT4,2021-11-01,48.316915416527955,717
BT4,2021-12-01,42.09910394321357,744
BT4,2022-01-01,53.86805399598512,742
BT4,2022-02-01,36.07220969709265,667
BT4,2022-03-01,51.64937938849789,740
BT4,2022-04-01,43.01058081051523,718
BT4,2022-05-01,36.53846577873066,741
BT4,2022-06-01,37.943642764893326,718
BT4,2022-07-01,35.42715359942458,731
BT4,2022-08-01,42.56566738454735,738
BT4,2022-09-01,42.9354724072758,718
BT4,2022-10-01,47.65749419627436,742
BT4,2022-11-01,42.65029042141162,718
BT4,2022-12-01,46.248592898322435,743
BT4,2023-01-01,42.91951153919281,740
BT4,2023-02-01,46.07516860166736,614
BT4,2023-03-01,37.99991486163229,723
BT4,2023-04-01,45.31066628761225,711
BT4,2023-05-01,39.777965802998054,675
BT4,2023-06-01,42.24771808403361,716
BT4,2023-07-01,26.46254301464294,730
BT4,2023-08-01,31.204354167579886,711
BT4,2023-09-01,50.0264925661015,599
BT4,2023-11-01,35.77894043204067,310
BT4,2023-12-01,31.061943797885288,730
BT4,2024-01-01,35.87229806682712,715
BT4,2024-02-01,35.67347822663581,686
BT4,2024-03-01,35.94461653260993,728
BT4,2024-04-01,26.42001373684947,711
BT4,2024-05-01,32.84847402513432,714
BT4,2024-06-01,25.622243297774173,671
BT4,2024-07-01,26.29017680554947,729
BT4,2024-08-01,24.07319227239645,734
BT4,2024-09-01,27.79492124570312,703
BT4,2024-10-01,33.86010276372498,740
BT4,2024-11-01,37.30688993788262,692
BT4,2024-12-01,28.166933835073877,736
BT5,2016-05-01,20.399532528866892,131
BT5,2016-06-01,39.23929228178795,718
BT5,2016-07-01,41.104058344218366,731
BT5,2016-08-01,39.242101564748566,564
BT5,2016-09-01,40.628121267236,663
BT5,2016-10-01,38.99165918244374,737
BT5,2016-11-01,57.2908251779479,714
BT5,2016-12-01,59.08646800352704,632
BT5,2017-01-01,73.48705785224956,738
BT5,2017-02-01,49.954044758463176,665
BT5,2017-03-01,52.49592497771879,741
BT5,2017-04-01,47.41453979795435,715
BT5,2017-05-01,38.046534027746006,739
BT5,2017-06-01,29.73100349326499,703
BT5,2017-07-01,26.563782791356342,689
BT5,2017-08-01,37.90708323022782,734
BT5,2017-09-01,39.66005102981513,678
BT5,2017-10-01,42.0175919054816,741
BT5,2017-11-01,54.751416581747065,713
BT5,2017-12-01,48.591668041015645,664
BT5,2018-01-01,42.76023002994992,737
BT5,2018-02-01,45.02347298323011,669
BT5,2018-03-01,41.95184012198951,735
BT5,2018-04-01,37.53849389613598,719
BT5,2018-05-01,39.7528487553372,744
BT5,2018-06-01,28.923991250056208,668
BT5,2018-07-01,33.81815538012999,654
BT5,2018-08-01,36.82423310664386,743
BT5,2018-09-01,36.56026678772941,718
BT5,2018-10-01,39.75688460619787,741
BT5,2018-11-01,37.87056334041142,718
BT5,2018-12-01,42.74343369742172,743
BT5,2019-01-01,40.738064560969214,739
BT5,2019-02-01,57.37058856724494,665
BT5,2019-03-01,40.66418171731053,737
BT5,2019-04-01,35.43447941473295,717
BT5,2019-05-01,35.309813977053686,743
BT5,2019-06-01,29.176235716326264,692
BT5,2019-07-01,26.225389032376327,738
BT5,2019-08-01,34.76219317158214,743
BT5,2019-09-01,34.242084500172524,720
BT5,2019-10-01,37.08068778685614,724
BT5,2019-11-01,42.429486671508315,720
BT5,2019-12-01,39.70623709994668,741
BT5,2020-01-01,40.07179387407034,740
BT5,2020-02-01,32.19271835806713,695
BT5,2020-03-01,29.799330492246227,742
BT5,2020-04-01,24.481834516678255,720
BT5,2020-05-01,20.41712290360992,741
BT5,2020-06-01,21.76836683755632,714
BT5,2020-07-01,22.32093771713706,744
BT5,2020-08-01,23.363287351282906,743
BT5,2020-09-01,29.333190436521487,719
BT5,2020-10-01,27.997018916419606,742
BT5,2020-11-01,36.655814008451884,712
BT5,2020-12-01,33.851294594956656,743
BT5,2021-01-01,34.49374928753878,743
BT5,2021-02-01,31.488375688868608,667
BT5,2021-03-01,33.72030075375722,743
BT5,2021-04-01,29.197368123890364,720
BT5,2021-05-01,26.90211509249626,743
BT5,2021-06-01,22.495341635110105,719
BT5,2021-07-01,25.09494797223573,708
BT5,2021-08-01,21.371126098531395,709
BT5,2021-09-01,30.75454013673138,718
BT5,2021-10-01,30.845276289899576,742
BT5,2021-11-01,38.705650844158455,710
BT5,2021-12-01,33.77456855223476,744
BT5,2022-01-01,44.045270739915225,742
BT5,2022-02-01,29.522028254345738,666
BT5,2022-03-01,31.69664030434506,740
BT5,2022-04-01,25.257490961972636,718
BT5,2022-05-01,23.87473608756021,740
BT5,2022-06-01,21.186871403469507,718
BT5,2022-07-01,20.66584316944229,743
BT5,2022-08-01,20.975214182903738,739
BT5,2022-09-01,27.19483919606026,720
BT5,2022-10-01,28.361238932275565,742
BT5,2022-11-01,29.612073798744788,716
BT5,2022-12-01,33.409611322584055,742
BT5,2023-01-01,32.97289758782924,740
BT5,2023-02-01,32.571744641341525,668
BT5,2023-03-01,23.79348109574619,734
BT5,2023-04-01,23.836482399047586,718
BT5,2023-05-01,17.62707880138381,743
BT5,2023-06-01,18.923397544936467,718
BT5,2023-07-01,18.162302129630255,735
BT5,2023-08-01,21.590336645431048,742
BT5,2023-09-01,26.421260887190197,719
BT5,2023-10-01,28.869737962571154,743
BT5,2023-11-01,30.774530994956976,720
BT5,2023-12-01,23.54144890548689,743
BT5,2024-01-01,27.723734921190324,736
BT5,2024-02-01,26.724545035610742,696
BT5,2024-03-01,24.83508748676434,742
BT5,2024-04-01,18.951550979417544,713
BT5,2024-05-01,20.681710395969628,743
BT5,2024-06-01,19.24350315221836,720
BT5,2024-07-01,19.483209480318337,734
BT5,2024-08-01,17.82008373328091,742
BT5,2024-09-01,19.618487292075514,716
BT5,2024-10-01,27.775504950178508,743
BT5,2024-11-01,30.637513714887,715
BT5,2024-12-01,20.732130681244715,740
BT6,2016-05-01,26.40443048650433,154
BT6,2016-06-01,37.28173990634693,720
BT6,2016-07-01,33.45534597504213,744
BT6,2016-08-01,33.34564312085175,744
BT6,2016-09-01,40.736790317944326,718
BT6,2016-10-01,47.04675872862073,743
BT6,2016-11-01,56.28717759965904,718
BT6,2016-12-01,67.21612879348092,744
BT6,2017-01-01,73.51128921941948,743
BT6,2017-02-01,46.368660372639255,672
BT6,2017-03-01,44.80551375813276,740
BT6,2017-04-01,41.067689466721305,720
BT6,2017-05-01,34.48118923131748,744
BT6,2017-06-01,34.81115831530331,719
BT6,2017-07-01,31.679091196790445,744
BT6,2017-08-01,36.399160121878595,741
BT6,2017-09-01,41.071886026153955,715
BT6,2017-10-01,42.2846837709408,743
BT6,2017-11-01,56.09690423360637,720
BT6,2017-12-01,51.18798394650381,743
BT6,2018-01-01,45.0881019800167,743
BT6,2018-02-01,43.34469681027804,669
BT6,2018-03-01,45.59664970564124,740
BT6,2018-04-01,37.51698839614944,720
BT6,2018-05-01,36.00424954251789,744
BT6,2018-06-01,24.31638239883974,717
BT6,2018-07-01,32.94500791762254,741
BT6,2018-08-01,32.69085426143719,742
BT6,2018-09-01,38.41698646433564,720
BT6,2018-10-01,42.01878822151622,744
BT6,2018-11-01,42.78776399299813,720
BT6,2018-12-01,46.531141139860466,743
BT6,2019-01-01,51.85464511622597,743
BT6,2019-02-01,53.89939982553872,669
BT6,2019-03-01,37.797691179236395,744
BT6,2019-04-01,32.13606621445863,720
BT6,2019-05-01,29.964436609998153,743
BT6,2019-06-01,26.52467929714903,717
BT6,2019-07-01,26.075742519123118,536
BT6,2019-08-01,30.614583079360084,743
BT6,2019-09-01,31.30744551397419,719
BT6,2019-10-01,36.074391886600814,743
BT6,2019-11-01,45.091598710202994,719
BT6,2019-12-01,41.34007261109828,744
BT6,2020-01-01,39.527258370798265,740
BT6,2020-02-01,30.845632716232608,692
BT6,2020-03-01,27.12146290001485,743
BT6,2020-04-01,23.123621415729616,720
BT6,2020-05-01,18.50108377815114,715
BT6,2020-06-01,21.35463259465848,720
BT6,2020-07-01,21.791420550304853,740
BT6,2020-08-01,23.103150259381763,742
BT6,2020-09-01,28.773264176714665,719
BT6,2020-10-01,30.600736732677465,743
BT6,2020-11-01,39.68539621436167,719
BT6,2020-12-01,39.65366459458851,743
BT6,2021-01-01,35.485167509514284,744
BT6,2021-02-01,31.57641241824125,668
BT6,2021-03-01,32.22314270876087,739
BT6,2021-04-01,27.523020962500762,720
BT6,2021-05-01,25.029288481193195,744
BT6,2021-06-01,19.35567332247684,718
BT6,2021-07-01,20.912475152425657,741
BT6,2021-08-01,19.513563913053048,727
BT6,2021-09-01,29.227107860081656,715
BT6,2021-10-01,32.679952104263386,743
BT6,2021-11-01,38.61433510140137,719
BT6,2021-12-01,31.408044355018216,744
BT6,2022-01-01,45.454570683189495,743
BT6,2022-02-01,28.093986473709194,667
BT6,2022-03-01,34.43874550244593,743
BT6,2022-04-01,23.007432680696066,701
BT6,2022-05-01,23.9547766397025,743
BT6,2022-06-01,18.68951461535623,718
BT6,2022-07-01,19.286207987280708,743
BT6,2022-08-01,17.923528364891762,742
BT6,2022-09-01,26.440232996806397,716
BT6,2022-10-01,30.19118074850624,741
BT6,2022-11-01,30.207539341663683,719
BT6,2022-12-01,34.31032261024659,744
BT6,2023-01-01,33.92204216010477,743
BT6,2023-02-01,34.84420257279363,669
BT6,2023-03-01,23.90912433795717,741
BT6,2023-04-01,22.95178209146545,719
BT6,2023-05-01,15.536113911730753,742
BT6,2023-06-01,15.30528563460245,719
BT6,2023-07-01,17.048011249688344,744
BT6,2023-08-01,19.508735919846732,740
BT6,2023-09-01,27.80135100393845,718
BT6,2023-10-01,30.793075059173272,738
BT6,2023-11-01,32.08073511578873,717
BT6,2023-12-01,22.975994758505138,735
BT6,2024-01-01,26.904891141750653,710
BT6,2024-02-01,24.305263504490313,666
BT6,2024-03-01,24.096260679240142,728
BT6,2024-04-01,17.025706786839695,668
BT6,2024-05-01,20.80523359809778,741
BT6,2024-06-01,18.35382908401371,718
BT6,2024-07-01,18.01762727745948,741
BT6,2024-08-01,16.504047413907752,743
BT6,2024-09-01,18.943138134470214,717
BT6,2024-10-01,26.42884691544905,744
BT6,2024-11-01,30.70169422073075,720
BT6,2024-12-01,19.669551237058467,743
BT8,2017-10-01,52.25418647305137,27
BT8,2017-11-01,56.98671372413495,492
BT8,2017-12-01,51.720610182336785,744
BT8,2018-01-01,48.73785491840411,744
BT8,2018-02-01,48.983523941007675,658
BT8,2018-03-01,46.907029670210854,744
BT8,2018-04-01,42.06792248082591,720
BT8,2018-05-01,44.33151451848584,527
BT8,2018-06-01,34.909255372988625,719
BT8,2018-07-01,39.228983927960286,742
BT8,2018-08-01,37.72186701047317,718
BT8,2018-09-01,53.27416147761259,672
BT8,2018-10-01,55.9180847297676,744
BT8,2018-11-01,53.89053596718714,720
BT8,2018-12-01,50.69498208182328,744
BT8,2019-01-01,56.92451274525386,743
BT8,2019-02-01,54.94526993120996,670
BT8,2019-03-01,44.53871769464078,739
BT8,2019-04-01,34.05514948624767,695
BT8,2019-05-01,39.713976817831174,742
BT8,2019-06-01,33.482574796120524,717
BT8,2019-07-01,33.06872144942571,734
BT8,2019-08-01,32.114715221532556,742
BT8,2019-09-01,31.85661357128311,716
BT8,2019-10-01,39.886141279509935,741
BT8,2019-11-01,48.55290731834291,718
BT8,2019-12-01,40.592397408369976,743
BT8,2020-01-01,41.91705419926253,737
BT8,2020-02-01,28.933403294591667,691
BT8,2020-03-01,27.98298880302732,741
BT8,2020-04-01,29.544960741056418,719
BT8,2020-05-01,21.574763680805287,741
BT8,2020-06-01,22.3173515416927,715
BT8,2020-07-01,21.588422666170253,740
BT8,2020-08-01,25.87538492362527,742
BT8,2020-09-01,29.84260783776734,719
BT8,2020-10-01,29.463266362811133,742
BT8,2020-11-01,34.824813895644255,716
BT8,2020-12-01,37.15298840126762,743
BT8,2021-01-01,36.05683790022728,741
BT8,2021-02-01,30.272086441727392,665
BT8,2021-03-01,37.62336255293047,742
BT8,2021-04-01,33.29442621364721,718
BT8,2021-05-01,27.332919577066047,742
BT8,2021-06-01,22.016499585154857,718
BT8,2021-07-01,28.13647756216456,742
BT8,2021-08-01,24.923634945709995,742
BT8,2021-09-01,31.804600574019364,712
BT8,2021-10-01,32.42528194955169,742
BT8,2021-11-01,40.39048984023614,718
BT8,2021-12-01,32.864793483999904,742
BT8,2022-01-01,46.749538826062846,743
BT8,2022-02-01,29.613468089618944,670
BT8,2022-03-01,34.3273617665727,735
BT8,2022-04-01,24.360735694978562,718
BT8,2022-05-01,21.95095861768371,742
BT8,2022-06-01,21.513700072060544,718
BT8,2022-07-01,22.16988317352154,742
BT8,2022-08-01,20.72559467967185,741
BT8,2022-09-01,27.36712503039702,719
BT8,2022-10-01,30.46045516459244,742
BT8,2022-11-01,29.26346232716402,720
BT8,2022-12-01,33.658758275820404,741
BT8,2023-01-01,33.45751891433494,741
BT8,2023-02-01,35.09457321929329,669
BT8,2023-03-01,26.24431085631521,655
BT8,2023-04-01,19.577580648451473,587
BT8,2023-05-01,14.693619984564947,741
BT8,2023-06-01,14.925562526659078,718
BT8,2023-07-01,16.110232920942327,742
BT8,2023-08-01,17.676305751721518,692
BT8,2023-09-01,22.78622652755047,717
BT8,2023-10-01,25.721488332519804,738
BT8,2023-11-01,30.718784333988356,718
BT8,2023-12-01,23.406322429609624,743
BT8,2024-01-01,27.893279667573786,741
BT8,2024-02-01,23.89302850236412,695
BT8,2024-03-01,24.461544297269352,741
BT8,2024-04-01,16.11711631855067,716
BT8,2024-05-01,23.488649956426176,739
BT8,2024-06-01,20.329588274647346,719
BT8,2024-07-01,19.84710479986039,739
BT8,2024-08-01,17.770056489733847,744
BT8,2024-09-01,24.08230705884289,715
BT8,2024-10-01,27.062753391143136,744
BT8,2024-11-01,33.34470678750472,714
BT8,2024-12-01,20.442865761686352,740
BW1,2016-01-01,32.48980817770666,742
BW1,2016-02-01,29.943308379890183,693
BW1,2016-03-01,22.328050383342575,725
BW1,2016-04-01,24.10710459454186,569
BW1,2016-05-01,18.37624199943319,743
BW1,2016-06-01,17.882323845628896,711
BW1,2016-07-01,17.911369604991606,743
BW1,2016-08-01,15.909461710721303,743
BW1,2016-09-01,22.12276921380299,718
BW1,2016-10-01,23.25290725287665,740
BW1,2016-11-01,31.921203623492357,719
BW1,2016-12-01,36.22855008549919,743
BW1,2017-01-01,41.41119933306801,741
BW1,2017-02-01,26.685357148857104,671
BW1,2017-03-01,25.0906168628288,737
BW1,2017-04-01,16.490835593225352,718
BW1,2017-05-01,17.446763911758165,743
BW1,2017-06-01,16.714728054172497,711
BW1,2017-07-01,17.452421063534054,743
BW1,2017-08-01,18.531699301450594,743
BW1,2017-09-01,19.76742159471602,716
BW1,2017-10-01,20.07210091056571,709
BX1,2016-01-01,32.068405714538066,740
BX1,2016-02-01,30.20698684234387,692
BX1,2016-03-01,28.838355144221886,743
BX1,2016-04-01,26.225570993299968,717
BX1,2016-05-01,25.100278701701463,741
BX1,2016-06-01,21.093410406248292,718
BX1,2016-07-01,17.12637388509382,744
BX1,2016-08-01,18.443107966002454,739
BX1,2016-09-01,20.223275871672243,656
BX1,2016-10-01,22.653730567553296,718
BX1,2016-11-01,25.69162345572673,672
BX1,2016-12-01,27.219445356499637,720
BX1,2017-01-01,31.653654102617022,741
BX1,2017-02-01,23.795195154857954,401
BX1,2017-03-01,28.010620712775804,713
BX1,2017-04-01,26.019424749066943,718
BX1,2017-05-01,21.82902237307896,740
BX1,2017-06-01,18.146437128704385,717
BX1,2017-07-01,14.80725895282234,715
BX1,2017-08-01,18.420260270427175,698
BX1,2017-09-01,21.79293417102852,717
BX1,2017-10-01,22.393318969308314,743
BX1,2017-11-01,35.077922483048575,684
BX1,2017-12-01,31.720953294381548,743
BX1,2018-01-01,25.680764102459275,729
BX1,2018-02-01,27.327834654768893,668
BX1,2018-03-01,26.519338702230687,741
BX1,2018-04-01,22.696085968222715,717
BX1,2018-05-01,23.517550588094352,742
BX1,2018-06-01,13.366779688604874,718
BX1,2018-07-01,17.59354689211258,738
BX1,2018-08-01,16.505089146840955,720
BX1,2018-09-01,22.23331536132364,715
BX1,2018-10-01,25.810201178584638,742
BX1,2018-11-01,27.280311921932746,718
BX1,2018-12-01,26.415686962974785,737
BX1,2019-01-01,33.398083312498855,714
BX1,2019-02-01,34.61017231364768,672
BX1,2019-03-01,23.09563664136622,744
BX1,2019-04-01,28.199379566973008,719
BX1,2019-05-01,18.964141029108276,743
BX1,2019-06-01,13.02013259800713,713
BX1,2019-07-01,14.119757469548825,742
BX1,2019-08-01,15.40943943110829,742
BX1,2019-09-01,16.52883061358913,695
BX1,2019-10-01,20.503394430526924,742
BX1,2019-11-01,28.44221044807552,720
BX1,2019-12-01,24.15412424762208,738
BX1,2020-01-01,25.416332564599838,641
BX1,2020-02-01,16.552248589362183,696
BX1,2020-03-01,19.565098748873186,741
BX1,2020-04-01,24.056956260165258,719
BX1,2020-05-01,14.408922173066264,743
BX1,2020-06-01,14.951779371712707,719
BX1,2020-07-01,11.037310717462347,736
BX1,2020-08-01,15.657905346035767,743
BX1,2020-09-01,18.032869983820103,715
BX1,2020-10-01,16.02440623452518,578
BX1,2020-11-01,25.793362665214232,720
BX1,2020-12-01,24.41653822610209,721
BX1,2021-01-01,23.455986981861777,676
BX1,2021-02-01,20.088102648746915,604
BX1,2021-03-01,22.84972980688124,742
BX1,2021-04-01,21.036054978683175,719
BX1,2021-05-01,14.14726962598876,742
BX1,2021-06-01,14.45795175715323,720
BX1,2021-07-01,13.717108254397834,739
BX1,2021-08-01,11.062274442538593,583
BX1,2021-09-01,20.59986402266289,706
BX1,2021-10-01,19.94122371967655,742
BX1,2021-11-01,24.32570503597122,695
BX1,2021-12-01,21.110294436906376,737
BX1,2022-01-01,31.6742057839693,608
BX1,2022-02-01,13.590741068963508,644
BX1,2022-03-01,28.1321477436141,742
BX1,2022-04-01,15.889010058021945,586
BX1,2022-05-01,9.755224507018896,732
BX1,2022-06-01,10.243269629267719,716
BX1,2022-07-01,11.752820000357687,718
BX1,2022-08-01,13.290801055581449,742
BX1,2022-09-01,16.749368782715454,720
BX1,2022-10-01,17.310317288744365,743
BX1,2022-11-01,17.24593915820584,719
BX1,2022-12-01,27.327305912940375,738
BX1,2023-01-01,24.409728579059824,741
BX1,2023-02-01,26.64126135087339,672
BX1,2023-03-01,14.522249527436806,723
BX1,2023-04-01,16.142507208067844,718
BX1,2023-05-01,12.40715544872685,720
BX1,2023-06-01,12.015149753675942,719
BX1,2023-07-01,8.41719226969997,740
BX1,2023-08-01,10.784526032371083,740
BX1,2023-09-01,17.35635187378761,685
BX1,2023-10-01,16.645867732021145,739
BX1,2023-11-01,18.93101160422506,685
BX1,2023-12-01,11.080160741766615,442
BX1,2024-01-01,18.823988304195804,715
BX1,2024-02-01,12.586067367215444,655
BX1,2024-03-01,16.00335884510599,742
BX1,2024-04-01,8.206754211386096,708
BX1,2024-05-01,12.706451205453012,736
BX1,2024-06-01,10.599994506311361,713
BX1,2024-07-01,10.336589188267553,583
BX1,2024-08-01,9.332098110789994,379
BX1,2024-09-01,13.980306915247601,715
BX1,2024-10-01,18.478940407920206,739
BX1,2024-11-01,24.691950203955543,496
BX1,2024-12-01,15.341811149776952,739
BX2,2016-01-01,30.609440399650026,741
BX2,2016-02-01,30.394747001685637,681
BX2,2016-03-01,32.11025293700924,741
BX2,2016-04-01,28.569411394311068,717
BX2,2016-05-01,21.87499059903701,336
BX2,2016-06-01,20.542602942928976,714
BX2,2016-07-01,16.444692180158334,721
BX2,2016-08-01,17.895243828129797,737
BX2,2016-09-01,21.487284318286793,715
BX2,2016-10-01,31.14591907628034,742
BX2,2016-11-01,41.322062813102754,719
BX2,2016-12-01,50.05963200142282,743
BX2,2017-01-01,53.97758292030354,739
BX2,2017-02-01,36.7474119773046,671
BX2,2017-03-01,31.798316256091397,683
BX2,2017-04-01,23.286874855226312,603
BX2,2017-05-01,25.823071421201615,743
BX2,2017-06-01,20.49839922553415,718
BX2,2017-07-01,14.412391902478127,739
BX2,2017-08-01,20.94489778854315,718
BX2,2017-09-01,23.78896195124214,717
BX2,2017-10-01,25.1949435871023,742
BX2,2017-11-01,32.95927568017398,715
BX2,2017-12-01,28.800883106786635,741
BX2,2018-01-01,23.074756605845053,738
BX2,2018-02-01,29.16062020319112,664
BX2,2018-03-01,31.678020130802558,743
BX2,2018-04-01,27.124077853332274,715
BX2,2018-05-01,26.87538531042373,741
BX2,2018-06-01,14.481851914230639,686
BX2,2018-07-01,21.753444707883688,689
BX2,2018-08-01,20.180864070626445,461
BX2,2018-09-01,33.83506590871127,550
BX2,2018-10-01,36.77348614679586,730
BX2,2018-11-01,37.35426003641602,712
BX2,2018-12-01,32.65764895705916,738
BX2,2019-01-01,32.77298767465896,737
BX2,2019-02-01,24.06463131651471,565
BX2,2019-03-01,21.847188236364055,742
BX2,2019-04-01,28.203303263930838,719
BX2,2019-05-01,19.05788619701831,744
BX2,2019-06-01,15.30592499815176,717
BX2,2019-07-01,14.097691552336576,386
BX2,2019-08-01,17.973728325324636,465
BX2,2019-09-01,16.633492677387625,690
BX2,2019-10-01,24.405549858163106,589
BX2,2019-11-01,32.292441876956524,595
BX2,2019-12-01,27.716772594861723,658
BX2,2020-01-01,25.382870935888448,743
BX2,2020-02-01,16.451289722623404,684
BX2,2020-03-01,17.211180826645492,736
BX2,2020-04-01,22.391182363449296,718
BX2,2020-05-01,14.491767583213536,743
BX2,2020-06-01,14.317309420110616,714
BX2,2020-07-01,12.280559228982654,519
BX2,2020-08-01,11.088273970439735,508
BX2,2020-09-01,17.23035681204749,715
BX2,2020-10-01,16.221332900835584,734
BX2,2020-11-01,25.58251588472274,708
BX2,2020-12-01,24.455255856326986,744
BX2,2021-01-01,22.964788355098413,741
BX2,2021-02-01,19.858379357468518,670
BX2,2021-03-01,22.838458599367065,708
BX2,2021-04-01,17.308811461914893,693
BX2,2021-05-01,11.126437684362918,664
BX2,2021-06-01,11.429118444735128,718
BX2,2021-07-01,11.590974219157573,718
BX2,2021-08-01,8.556278930799776,729
BX2,2021-09-01,18.051713108295683,718
BX2,2021-10-01,16.536220375079537,729
BX2,2021-11-01,19.312649629672038,662
BX2,2021-12-01,16.302245666642804,638
BX2,2022-01-01,27.048600332425018,651
BX2,2022-02-01,12.26805640748841,655
BX2,2022-03-01,26.317959547136855,736
BX2,2022-04-01,16.697270486220045,714
BX2,2022-05-01,10.877393750478113,739
BX2,2022-06-01,10.244718738672361,698
BX2,2022-07-01,11.179980394134676,723
BX2,2022-08-01,11.784592744566023,738
BX2,2022-09-01,15.169185457807645,713
BX2,2022-10-01,16.011597894746142,720
BX2,2022-11-01,15.835909398213607,664
BX2,2022-12-01,25.054940115839987,693
BX2,2023-01-01,21.593307236585325,685
BX2,2023-02-01,23.50516660752311,610
BX2,2023-03-01,12.604835474546464,728
BX2,2023-04-01,15.183485232411224,720
BX2,2023-05-01,12.646658307988387,741
BX2,2023-06-01,13.482002211641129,720
BX2,2023-07-01,7.307070951360994,680
BX2,2023-08-01,10.746129445256896,742
BX2,2023-09-01,17.285267841458115,715
BX2,2023-10-01,17.56208587160903,741
BX2,2023-11-01,21.428250172669607,718
BX2,2023-12-01,16.02546558708394,744
BX2,2024-01-01,20.11650629018997,674
BX2,2024-02-01,14.988942004462107,562
BX2,2024-03-01,16.72569295845995,728
BX2,2024-04-01,9.486485492205622,688
BX2,2024-05-01,14.348872695720337,709
BX2,2024-06-01,10.198650024409249,690
BX2,2024-07-01,10.510231085606312,711
BX2,2024-08-01,10.174892911705745,712
BX2,2024-09-01,14.869811567007018,686
BX2,2024-10-01,19.392484144018972,712
BX2,2024-11-01,23.883620083956412,690
BX2,2024-12-01,14.199206185132384,712
BY7,2019-12-01,31.157370814306788,212
BY7,2020-01-01,33.062831071006244,741
BY7,2020-02-01,21.55765029635372,666
BY7,2020-03-01,21.684763452695012,739
BY7,2020-04-01,20.444654823309115,708
BY7,2020-05-01,14.481094165303837,742
BY7,2020-06-01,15.440124521441028,718
BY7,2020-07-01,15.505251282820614,741
BY7,2020-08-01,15.439556237784677,568
BY7,2020-09-01,20.17144385429932,633
BY7,2020-10-01,22.90130019836008,743
BY7,2020-11-01,27.458344438543833,716
BY7,2020-12-01,26.167434870824142,666
BY7,2021-01-01,25.89648021388251,742
BY7,2021-02-01,20.773370729159637,670
BY7,2021-03-01,27.305439705338387,739
BY7,2021-04-01,22.07667855796044,716
BY7,2021-05-01,18.201052666229895,662
BY7,2021-06-01,16.54331301131343,569
BY7,2021-07-01,16.110208380312606,742
BY7,2021-08-01,14.93161026067871,742
BY7,2021-09-01,20.472115314352717,716
BY7,2021-10-01,24.158661602841708,743
BY7,2021-11-01,30.43338137725365,709
BY7,2021-12-01,23.008469350817943,742
BY7,2022-01-01,32.937115227565954,741
BY7,2022-02-01,18.726483188053965,670
BY7,2022-03-01,21.57514757807879,738
BY7,2022-04-01,17.561688418241143,717
BY7,2022-05-01,16.295179776992935,733
BY7,2022-06-01,14.905988713243525,716
BY7,2022-07-01,15.220834582560805,741
BY7,2022-08-01,15.087326677262288,728
BY7,2022-09-01,20.78321811829515,717
BY7,2022-10-01,18.04619834149017,742
BY7,2022-11-01,21.92509902437902,713
BY7,2022-12-01,29.341967622207232,721
BY7,2023-01-01,29.251597904684587,590
BY7,2023-02-01,26.241561189751987,672
BY7,2023-03-01,18.2610486709436,744
BY7,2023-04-01,17.114847076272987,720
BY7,2023-05-01,15.382614869381795,713
BY7,2023-06-01,14.006916070844424,718
BY7,2023-07-01,14.109097457941271,744
BY7,2023-08-01,16.478387814385126,620
BY7,2023-09-01,18.59372444442146,681
BY7,2023-10-01,20.888257869831566,742
BY7,2023-11-01,24.88258864425418,718
BY7,2023-12-01,20.734695711558935,584
BY7,2024-01-01,24.77467090859146,744
BY7,2024-02-01,21.269560300571573,695
BY7,2024-03-01,19.847464401255973,743
BY7,2024-04-01,19.187142489146016,586
BY7,2024-06-01,15.122937771184297,294
BY7,2024-07-01,15.620692005241722,740
BY7,2024-08-01,16.782569354668848,740
BY7,2024-09-01,17.479427333560952,716
BY7,2024-10-01,21.39702377177272,743
BY7,2024-11-01,27.631154716767576,718
BY7,2024-12-01,20.061186952670703,740
CD1,2016-01-01,73.09994609101065,743
CD1,2016-02-01,63.675021820717426,688
CD1,2016-03-01,73.05473271177891,736
CD1,2016-04-01,68.01022334684217,718
CD1,2016-05-01,72.56244783926148,742
CD1,2016-06-01,63.169429439367,717
CD1,2016-07-01,46.35594902129681,743
CD1,2016-08-01,47.61509127845254,741
CD1,2016-09-01,68.67547223284427,715
CD1,2016-10-01,66.0502223475576,743
CD1,2016-11-01,73.17671285344709,717
CD1,2016-12-01,74.29161437767749,743
CD1,2017-01-01,75.3706500317661,744
CD1,2017-02-01,60.50847062498019,619
CD1,2017-03-01,50.812177924493064,742
CD1,2017-04-01,57.2855165201085,718
CD1,2017-05-01,61.459597187972435,741
CD1,2017-06-01,43.136199229085875,718
CD1,2017-07-01,44.77976503320825,742
CD1,2017-08-01,42.42547592085626,734
CD1,2017-09-01,48.6078316173134,715
CD1,2017-10-01,43.663924150758994,741
CD1,2017-11-01,54.21912377613196,691
CD1,2017-12-01,36.19528025145573,110
CD1,2018-01-01,45.13680786056645,573
CD1,2018-02-01,58.51519184133962,669
CD1,2018-03-01,59.22382320060603,742
CD1,2018-04-01,59.61882205137728,718
CD1,2018-05-01,68.13107520847547,707
CD1,2018-06-01,49.09433211395566,602
CD1,2018-07-01,54.87376135482774,731
CD1,2018-08-01,40.95167789434583,739
CD1,2018-09-01,50.55190146157627,718
CD1,2018-10-01,52.427400456987826,742
CD1,2018-11-01,54.0979064375176,719
CD1,2018-12-01,49.580852168067224,742
CD1,2019-01-01,56.887840693394175,739
CD1,2019-02-01,56.71926290320943,670
CD1,2019-03-01,40.17796419526804,742
CD1,2019-04-01,49.779142506194106,717
CD1,2019-05-01,41.9076786457215,694
CD1,2019-06-01,35.408960536547674,719
CD1,2019-07-01,34.951182136814474,742
CD1,2019-08-01,32.76870679123205,735
CD1,2019-09-01,35.42213693512056,708
CD1,2019-10-01,39.867459415675704,742
CD1,2019-11-01,49.46533084161493,717
CD1,2019-12-01,40.649066712594944,740
CD1,2020-01-01,42.35345793343056,605
CD1,2020-02-01,37.020818023585804,649
CD1,2020-03-01,36.8458159961947,742
CD1,2020-04-01,28.234954192050672,714
CD1,2020-05-01,24.591562833774947,740
CD1,2020-06-01,28.653112111688618,713
CD1,2020-07-01,24.860329853477708,737
CD1,2020-08-01,32.12522120028891,742
CD1,2020-09-01,35.20696224050102,718
CD1,2020-10-01,27.98033221033868,352
CD1,2020-11-01,37.28114497712874,717
CD1,2020-12-01,36.70581228903818,718
CD1,2021-01-01,34.52076963543936,738
CD1,2021-02-01,38.7863973517555,667
CD1,2021-03-01,44.40183042361056,741
CD1,2021-04-01,42.57076689729355,717
CD1,2021-05-01,34.554806317213675,742
CD1,2021-06-01,42.794809357213275,716
CD1,2021-07-01,46.528428184281836,738
CD1,2021-08-01,46.431841891891885,740
CD1,2021-09-01,37.245600628930816,318
CD1,2023-05-01,21.16575595238095,168
CD1,2023-06-01,30.345357440890123,719
CD1,2023-07-01,20.93753387533875,738
CD1,2023-08-01,23.074524305555556,288
CD1,2024-01-01,37.65811189801699,706
CD1,2024-02-01,32.34110260115607,692
CD1,2024-03-01,37.379808367071526,741
CD1,2024-04-01,23.15114449917898,609
CD1,2024-05-01,31.071487144790254,739
CD1,2024-06-01,23.730351464435145,717
CD1,2024-07-01,24.55416965517241,725
CD1,2024-08-01,21.810282225237447,737
CD1,2024-09-01,32.74944072524407,717
CD1,2024-10-01,32.06631891891892,740
CD1,2024-11-01,36.10644846796657,718
CD1,2024-12-01,21.897043126684633,742
CD9,2016-01-01,88.57303290917369,690
CD9,2016-02-01,83.5883101213572,694
CD9,2016-03-01,85.08300601588945,740
CD9,2016-04-01,95.04687850795318,717
CD9,2016-05-01,92.05994614272751,743
CD9,2016-06-01,91.39555974963544,697
CD9,2016-07-01,78.14537471711964,742
CD9,2016-08-01,78.21884302600137,742
CD9,2016-09-01,88.69755633028586,715
CD9,2016-10-01,87.74917129410231,743
CD9,2016-11-01,85.9697374141635,699
CD9,2016-12-01,100.25065098323483,729
CD9,2017-01-01,108.88197175908498,743
CD9,2017-02-01,90.67875511685672,665
CD9,2017-03-01,90.63397710912506,735
CD9,2017-04-01,71.31024370016637,719
CD9,2017-05-01,87.36174419590672,738
CD9,2017-06-01,80.17005627748601,716
CD9,2017-07-01,71.62651921793214,742
CD9,2017-08-01,71.6580706088401,740
CD9,2017-09-01,81.20134643802102,718
CD9,2017-10-01,79.14639176986631,740
CD9,2017-11-01,83.2994449883414,718
CD9,2017-12-01,80.88720730176513,742
CD9,2018-01-01,98.36495397950412,740
CD9,2018-02-01,103.28490948232384,666
CD9,2018-03-01,98.50208525007496,741
CD9,2018-04-01,87.591137155535307,719
CD9,2018-05-01,85.82625423993879,686
CD9,2018-06-01,71.62458960294316,688
CD9,2018-07-01,72.68506830383164,19
CD9,2018-09-01,86.9269348613236,105
CD9,2018-10-01,74.25229657717931,733
CD9,2018-11-01,83.66292673232822,713
CD9,2018-12-01,75.90104486838867,727
CD9,2019-01-01,68.60172583122339,742
CD9,2019-02-01,90.7142113833776,652
CD9,2019-03-01,74.60878840178431,250
CD9,2019-04-01,79.51138897624216,716
CD9,2019-05-01,62.84883184738979,738
CD9,2019-06-01,66.02392028120518,592
CD9,2019-07-01,61.76480562449817,719
CD9,2019-08-01,68.69611583656965,742
CD9,2019-09-01,65.1793365416608,717
CD9,2019-10-01,66.11172855574509,144
CD9,2019-11-01,77.22855830441573,105
CD9,2019-12-01,64.69863278736001,742
CD9,2020-01-01,61.59914605354556,740
CD9,2020-02-01,60.188706908432486,673
CD9,2020-03-01,49.91505522309107,742
CD9,2020-04-01,38.22548267771876,719
CD9,2020-05-01,32.66312323472393,741
CD9,2020-06-01,43.63890898204229,718
CD9,2020-07-01,39.6057329031531,32
CE1,2020-05-01,17.62689443550544,733
CE1,2020-06-01,19.021804821236437,582
CE1,2020-07-01,23.940035552307435,727
CE1,2020-08-01,28.361232596481397,742
CE1,2020-09-01,37.45280008315769,717
CE1,2020-10-01,37.22252177064309,609
CE1,2020-11-01,40.18670039066816,720
CE1,2020-12-01,41.2349049070049,652
CE1,2021-01-01,30.88597993793827,684
CE1,2021-02-01,37.34840009892979,106
CE1,2021-03-01,29.951952869783486,740
CE1,2021-04-01,32.695091364610164,573
CE1,2021-05-01,28.748532012980824,608
CE1,2021-06-01,30.6059862103045,132
CE1,2021-07-01,29.12863172354282,625
CE1,2021-08-01,24.85483397951628,740
CE1,2021-09-01,39.669340019113655,714
CE1,2021-10-01,43.723635035741175,741
CE1,2021-11-01,53.9689664841753,592
CE1,2021-12-01,45.008939446590155,732
CE1,2022-01-01,47.95689398383782,742
CE1,2022-02-01,40.31725009147594,670
CE1,2022-03-01,46.24636768677251,741
CE1,2022-04-01,37.62143845537149,719
CE1,2022-05-01,39.32872383903601,740
CE1,2022-06-01,31.900392282151742,718
CE1,2022-07-01,32.0227528579534,742
CE1,2022-08-01,32.379984943819004,743
CE1,2022-09-01,37.76062517076347,719
CE1,2022-10-01,39.635179170169636,740
CE1,2022-11-01,42.12040537951517,718
CE1,2022-12-01,45.06276412049409,605
CE1,2023-01-01,40.92166796261849,726
CE1,2023-02-01,43.976925387657275,670
CE1,2023-03-01,28.989225609876552,12
CE2,2020-12-01,31.048779043591715,250
CE2,2021-01-01,30.87254382924067,738
CE2,2021-02-01,26.079532223224263,492
CE2,2021-03-01,37.93773967269319,572
CE2,2021-04-01,35.55011043287292,718
CE2,2021-05-01,30.836314336929366,739
CE2,2021-06-01,30.826674554708585,716
CE2,2021-07-01,34.95484943754416,742
CE2,2021-08-01,27.03784175371705,742
CE2,2021-09-01,40.86358993320419,715
CE2,2021-10-01,39.98824491949044,742
CE2,2021-11-01,50.50244052740955,695
CE2,2021-12-01,41.52291480918897,743
CE2,2022-01-01,48.948171755171906,742
CE2,2022-02-01,35.81098463180612,668
CE2,2022-03-01,44.56347363772199,741
CE2,2022-04-01,35.786286695282264,718
CE2,2022-05-01,35.088197590354746,741
CE2,2022-06-01,28.06493409668975,662
CE2,2022-07-01,33.15353513192104,742
CE2,2022-08-01,35.969111173647114,742
CE2,2022-09-01,42.92587673008187,719
CE2,2022-10-01,35.74728073226361,738
CE2,2022-11-01,38.744567049748696,717
CE2,2022-12-01,41.847311675224624,742
CE2,2023-01-01,47.7974919004357,358
CE2,2023-02-01,46.72367431312772,669
CE2,2023-03-01,33.68584931464644,743
CE2,2023-04-01,37.31561049949287,716
CE2,2023-05-01,31.095027038621932,741
CE2,2023-06-01,29.66949092288776,717
CE2,2023-07-01,27.055700751515168,741
CE2,2023-08-01,32.20806345939954,737
CE2,2023-09-01,38.532215272681775,715
CE2,2023-10-01,36.45301059379828,740
CE2,2023-11-01,38.77279831842705,718
CE2,2023-12-01,34.248966246541855,742
CE2,2024-01-01,37.05956319442039,739
CE2,2024-02-01,38.04423416021676,692
CE2,2024-03-01,37.418245268666155,682
CE2,2024-04-01,26.664205129032002,579
CE2,2024-05-01,35.35728544247707,586
CE2,2024-06-01,29.868594927883752,708
CE2,2024-07-01,29.51312176513512,740
CE2,2024-08-01,32.5431788690923,718
CE2,2024-09-01,36.57984572443938,232
CE2,2024-12-01,35.73050933951464,306
CE3,2022-11-01,38.52444658663554,654
CE3,2022-12-01,40.84029821751992,285
CE3,2023-01-01,47.80323615192813,30
CE3,2023-02-01,42.325447509194554,602
CE3,2023-03-01,36.46120308534358,700
CE3,2023-04-01,35.76523101493301,686
CE3,2023-05-01,34.61857895232427,397
CE3,2023-06-01,32.402594864184344,584
CE3,2023-07-01,33.470316325563,594
CE3,2023-08-01,32.18529493100255,708
CE3,2023-09-01,39.35778976491028,683
CE3,2023-10-01,39.9696667769518,705
CE3,2023-11-01,51.50888597942061,688
CE3,2023-12-01,44.12839850058538,738
CE3,2024-01-01,45.485401564187136,741
CE3,2024-02-01,41.65165737139191,694
CE3,2024-03-01,34.755819821054345,743
CE3,2024-04-01,31.374499258497234,85
CR5,2016-01-01,43.77282924323695,322
CR5,2016-02-01,48.57364065508436,694
CR5,2016-03-01,49.34517578464845,740
CR5,2016-04-01,49.13888065336801,719
CR5,2016-05-01,55.05086862270674,742
CR5,2016-06-01,43.4681568585015,718
CR5,2016-07-01,30.762673339156407,742
CR5,2016-08-01,40.77816875123382,738
CR5,2016-09-01,41.291258370384654,718
CR5,2016-10-01,51.89952740302968,739
CR5,2016-11-01,53.90879858802176,718
CR5,2016-12-01,51.83126475318544,743
CR5,2017-01-01,53.55034845672932,739
CR5,2017-02-01,43.444208723162305,666
CR5,2017-03-01,43.853386457269764,742
CR5,2017-04-01,53.72762336715444,719
CR5,2017-05-01,52.179977003715884,742
CR5,2017-06-01,45.585457716249806,717
CR5,2017-07-01,44.63878245805581,740
CR5,2017-08-01,48.423430950577284,741
CR5,2017-09-01,50.6149446152503,716
CR5,2017-10-01,40.58777706114,742
CR5,2017-11-01,54.334928276647624,718
CR5,2017-12-01,46.6319981382885,740
CR5,2018-01-01,41.19674846214483,734
CR5,2018-02-01,53.17168465713528,671
CR5,2018-03-01,55.52597719665361,742
CR5,2018-04-01,52.160453598504596,718
CR5,2018-05-01,63.25378872639277,741
CR5,2018-06-01,50.476333126600416,717
CR5,2018-07-01,52.349218843576345,744
CR5,2018-08-01,34.86436754877899,739
CR5,2018-09-01,41.396534368381545,718
CR5,2018-10-01,47.559429866318304,743
CR5,2018-11-01,50.72853866898515,718
CR5,2018-12-01,41.65228313375586,741
CR5,2019-01-01,52.62678490547202,741
CR5,2019-02-01,49.664032866266766,670
CR5,2019-03-01,34.87007266447671,743
CR5,2019-04-01,57.467625868465475,719
CR5,2019-05-01,47.00214727441861,742
CR5,2019-06-01,35.666185970131735,716
CR5,2019-07-01,39.167385148561834,591
CR5,2019-08-01,33.22697601676071,444
CR5,2019-09-01,37.23433478533647,718
CR5,2019-10-01,39.493094666862916,742
CR5,2019-11-01,51.98758342548295,718
CR5,2019-12-01,42.88338474259798,742
CR5,2020-01-01,38.091873156124976,743
CR5,2020-02-01,26.153914201729716,694
CR5,2020-03-01,33.74581201553308,743
CR5,2020-04-01,38.783601275948826,719
CR5,2020-05-01,32.94667446204876,741
CR5,2020-06-01,34.52650541352898,718
CR5,2020-07-01,24.587822271645113,743
CR5,2020-08-01,39.438779718948204,697
CR5,2020-09-01,38.361586928426036,718
CR5,2020-10-01,32.50995510366185,742
CR5,2020-11-01,39.055386837131074,713
CR5,2020-12-01,40.527113442634295,742
CR5,2021-01-01,37.56850211231704,743
CR5,2021-02-01,38.152527962971156,670
CR5,2021-03-01,39.54584364712197,740
CR5,2021-04-01,50.326902623145976,718
CR5,2021-05-01,36.22607999637686,742
CR5,2021-06-01,40.76679742337019,716
CR5,2021-07-01,37.38681646491332,739
CR5,2021-08-01,30.02140524113177,729
CR5,2021-09-01,42.974533154282916,708
CR5,2021-10-01,36.753671612549134,742
CR5,2021-11-01,41.48443551941205,716
CR5,2021-12-01,35.83192751828197,742
CR5,2022-01-01,47.79724652387032,740
CR5,2022-02-01,24.679884174367203,670
CR5,2022-03-01,50.24400692626951,742
CR5,2022-04-01,39.95470449846795,718
CR5,2022-05-01,30.348208306395172,740
CR5,2022-06-01,29.731993443753737,718
CR5,2022-07-01,31.99847674684671,742
CR5,2022-08-01,38.03744628593823,743
CR5,2022-09-01,39.13514726022352,719
CR5,2022-10-01,33.41264740790396,742
CR5,2022-11-01,34.33261472237325,719
CR5,2022-12-01,38.88642334851185,742
CR5,2023-01-01,35.4980650866215,739
CR5,2023-02-01,40.66567040863629,671
CR5,2023-03-01,32.29969567252126,694
CR5,2023-04-01,38.71435409394167,718
CR5,2023-05-01,36.91953837326525,743
CR5,2023-06-01,37.09522955576707,718
CR5,2023-07-01,18.316796815925883,743
CR5,2023-08-01,21.80869412956856,732
CR5,2023-09-01,35.7324656449373,719
CR5,2023-10-01,29.472005664881813,743
CR5,2023-11-01,30.042632456037573,718
CR5,2023-12-01,22.99213188687484,743
CR5,2024-01-01,29.05805953288777,742
CR5,2024-02-01,24.778178845813088,694
CR5,2024-03-01,32.9443967253726,598
CR5,2024-04-01,23.649410658372116,716
CR5,2024-05-01,35.772437624061766,562
CR5,2024-06-01,26.49254178547411,610
CR5,2024-07-01,25.037848470626006,742
CR5,2024-08-01,18.626625231655805,742
CR5,2024-09-01,28.561063248026823,719
CR5,2024-10-01,31.09799552872883,621
CR5,2024-11-01,32.287063098405426,719
CR5,2024-12-01,21.47107164728606,743
CR7,2016-01-01,36.442273483997006,743
CR7,2016-02-01,35.43302472244056,695
CR7,2016-03-01,30.06639299960744,740
CR7,2016-04-01,30.965188098457823,251
CR7,2016-06-01,22.51463562148332,334
CR7,2016-07-01,22.610827041840604,740
CR7,2016-08-01,25.04724066235521,742
CR7,2016-09-01,28.778104278416258,709
CR7,2016-10-01,32.99646371780203,742
CR7,2016-11-01,37.301559810523656,718
CR7,2016-12-01,37.435393315269906,743
CR7,2017-01-01,42.78696755208118,741
CR7,2017-02-01,29.60310804343197,665
CR7,2017-03-01,28.09467692125006,742
CR7,2017-04-01,34.61830857177746,718
CR7,2017-05-01,28.09750447234719,740
CR7,2017-06-01,26.349668114163567,719
CR7,2017-07-01,25.569198253408977,740
CR7,2017-08-01,29.24348611106737,743
CR7,2017-09-01,28.88254467482604,719
CR7,2017-10-01,28.119636575874786,737
CR7,2017-11-01,39.23714366193324,719
CR7,2017-12-01,33.80569651780968,729
CR7,2018-01-01,26.39991196884357,742
CR7,2018-02-01,36.435234534271366,670
CR7,2018-03-01,33.78023042545741,744
CR7,2018-04-01,29.76367733038809,720
CR7,2018-05-01,34.13265945920407,742
CR7,2018-06-01,24.203135578478893,717
CR7,2018-07-01,31.87355026204692,743
CR7,2018-08-01,25.113654388800764,740
CR7,2018-09-01,30.19049986884438,719
CR7,2018-10-01,35.919640863619925,742
CR7,2018-11-01,32.079674549340666,718
CR7,2018-12-01,27.97369770074987,740
CR7,2019-01-01,40.97376991538532,742
CR7,2019-02-01,36.39752213148751,671
CR7,2019-03-01,29.50339811414411,743
CR7,2019-04-01,33.287337708414285,718
CR7,2019-05-01,28.286387770764744,742
CR7,2019-06-01,22.628271201631282,717
CR7,2019-07-01,21.97204258336196,742
CR7,2019-08-01,21.736878931115914,742
CR7,2019-09-01,24.958737115962016,697
CR7,2019-10-01,26.74770810825628,743
CR7,2019-11-01,32.12115160794654,715
CR7,2019-12-01,27.161263210435568,743
CR7,2020-01-01,27.767498476203738,735
CR7,2020-02-01,20.866845728081785,695
CR7,2020-03-01,23.727076069086923,742
CR7,2020-04-01,23.481893518791292,716
CR7,2020-05-01,18.623397286074997,741
CR7,2020-06-01,19.800536160830024,720
CR7,2020-07-01,18.116681022511433,743
CR7,2020-08-01,21.204862445005837,717
CR7,2020-09-01,26.345811391856664,718
CR7,2020-10-01,24.35555668840964,742
CR7,2020-11-01,28.91280848491263,717
CR7,2020-12-01,30.17446922640996,739
CR7,2021-01-01,29.184617830072007,742
CR7,2021-02-01,26.90776026507224,671
CR7,2021-03-01,30.786754627916174,743
CR7,2021-04-01,30.559693501681952,718
CR7,2021-05-01,22.715353413627543,744
CR7,2021-06-01,24.007455526021182,717
CR7,2021-07-01,22.285859138675665,742
CR7,2021-08-01,21.515324711442755,727
CR7,2021-09-01,24.0223367157658,704
CR7,2021-10-01,22.869118019913014,741
CR7,2021-11-01,32.76885290834268,717
CR7,2021-12-01,23.95740823148009,739
CR7,2022-01-01,34.62129679646587,742
CR7,2022-02-01,20.54227892361079,670
CR7,2022-03-01,29.262883120251004,742
CR7,2022-04-01,25.11308709328957,719
CR7,2022-05-01,22.771935816137947,559
CR7,2023-03-01,17.643167639373786,206
CR7,2023-04-01,21.872292518364375,719
CR7,2023-05-01,20.074480879877346,739
CR7,2023-06-01,18.52592924629729,714
CR7,2023-07-01,13.504091078670273,742
CR7,2023-08-01,15.859527091037258,744
CR7,2023-09-01,20.651695665721647,717
CR7,2023-10-01,20.746548833814686,741
CR7,2023-11-01,22.328327430925185,718
CR7,2023-12-01,16.77937680102247,742
CR7,2024-01-01,22.94663151087343,744
CR7,2024-02-01,17.88624327972733,695
CR7,2024-03-01,19.847318093514758,744
CR7,2024-04-01,16.961968185568942,718
CR7,2024-05-01,17.709205613144,618
CR7,2024-06-01,16.80436576867228,718
CR7,2024-07-01,15.086651861708475,742
CR7,2024-08-01,13.838542480258823,743
CR7,2024-09-01,16.201737110507132,720
CR7,2024-10-01,19.741099759320832,743
CR7,2024-11-01,25.061788131489173,719
CR7,2024-12-01,19.936130795494442,322
CR9,2016-02-01,80.94132095807548,415
CR9,2016-03-01,64.18869721368225,713
CR9,2016-04-01,70.40653305472487,693
CR9,2016-05-01,51.75227351549375,722
CR9,2016-06-01,49.047777622008276,690
CR9,2016-07-01,34.757840318050704,411
CR9,2016-08-01,62.56863569699546,36
CR9,2016-09-01,51.342020547268085,710
CR9,2016-10-01,44.803807736719364,738
CR9,2016-11-01,57.586786607629364,718
CR9,2016-12-01,55.16306060427127,742
CR9,2017-01-01,62.590528352948475,739
CR9,2017-02-01,59.877326676462005,670
CR9,2017-03-01,50.78267886134043,739
CR9,2017-04-01,58.153209922441086,720
CR9,2017-05-01,37.4718241618021,743
CR9,2017-06-01,33.40904859017409,719
CR9,2017-07-01,29.363159591561626,739
CR9,2017-08-01,31.930609672831228,742
CR9,2017-09-01,33.82217131550262,719
CR9,2017-10-01,34.469463731663716,740
CR9,2017-11-01,57.84319593550916,719
CR9,2017-12-01,52.326320975187556,740
CR9,2018-01-01,37.165414842952174,742
CR9,2018-02-01,49.15548636222152,670
CR9,2018-03-01,44.239562928138106,742
CR9,2018-04-01,41.334831906954555,719
CR9,2018-05-01,43.11239289381908,741
CR9,2018-06-01,33.24093388067623,716
CR9,2018-07-01,41.500923215516565,743
CR9,2018-08-01,35.371811812043255,740
CR9,2018-09-01,39.41661250999635,716
CR9,2018-10-01,42.8477282633364,742
CR9,2018-11-01,46.29676158111642,719
CR9,2018-12-01,39.60900985480748,740
CR9,2019-01-01,49.36122301221247,733
CR9,2019-02-01,49.41125092526267,511
CR9,2019-03-01,34.36340184765829,742
CR9,2019-04-01,47.23392181512113,719
CR9,2019-05-01,45.10542299290097,743
CR9,2019-06-01,41.39838362140072,718
CR9,2019-07-01,47.64083394360887,741
CR9,2019-08-01,52.83902114653349,743
CR9,2019-09-01,37.41597171937944,694
CR9,2019-10-01,40.8307316862029,743
CR9,2019-11-01,43.914781745436585,716
CR9,2019-12-01,44.036554048217454,233
CR9,2020-09-01,53.106826086281046,51
CR9,2020-10-01,34.32095576525976,742
CR9,2020-11-01,16.492232210500003,2
CT3,2016-01-01,50.075952710230204,743
CT3,2016-02-01,45.279589048894664,691
CT3,2016-03-01,45.252470193451884,742
CT3,2016-04-01,44.28825882690383,716
CT3,2016-05-01,36.907290386417735,719
CT3,2016-06-01,33.69411068615988,719
CT3,2016-07-01,29.484267197060948,740
CT3,2016-08-01,32.59811220847074,742
CT3,2016-09-01,36.7469482183771,719
CT3,2016-10-01,42.129180643165554,718
CT3,2016-11-01,47.58495194070218,718
CT3,2016-12-01,56.9022659228755,744
CT3,2017-01-01,58.35098594483962,741
CT3,2017-02-01,42.92302787079047,671
CT3,2017-03-01,41.72993852000104,742
CT3,2017-04-01,40.66279247432665,674
CT3,2017-05-01,39.14247449000752,715
CT3,2017-06-01,29.662500718285937,720
CT3,2017-07-01,26.447128281359337,743
CT3,2017-08-01,29.279076496812845,743
CT3,2017-09-01,31.590742261288305,718
CT3,2017-10-01,29.310756421837787,742
CT3,2017-11-01,44.373537765755,707
CT3,2017-12-01,43.068212080188246,744
CT3,2018-01-01,37.0942646531368,744
CT3,2018-02-01,35.409530032813464,669
CT3,2018-03-01,35.604787204465104,717
CT3,2018-04-01,28.20383803336321,624
CT3,2018-05-01,31.9284423588161,668
CT3,2018-06-01,24.82018793217929,720
CT3,2018-07-01,25.62154227145395,742
CT3,2018-08-01,25.714337046314313,718
CT3,2018-09-01,31.0208731507113,719
CT3,2018-10-01,34.0280692382177,744
CT3,2018-11-01,34.80857321324768,720
CT3,2018-12-01,36.747728799203095,744
CT3,2019-01-01,40.79835152501473,476
CT3,2019-02-01,45.63586760968445,671
CT3,2019-03-01,45.81635372628511,744
CT3,2019-04-01,47.32854325610453,720
CT3,2019-05-01,29.012412722172527,738
CT3,2019-06-01,24.332598159592532,717
CT3,2019-07-01,23.134000693983328,740
CT3,2019-08-01,20.399582722510072,712
CT3,2019-09-01,24.208038427413577,714
CT3,2019-10-01,28.791860394390497,693
CT3,2019-11-01,37.36758799054565,720
CT3,2019-12-01,34.43787733394083,736
CT3,2020-01-01,31.8442632661846,738
CT3,2020-02-01,25.72561086154523,671
CT3,2020-03-01,22.79076061126862,681
CT3,2020-04-01,17.243969292650448,535
CT3,2020-05-01,14.405115872891257,610
CT3,2020-06-01,16.633609634264,719
CT3,2020-07-01,14.319220384289187,742
CT3,2020-08-01,15.286784519697663,743
CT3,2020-09-01,20.887921571070464,690
CT3,2020-10-01,21.7881534360013,744
CT3,2020-11-01,36.93600990762779,719
CT3,2020-12-01,28.553427877268064,743
CT3,2021-01-01,26.703862865156765,525
CT3,2021-02-01,24.10035922262007,669
CT3,2021-03-01,25.564373397767866,742
CT3,2021-04-01,22.00318131987029,719
CT3,2021-05-01,20.573514456912736,744
CT3,2021-06-01,15.568667449248473,720
CT3,2021-07-01,18.615419696947725,742
CT3,2021-08-01,11.252490643043178,741
CT3,2021-09-01,23.891401289316686,720
CT3,2021-10-01,26.149470251503256,743
CT3,2021-11-01,33.4233914686765,720
CT3,2021-12-01,27.587590543101104,743
CT3,2022-01-01,38.1893169676085,743
CT3,2022-02-01,22.99464539800003,669
CT3,2022-03-01,30.01694902904879,720
CT3,2022-04-01,20.038680866456364,719
CT3,2022-05-01,19.64495327337981,742
CT3,2022-06-01,16.336745362560283,720
CT3,2022-07-01,14.331246953034832,690
CT3,2022-08-01,15.023493048743514,742
CT3,2022-09-01,20.80066019740266,717
CT3,2022-10-01,23.311146613417442,743
CT3,2022-11-01,23.78181350641668,719
CT3,2022-12-01,28.83501127883836,720
CT3,2023-01-01,27.584112261048837,743
CT3,2023-02-01,30.702501257504892,669
CT3,2023-03-01,21.410776427510225,711
CT3,2023-04-01,19.627250347674984,719
CT3,2023-05-01,14.603857059790725,744
CT3,2023-06-01,14.66838157827832,698
CT4,2016-01-01,78.78595156109834,741
CT4,2016-02-01,81.42124379975343,695
CT4,2016-03-01,82.57877366679409,741
CT4,2016-04-01,87.51209839330487,719
CT4,2016-05-01,81.39376850189761,718
CT4,2016-06-01,78.84508800620151,720
CT4,2016-07-01,72.1302789587746,741
CT4,2016-08-01,78.89233512765153,741
CT4,2016-09-01,91.38919740114295,717
CT4,2016-10-01,82.78957277563667,719
CT4,2016-11-01,95.58358007406726,720
CT4,2016-12-01,105.90200347272066,743
CT4,2017-01-01,90.39590608473608,743
CT4,2017-02-01,81.0615150719817,669
CT4,2017-03-01,81.21188590008704,743
CT4,2017-04-01,68.85983675054537,719
CT4,2017-05-01,95.30169709576208,717
CT4,2017-06-01,93.18474016536854,709
CT4,2017-07-01,72.83531556116924,742
CT4,2017-08-01,70.29931317344304,744
CT4,2017-09-01,76.44136035886562,718
CT4,2017-10-01,68.15411011177564,718
CT4,2017-11-01,79.80512703114071,719
CT4,2017-12-01,81.1867928818019,742
CT4,2018-01-01,73.20559363226081,744
CT4,2018-02-01,79.37913524222772,646
CT4,2018-03-01,67.7751312826969,397
CT4,2018-04-01,75.39684859761462,720
CT4,2018-05-01,89.98821135846309,742
CT4,2018-06-01,73.08856977117279,719
CT4,2018-07-01,80.93312372685058,741
CT4,2018-08-01,55.92944063706121,741
CT4,2018-09-01,50.40872134126696,664
CT4,2018-10-01,59.373840945479785,744
CT4,2018-11-01,57.92506596471551,718
CT4,2018-12-01,63.46012035193369,744
CT4,2019-01-01,66.9972035645838,743
CT4,2019-02-01,70.67252888146218,670
CT4,2019-03-01,62.1526560810173,731
CT4,2019-04-01,69.03167817136939,720
CT4,2019-05-01,64.49114603299154,742
CT4,2019-06-01,59.069675008055725,713
CT4,2019-07-01,59.134090957928095,741
CT4,2019-08-01,53.10087580928569,741
CT4,2019-09-01,51.97108508098135,714
CT4,2019-10-01,54.856991087570584,720
CT4,2019-11-01,73.26200480748595,718
CT4,2019-12-01,56.85242899416373,719
CT4,2020-01-01,52.92115514852533,730
CT4,2020-02-01,47.08224923001194,625
CT4,2020-03-01,37.13493934878916,742
CT4,2020-04-01,22.909235306548013,720
CT4,2020-05-01,17.32983120479057,743
CT4,2020-06-01,18.99904162837347,719
CT4,2020-07-01,17.676068991156473,742
CT4,2020-08-01,19.72876802187476,744
CT4,2020-09-01,24.828421453598516,719
CT4,2020-10-01,25.63374891419244,742
CT4,2020-11-01,32.946827646231746,718
CT4,2020-12-01,30.77645417989124,743
CT4,2021-01-01,31.84218492177516,743
CT4,2021-02-01,25.013330259192998,669
CT4,2021-03-01,29.3290638189202,738
CT4,2021-04-01,24.25889892950268,631
CT4,2021-06-01,19.538742210344896,560
CT4,2021-07-01,20.015883732142388,742
CT4,2021-08-01,18.051325028232707,743
CT4,2021-09-01,33.308197813701206,715
CT4,2021-10-01,42.69958429280921,675
CT4,2021-11-01,49.635516641420956,707
CT4,2021-12-01,46.11341810864451,518
CT4,2022-01-01,51.82336808653466,607
CT4,2022-02-01,35.626375472213944,667
CT4,2022-03-01,49.98557121549426,741
CT4,2022-04-01,40.576517792846786,716
CT4,2022-05-01,42.540252305178925,743
CT4,2022-06-01,39.08123993914539,720
CT4,2022-07-01,34.54326542247331,742
CT4,2022-08-01,32.47322680054348,740
CT4,2022-09-01,40.245403657863186,719
CT4,2022-10-01,37.06279692146316,741
CT4,2022-11-01,40.50912485015615,718
CT4,2022-12-01,43.405677217716885,743
CT4,2023-01-01,41.41500291148806,742
CT4,2023-02-01,48.09335713697028,671
CT4,2023-03-01,39.99813403887298,710
CT4,2023-04-01,40.480303713766084,719
CT4,2023-05-01,35.666371784767385,741
CT4,2023-06-01,35.92750721662279,716
CT4,2023-07-01,17.04064487124265,61
CT6,2016-01-01,75.3031880457894,743
CT6,2016-02-01,98.7568730225742,695
CT6,2016-03-01,97.39111105527734,743
CT6,2016-04-01,102.1998570121011,694
CT6,2016-05-01,85.48168517600052,743
CT6,2016-06-01,83.50284645414519,713
CT6,2016-07-01,80.67411212226898,742
CT6,2016-08-01,81.70034987575428,697
CT6,2016-09-01,101.57243216723639,708
CT6,2016-10-01,84.33124003389618,643
CT6,2016-11-01,101.5383191236362,719
CT6,2016-12-01,108.28267293879153,744
CT6,2017-01-01,109.05876983107281,741
CT6,2017-02-01,102.33024691079927,671
CT6,2017-03-01,111.93594863801034,743
CT6,2017-04-01,90.20997397614178,694
CT6,2017-05-01,94.28553139328048,740
CT6,2017-06-01,94.27474546475808,697
CT6,2017-07-01,88.42843425780923,652
CT6,2017-08-01,75.82684451663027,682
CT6,2017-09-01,84.01145254627436,718
CT6,2017-10-01,79.97304346186498,718
CT6,2017-11-01,85.50928745800404,719
CT6,2017-12-01,90.69430194307746,743
CT6,2018-01-01,86.46609105312533,744
CT6,2018-02-01,89.33519057624986,671
CT6,2018-03-01,85.89150260699314,718
CT6,2018-04-01,88.96414922003444,719
CT6,2018-05-01,91.4888447381197,740
CT6,2018-06-01,85.6105520631812,719
CT6,2018-07-01,106.99743545714482,740
CT6,2018-08-01,83.46235344580644,720
CT6,2018-09-01,78.2906041127871,720
CT6,2018-10-01,77.29401972012728,744
CT6,2018-11-01,90.16635783611153,719
CT6,2018-12-01,83.26477378751716,742
CT6,2019-01-01,73.94839522585994,716
CT6,2019-02-01,92.47062322857992,668
CT6,2019-03-01,72.9484162365685,719
CT6,2019-04-01,88.72520340782475,720
CT6,2019-05-01,69.45934067857121,743
CT6,2019-06-01,66.7551840578911,699
CT6,2019-07-01,67.90501088777184,690
CT6,2019-08-01,66.22866673963709,740
CT6,2019-09-01,69.34400255214216,713
CT6,2019-10-01,72.07054567114112,738
CT6,2019-11-01,75.67633569167592,668
CT6,2019-12-01,71.83321652218044,743
CT6,2020-01-01,70.42127064494065,743
CT6,2020-02-01,51.820683055936684,689
CT6,2020-03-01,47.067919153865745,741
CT6,2020-04-01,41.50127596246501,718
CT6,2020-05-01,32.95554162488816,719
CT6,2020-06-01,37.52504916852717,719
CT6,2020-07-01,31.195173625972764,742
CT6,2020-08-01,44.70522825764042,744
CT6,2020-09-01,46.76147240965698,327
CT6,2020-10-01,44.09163400413285,737
CT6,2020-11-01,51.835634089063156,393
CT6,2020-12-01,34.88990200210412,347
CT6,2021-01-01,39.14932491091267,670
CT6,2021-02-01,43.059215326675975,634
CT6,2021-03-01,41.040737779912284,737
CT6,2021-04-01,45.77362775307814,717
CT6,2021-05-01,45.55811331964764,742
CT6,2021-06-01,43.495413964851245,718
CT6,2021-07-01,46.21795028423036,714
CT6,2021-08-01,38.62085611753511,740
CT6,2021-09-01,60.62332891968326,553
CT6,2021-10-01,54.58649281122545,742
CT6,2021-11-01,51.200025326543496,717
CT6,2021-12-01,50.21429238376362,743
CT6,2022-01-01,55.45863729306535,743
CT6,2022-02-01,45.96826519291514,669
CT6,2022-03-01,67.65244398046593,740
CT6,2022-04-01,50.65614373732405,703
CT6,2022-05-01,51.22379354688115,742
CT6,2022-06-01,52.588125357425795,719
CT6,2022-07-01,49.748675663549584,743
CT6,2022-08-01,48.77440249277306,600
CT6,2022-09-01,44.093405289579074,703
CT6,2022-10-01,51.932148330827275,668
CT6,2022-11-01,54.55186892912963,717
CT6,2022-12-01,49.38132214543641,741
CT6,2023-01-01,39.42246099770096,205
CW3,2022-01-01,27.450895199143186,282
CW3,2022-02-01,17.2347192876796,565
CW3,2022-03-01,31.307186771420675,680
CW3,2022-04-01,21.28357244883913,659
CW3,2022-05-01,14.779932489303187,693
CW3,2022-06-01,14.445928405024945,717
CW3,2022-07-01,15.229065251975173,699
CW3,2022-08-01,16.89297185112081,711
CW3,2022-09-01,18.86093459474225,688
CW3,2022-10-01,16.067511215746762,431
CW3,2022-11-01,18.266242091784505,685
CW3,2022-12-01,27.890279564617472,712
CW3,2023-01-01,23.968454899149233,698
CW3,2023-02-01,28.287961677557444,642
CW3,2023-03-01,16.66836424576329,708
CW3,2023-04-01,17.863674140175846,688
CW3,2023-05-01,14.165852289125969,709
CW3,2023-06-01,15.372448715505435,680
CW3,2023-07-01,11.266580838116052,705
CW3,2023-08-01,12.315428192290483,711
CW3,2023-09-01,19.9224299694366,687
CW3,2023-10-01,16.82459285930024,711
CW3,2023-11-01,18.288371414177995,682
CW3,2023-12-01,25.964595709309798,398
CW3,2024-01-01,17.477252980270833,604
CW3,2024-02-01,15.04176545194979,685
CW3,2024-03-01,16.644039076584047,738
CW3,2024-04-01,11.165508317215883,717
CW3,2024-05-01,16.706740822692993,739
CW3,2024-06-01,14.984915438289216,719
CW3,2024-07-01,13.346071232535483,743
CW3,2024-08-01,12.81288474840974,741
CW3,2024-09-01,14.72230390896174,715
CW3,2024-10-01,18.607592885322884,742
CW3,2024-11-01,23.669671167531217,718
CW3,2024-12-01,15.23144059421689,744
EA6,2016-01-01,88.43347137695883,738
EA6,2016-02-01,55.58145607754397,563
EA6,2016-03-01,72.91828126903758,658
EA6,2016-04-01,87.40127175368573,719
EA6,2016-05-01,65.57224833944963,743
EA6,2016-06-01,71.01224083588943,717
EA6,2016-07-01,71.40657216322337,693
EA6,2016-08-01,64.56997450655582,744
EA6,2016-09-01,80.70814236962313,720
EA6,2016-10-01,70.71030664486257,742
EA6,2016-11-01,86.9987838910408,719
EA6,2016-12-01,85.80259258940482,742
EA6,2017-01-01,84.41308745037576,730
EA6,2017-02-01,80.86368351011352,671
EA6,2017-03-01,79.75952499433185,741
EA6,2017-04-01,71.87708628429192,717
EA6,2017-05-01,61.490578894042294,742
EA6,2017-06-01,61.64603801788328,654
EA6,2017-07-01,60.46634206040942,738
EA6,2017-08-01,68.54125360530581,740
EA6,2017-09-01,67.8416256929506,719
EA6,2017-10-01,69.75339228670747,742
EA6,2017-11-01,85.35384009793911,597
EA6,2017-12-01,79.49704374102825,736
EA6,2018-01-01,70.06065247788734,742
EA6,2018-02-01,70.16373647296493,670
EA6,2018-03-01,74.6052269380983,743
EA6,2018-04-01,67.79725999782235,713
EA6,2018-05-01,63.38261175017058,678
EA6,2018-08-01,60.38901872750879,444
EA6,2018-09-01,66.01848537029963,719
EA6,2018-10-01,65.55458033146719,742
EA6,2018-11-01,63.29810974927481,715
EA6,2018-12-01,73.784011112923,743
EA6,2019-01-01,73.158118985069,740
EA6,2019-02-01,78.62510173403501,442
EA6,2019-03-01,65.38124269451187,725
EA6,2019-04-01,55.097942161857105,285
EA6,2019-05-01,64.42118864382729,740
EA6,2019-06-01,57.269696678460164,713
EA6,2019-07-01,58.34837088822142,742
EA6,2019-08-01,64.94991022817183,741
EA6,2019-09-01,57.570775889681435,717
EA6,2019-10-01,63.07512503199721,741
EA6,2019-11-01,66.25178870274851,719
EA6,2019-12-01,68.9032489172849,690
EA6,2020-01-01,66.52585736065318,741
EA6,2020-02-01,51.54634667320034,694
EA6,2020-03-01,46.359836471963646,740
EA6,2020-04-01,41.097785352246206,719
EA6,2020-05-01,40.169666867749065,735
EA6,2020-06-01,50.704493323744586,716
EA6,2020-07-01,47.1014241732659,743
EA6,2020-08-01,48.07528641679943,742
EA6,2020-09-01,51.60146807436014,718
EA6,2020-10-01,52.60874400676044,740
EA6,2020-11-01,58.26628888110789,712
EA6,2020-12-01,57.14526543094137,741
EA6,2021-01-01,48.90475935982034,740
EA6,2021-02-01,51.529901697438724,670
EA6,2021-03-01,57.62173697397688,742
EA6,2021-04-01,45.51772604624532,718
EA6,2021-05-01,57.68994869004433,742
EA6,2021-06-01,40.57339941595761,717
EA6,2021-07-01,44.35096260638935,742
EA6,2021-08-01,39.26977701625786,741
EA6,2021-09-01,49.007143310589946,717
EA6,2021-10-01,54.78574512254959,740
EA6,2021-11-01,55.68493425762781,716
EA6,2021-12-01,47.26192163046978,735
EA6,2022-01-01,67.90258572334035,741
EA6,2022-02-01,49.5052269461992,668
EA6,2022-03-01,54.01411857268395,741
EA6,2022-04-01,45.85476326467458,717
EA6,2022-05-01,54.45358526704559,741
EA6,2022-06-01,51.01130907146934,715
EA6,2022-07-01,46.55564430970416,739
EA6,2022-08-01,39.15030202476564,742
EA6,2022-09-01,52.737477851288446,718
EA6,2022-10-01,47.61422925282414,742
EA6,2022-11-01,57.19828057507301,704
EA6,2022-12-01,51.177712855193896,741
EA6,2023-01-01,52.89240889894424,743
EA6,2023-02-01,44.823598895616456,665
EA6,2023-03-01,44.587405947072945,738
EA6,2023-04-01,37.43900559466059,719
EA6,2023-05-01,33.06143828561358,738
EA6,2023-06-01,33.90987833049007,714
EA6,2023-07-01,38.122774543625404,743
EA6,2023-08-01,36.63599597354726,744
EA6,2023-09-01,41.97547186933752,716
EA6,2023-10-01,45.03486871294127,725
EA6,2023-11-01,42.085615642377626,704
EA6,2023-12-01,35.432983486466725,737
EA6,2024-01-01,38.068868099934384,729
EA6,2024-02-01,38.18537873844223,691
EA6,2024-03-01,38.556352211524505,733
EA6,2024-04-01,30.735376807673315,715
EA6,2024-05-01,36.52313929118301,672
EA6,2024-06-01,34.01209155760521,711
EA6,2024-07-01,32.94553982151025,550
EA6,2024-08-01,30.277064359900045,737
EA6,2024-09-01,35.30255841562844,718
EA6,2024-10-01,42.47883507330256,739
EA6,2024-11-01,44.74304895575178,716
EA6,2024-12-01,34.20998037749051,741
EA8,2016-01-01,52.361228021360255,738
EA8,2016-02-01,53.22377188110451,693
EA8,2016-03-01,50.028412302804504,742
EA8,2016-04-01,47.47591866665787,720
EA8,2016-05-01,44.48252112485828,743
EA8,2016-06-01,40.86711322599561,570
EA8,2016-07-01,33.18470261199325,696
EA8,2016-08-01,37.62036470612707,742
EA8,2016-09-01,42.04001808864862,718
EA8,2016-10-01,54.567455738566885,741
EA8,2016-11-01,60.716468896143866,718
EA8,2016-12-01,59.48593302780032,740
EA8,2017-01-01,63.35439832513957,308
EA8,2017-02-01,51.23201747304948,671
EA8,2017-03-01,49.39296873166716,740
EA8,2017-04-01,47.31517335367521,718
EA8,2017-05-01,44.35400817277949,742
EA8,2017-06-01,37.25295032353236,715
EA8,2017-07-01,31.25478426338882,742
EA8,2017-08-01,36.82783699416334,742
EA8,2017-09-01,40.26548920089112,719
EA8,2017-10-01,42.79915145554963,739
EA8,2017-11-01,56.322132796739226,716
EA8,2017-12-01,50.07611265198817,741
EA8,2018-01-01,45.216925735602786,743
EA8,2018-02-01,49.86740175193442,670
EA8,2018-03-01,50.81378171300034,742
EA8,2018-04-01,44.831203013731,719
EA8,2018-05-01,46.21388542857974,736
EA8,2018-06-01,40.57628561820292,719
EA8,2018-07-01,42.835005344640315,735
EA8,2018-08-01,34.410171985649995,661
EA8,2018-09-01,43.264756680596214,718
EA8,2018-10-01,43.18066013765407,742
EA8,2018-11-01,43.108982569907035,717
EA8,2018-12-01,43.20690135047342,687
EA8,2019-01-01,45.96465227517537,680
EA8,2019-02-01,54.14356469158622,667
EA8,2019-03-01,40.01714698087889,742
EA8,2019-04-01,47.65526279795565,718
EA8,2019-05-01,37.4560371939683,742
EA8,2019-06-01,33.22710100496039,690
EA8,2019-07-01,34.17730840120533,714
EA8,2019-08-01,35.191967753189,743
EA8,2019-09-01,36.05344608965176,717
EA8,2019-10-01,42.32333452596811,737
EA8,2019-11-01,50.734468243921434,717
EA8,2019-12-01,45.457711430953715,742
EA8,2020-01-01,41.04267712717834,740
EA8,2020-02-01,33.46642243772557,689
EA8,2020-03-01,33.72653376676027,737
EA8,2020-04-01,32.24493188533697,719
EA8,2020-05-01,34.978251930722216,744
EA8,2020-06-01,29.73347175112943,533
EA8,2020-07-01,23.60530472230277,707
EA8,2020-08-01,28.245684812184358,739
EA8,2020-09-01,32.466574753635335,714
EA8,2020-10-01,31.645965537896764,737
EA8,2020-11-01,39.343614833111,707
EA8,2020-12-01,36.18130155084452,729
EA8,2021-01-01,36.80163926078212,743
EA8,2021-02-01,33.05230094681617,670
EA8,2021-03-01,36.99818891744553,740
EA8,2021-04-01,38.018373620140814,717
EA8,2021-05-01,29.703950606900197,741
EA8,2021-06-01,24.96638469735779,717
EA8,2021-07-01,27.049972376293244,741
EA8,2021-08-01,22.862371007681556,740
EA8,2021-09-01,37.64219426619028,718
EA8,2021-10-01,31.349952590257722,741
EA8,2021-11-01,35.34188426889339,715
EA8,2021-12-01,29.65634684998168,737
EA8,2022-01-01,39.08909873858836,740
EA8,2022-02-01,24.451872632132805,670
EA8,2022-03-01,36.13466824690467,737
EA8,2022-04-01,29.937101509915212,716
EA8,2022-05-01,26.64710060680806,742
EA8,2022-06-01,21.473472994229418,718
EA8,2022-07-01,21.580195631782168,738
EA8,2022-08-01,24.984821106842325,740
EA8,2022-09-01,31.89274321415552,717
EA8,2022-10-01,29.644739113220236,741
EA8,2022-11-01,29.80608986001158,719
EA8,2022-12-01,35.35760143017063,738
EA8,2023-01-01,34.217535280835,738
EA8,2023-02-01,38.27430339741919,668
EA8,2023-03-01,25.952564619764818,743
EA8,2023-04-01,28.622734235121122,718
EA8,2023-05-01,22.902880848926205,741
EA8,2023-06-01,24.683898806282386,719
EA8,2023-07-01,19.666449757274783,739
EA8,2023-08-01,20.005223339038146,736
EA8,2023-09-01,29.76251990076707,718
EA8,2023-10-01,37.09804461503496,720
EA8,2023-11-01,36.55101615564153,718
EA8,2023-12-01,25.16903372414911,740
EA8,2024-01-01,31.686815208285672,738
EA8,2024-02-01,27.811407297087143,694
EA8,2024-03-01,27.505698566071654,731
EA8,2024-04-01,18.629386521088126,716
EA8,2024-05-01,25.435247307449938,743
EA8,2024-06-01,22.299716596262307,659
EA8,2024-07-01,22.371057974254597,669
EA8,2024-08-01,21.159527714415155,470
EA8,2024-09-01,25.839023191770107,713
EA8,2024-10-01,32.65794487951135,611
EA8,2024-11-01,31.88366441107743,681
EA8,2024-12-01,19.715858642245543,743
EI1,2016-01-01,75.62088053024986,740
EI1,2016-02-01,73.34302938378086,689
EI1,2016-03-01,61.346720020566195,742
EI1,2016-04-01,65.17898880424767,581
EI1,2016-05-01,48.34223495908269,624
EI1,2016-06-01,46.54131246259483,451
EI1,2016-07-01,40.76443011900356,338
EI1,2016-08-01,44.17779984298166,743
EI1,2016-09-01,56.735286397285805,716
EI1,2016-10-01,53.12054237378418,742
EI1,2016-11-01,68.93155723698338,718
EI1,2016-12-01,71.47837217827451,673
EI1,2017-02-01,47.756005674681006,509
EI1,2017-03-01,39.954029547001284,358
EI1,2017-04-01,58.46425792012294,718
EI1,2017-05-01,46.484453655218594,742
EI1,2017-06-01,46.89785936540583,526
EI1,2017-07-01,38.71971364668419,613
EI1,2017-08-01,43.86009804826988,742
EI1,2017-09-01,55.19353980939705,720
EI1,2017-10-01,53.89982961800946,540
EI1,2017-11-01,65.32363574519486,717
EI1,2017-12-01,57.90822578263404,713
EI1,2018-01-01,53.97095308951535,681
EI1,2018-02-01,56.192420938126986,636
EI1,2018-03-01,60.20795962535231,737
EI1,2018-04-01,54.80422234801715,719
EI1,2018-05-01,49.6817436850787,700
EI1,2018-09-01,44.61939426103423,302
EI1,2018-10-01,48.27924887226659,671
EI1,2018-11-01,51.54169606624138,716
EI1,2018-12-01,54.83314937995079,743
EI1,2019-01-01,52.42239369873154,743
EI1,2019-02-01,61.116184754795796,660
EI1,2019-03-01,46.45818270867324,735
EI1,2019-04-01,46.74222637534409,714
EI1,2019-05-01,41.307589440570496,742
EI1,2019-06-01,38.28782946656799,717
EI1,2019-07-01,40.002418308349014,742
EI1,2019-08-01,42.824952225503196,737
EI1,2019-09-01,44.143943428694925,718
EI1,2019-10-01,51.78337886034235,741
EI1,2019-11-01,60.07513224357461,720
EI1,2019-12-01,57.84495473574136,741
EI1,2020-01-01,49.62392531278873,742
EI1,2020-02-01,36.676767288319894,668
EI1,2020-03-01,31.76705944824355,743
EI1,2020-04-01,25.048856011832555,719
EI1,2020-05-01,22.451118443874037,743
EI1,2020-06-01,27.611392771937982,718
EI1,2020-07-01,31.04435093751995,621
EI1,2020-08-01,35.3045037127006,702
EI1,2020-09-01,36.954315597952274,715
EI1,2020-10-01,37.32588289106284,741
EI1,2020-11-01,43.29240695530805,714
EI1,2020-12-01,43.74969195191908,740
EI1,2021-01-01,39.58971033103317,742
EI1,2021-02-01,38.29204678035926,670
EI1,2021-03-01,38.14670493826852,741
EI1,2021-04-01,34.79103694983688,718
EI1,2021-05-01,33.0380700574854,742
EI1,2021-06-01,25.724043634214254,716
EI1,2021-07-01,32.494418676836844,742
EI1,2021-08-01,25.990291485587875,741
EI1,2021-09-01,41.873359924884134,717
EI1,2021-10-01,37.846581962829525,742
EI1,2021-11-01,40.569584850761565,716
EI1,2021-12-01,41.676336149332755,741
EI1,2022-01-01,52.0122412420517,739
EI1,2022-02-01,37.07021175552996,670
EI1,2022-03-01,42.86892793772278,705
EI1,2022-04-01,30.223725521342875,719
EI1,2022-05-01,29.655855930966407,742
EI1,2022-06-01,26.325804813010283,715
EI1,2022-07-01,26.621557948738108,741
EI1,2022-08-01,27.43368237177817,743
EI1,2022-09-01,37.39295624487691,717
EI1,2022-10-01,35.45150120897205,743
EI1,2022-11-01,35.58936990304948,718
EI1,2022-12-01,41.188616435067956,738
EI1,2023-01-01,38.69271499108319,741
EI1,2023-02-01,38.9498657796325,663
EI1,2023-03-01,28.85126519612659,742
EI1,2023-04-01,26.38974009289959,714
EI1,2023-05-01,21.603454952761133,739
EI1,2023-06-01,24.18953819515436,717
EI1,2023-07-01,23.7095416830225,738
EI1,2023-08-01,23.658931511172078,581
EI1,2023-09-01,31.958132987508122,718
EI1,2023-10-01,37.77331901264742,742
EI1,2023-11-01,37.43175007681267,718
EI1,2023-12-01,26.936492737314595,743
EI1,2024-01-01,33.72984538904426,738
EI1,2024-02-01,31.400334070744726,691
EI1,2024-03-01,34.42777420047169,737
EI1,2024-04-01,24.32144576126401,707
EI1,2024-05-01,27.76776877455943,733
EI1,2024-06-01,23.615265329000895,710
EI1,2024-07-01,24.511877199983772,568
EI1,2024-08-01,19.548465761366508,731
EI1,2024-09-01,24.09575825877798,712
EI1,2024-10-01,30.977033453822152,733
EI1,2024-11-01,35.79180978747522,714
EI1,2024-12-01,27.937668505554875,740
EI3,2017-11-01,40.34537074271008,176
EI3,2017-12-01,40.04427220816126,744
EI3,2018-01-01,35.476906723485385,743
EI3,2018-02-01,37.19717081885338,670
EI3,2018-03-01,36.479344549415906,743
EI3,2018-04-01,29.574924644241236,719
EI3,2018-05-01,30.071888484503997,740
EI3,2018-06-01,18.608721064522697,717
EI3,2018-07-01,21.047415541245336,741
EI3,2018-08-01,19.36547600149323,742
EI3,2018-09-01,25.736531448167973,720
EI3,2018-10-01,31.393073684041518,744
EI3,2018-11-01,32.55170840635592,695
EI3,2018-12-01,30.85387193874043,744
EI3,2019-01-01,38.23294701815771,743
EI3,2019-02-01,37.91444089382716,670
EI3,2019-03-01,24.33609149532618,739
EI3,2019-04-01,30.460769987260214,719
EI3,2019-05-01,22.175202642699222,743
EI3,2019-06-01,17.311840601706937,713
EI3,2019-07-01,16.5856019513373,743
EI3,2019-08-01,16.017904335885788,741
EI3,2019-09-01,21.22010406517293,717
EI3,2019-10-01,27.62656542247923,743
EI3,2019-11-01,36.66979137865027,720
EI3,2019-12-01,30.174683698763186,744
EI3,2020-01-01,27.887332567438946,740
EI3,2020-02-01,19.66965822920835,691
EI3,2020-03-01,20.428542881698185,744
EI3,2020-04-01,19.95345916230115,720
EI3,2020-05-01,13.823756170880266,742
EI3,2020-06-01,13.511566746790947,718
EI3,2020-07-01,12.800757821982312,157
EI3,2020-09-01,15.28468347438614,136
EI3,2020-10-01,18.331993583696235,257
EI3,2021-02-01,18.47917421966817,652
EI3,2021-03-01,24.812347095874415,719
EI3,2021-04-01,23.356846273639288,673
EI3,2021-05-01,16.726851183176457,744
EI3,2021-06-01,17.15944469863211,298
EI3,2021-07-01,13.943021689316302,350
EI3,2021-08-01,19.389498745664056,41
EI3,2021-09-01,20.59302511336497,327
EI3,2021-10-01,20.093961296179764,743
EI3,2021-11-01,28.59123969827582,720
EI3,2021-12-01,22.467999155035404,744
EI3,2022-01-01,32.859707568517344,739
EI3,2022-02-01,17.13950357753698,670
EI3,2022-03-01,27.50356743042064,741
EI3,2022-04-01,19.16746283341165,719
EI3,2022-05-01,14.949990013946987,727
EI3,2022-06-01,13.694099287291815,359
EI3,2024-11-01,22.052831586357016,416
EI3,2024-12-01,15.615327914988342,744
EN1,2016-01-01,38.324330354555514,740
EN1,2016-02-01,33.110413629924025,694
EN1,2016-03-01,27.278271368964273,742
EN1,2016-04-01,24.949517211258833,720
EN1,2016-05-01,20.46339763253331,742
EN1,2016-06-01,18.407320577648196,719
EN1,2016-07-01,14.174579533793237,739
EN1,2016-08-01,16.704756716755636,741
EN1,2016-09-01,25.05382579635951,718
EN1,2016-10-01,28.735305548598344,742
EN1,2016-11-01,35.715734038850094,717
EN1,2016-12-01,47.99506573710675,719
EN1,2017-01-01,50.049115189112776,744
EN1,2017-02-01,33.209320576329084,671
EN1,2017-03-01,32.238439367866825,743
EN1,2017-04-01,21.839768316361038,717
EN1,2017-05-01,21.407591779720278,742
EN1,2017-06-01,13.813846958809002,711
EN1,2017-07-01,14.382100060221857,742
EN1,2017-08-01,19.675826662750968,743
EN1,2017-09-01,23.658340263801925,718
EN1,2017-10-01,24.697788064909638,744
EN1,2017-11-01,34.699315107796416,694
EN1,2017-12-01,29.800806653911334,742
EN1,2018-01-01,30.754258480694727,742
EN1,2018-02-01,33.87846404898631,670
EN1,2018-03-01,34.16492764008533,740
EN1,2018-04-01,23.69055961250537,718
EN1,2018-05-01,19.356203526075053,740
EN1,2018-06-01,14.375734915498727,714
EN1,2018-07-01,19.841915204409673,744
EN1,2018-08-01,17.087513005844308,743
EN1,2018-09-01,21.80482748828908,718
EN1,2018-10-01,25.685207667067566,743
EN1,2018-11-01,32.79128267390461,717
EN1,2018-12-01,32.790626715872705,740
EN1,2019-01-01,29.908504860670323,718
EN1,2019-02-01,35.705691092557664,670
EN1,2019-03-01,19.877835932014722,742
EN1,2019-04-01,24.854360241180487,719
EN1,2019-05-01,16.413165698786685,742
EN1,2019-06-01,16.592999857143674,712
EN1,2019-07-01,14.262440597657701,743
EN1,2019-08-01,15.62380086401914,743
EN1,2019-09-01,17.093064263089726,719
EN1,2019-10-01,22.95124353723014,741
EN1,2019-11-01,30.601169028970777,713
EN1,2019-12-01,26.73883158896519,742
EN1,2020-01-01,25.84202196457291,742
EN1,2020-02-01,18.926784563498785,694
EN1,2020-03-01,18.753985187924428,742
EN1,2020-04-01,18.316332873379093,720
EN1,2020-05-01,13.08092329737122,744
EN1,2020-06-01,13.199059946967893,720
EN1,2020-07-01,10.080861026574123,744
EN1,2020-08-01,13.49120503173152,744
EN1,2020-09-01,15.74765488875335,720
EN1,2020-10-01,17.247817963059337,744
EN1,2020-11-01,25.83041147416245,716
EN1,2020-12-01,26.468053342206495,743
EN1,2021-01-01,22.138408788188983,742
EN1,2021-02-01,24.973112590122945,671
EN1,2021-03-01,22.454221503367886,734
EN1,2021-04-01,20.12420884024947,718
EN1,2021-05-01,14.523307400491488,743
EN1,2021-06-01,11.60212874207975,716
EN1,2021-07-01,12.442477901419563,742
EN1,2021-08-01,10.592549354574164,743
EN1,2021-09-01,17.25435559640026,719
EN1,2021-10-01,19.68800167853972,738
EN1,2021-11-01,22.680232439715553,716
EN1,2021-12-01,23.645808964777434,742
EN1,2022-01-01,29.27871977503503,743
EN1,2022-02-01,15.298595838288023,668
EN1,2022-03-01,27.047380827408002,741
EN1,2022-04-01,16.244548019088867,717
EN1,2022-05-01,12.946140622457735,740
EN1,2022-06-01,12.098566002781881,717
EN1,2022-07-01,11.442845078714052,739
EN1,2022-08-01,13.081103796505216,743
EN1,2022-09-01,16.393443769386636,718
EN1,2022-10-01,21.05847699818046,742
EN1,2022-11-01,20.75922027638905,717
EN1,2022-12-01,28.950747027644038,741
EN1,2023-01-01,23.21498983669298,742
EN1,2023-02-01,27.123708047470885,662
EN1,2023-03-01,18.012803890420034,739
EN1,2023-04-01,17.11956427844332,719
EN1,2023-05-01,10.943535539793055,741
EN1,2023-06-01,11.55428410908884,716
EN1,2023-07-01,8.638060291660128,742
EN1,2023-08-01,10.602553377128778,741
EN1,2023-09-01,15.801307996268672,718
EN1,2023-10-01,18.963355749400773,740
EN1,2023-11-01,20.630792829269993,716
EN1,2023-12-01,17.45998151623024,743
EN1,2024-01-01,20.777129269951025,741
EN1,2024-02-01,16.84545886943439,694
EN1,2024-03-01,17.83990180719231,740
EN1,2024-04-01,9.913172234374024,693
EN1,2024-05-01,13.581010300091352,741
EN1,2024-06-01,9.104592769050637,718
EN1,2024-07-01,10.227290017745585,741
EN1,2024-08-01,9.722199572296086,738
EN1,2024-09-01,12.679510538421525,717
EN1,2024-10-01,19.181523674079134,741
EN1,2024-11-01,21.73339849011277,714
EN1,2024-12-01,14.66894634479728,742
EN4,2016-01-01,50.816622179572704,744
EN4,2016-02-01,48.15822943577693,691
EN4,2016-03-01,46.03391795156215,738
EN4,2016-04-01,44.047982337361276,718
EN4,2016-05-01,38.84776554151983,717
EN4,2016-06-01,35.23148311648175,716
EN4,2016-07-01,29.983593171207158,738
EN4,2016-08-01,32.57398271767312,741
EN4,2016-09-01,41.61980508495208,717
EN4,2016-10-01,43.67290177929043,741
EN4,2016-11-01,52.26615746516847,711
EN4,2016-12-01,55.831223279654395,731
EN4,2017-01-01,53.366448043719906,741
EN4,2017-02-01,38.67459000171829,671
EN4,2017-03-01,42.23789783189823,741
EN4,2017-04-01,38.433400444567674,718
EN4,2017-05-01,31.410236966211805,742
EN4,2017-06-01,30.878870837613395,713
EN4,2017-07-01,31.126089613412386,743
EN4,2017-08-01,33.08397527383149,741
EN4,2017-09-01,36.25211150450454,717
EN4,2017-10-01,35.28663277562744,741
EN4,2017-11-01,47.46497791255956,689
EN4,2017-12-01,43.332848442467,743
EN4,2018-01-01,39.01298070444104,742
EN4,2018-02-01,42.182268719633576,669
EN4,2018-03-01,41.396433569444504,742
EN4,2018-04-01,35.887707998158895,718
EN4,2018-05-01,35.41693366746383,739
EN4,2018-06-01,26.621882214876024,669
EN4,2018-07-01,29.92090428674183,743
EN4,2018-08-01,24.217339133721808,742
EN4,2018-09-01,32.82943719055691,719
EN4,2018-10-01,34.83678288063782,739
EN4,2018-11-01,35.438938694295956,714
EN4,2018-12-01,39.21016840990043,738
EN4,2019-01-01,45.88082823575033,741
EN4,2019-02-01,48.845054788404255,669
EN4,2019-03-01,35.13782119388192,742
EN4,2019-04-01,39.86552658372081,718
EN4,2019-05-01,32.09448084727008,740
EN4,2019-06-01,31.4205597992338,712
EN4,2019-07-01,30.71905055894938,742
EN4,2019-08-01,29.547363740172507,743
EN4,2019-09-01,32.533221172155706,718
EN4,2019-10-01,38.7725354387079,742
EN4,2019-11-01,45.771192894394204,709
EN4,2019-12-01,39.956087080979295,740
EN4,2020-01-01,38.45860412477954,741
EN4,2020-02-01,29.910883791268535,695
EN4,2020-03-01,29.039898037432597,742
EN4,2020-04-01,24.639256005522117,718
EN4,2020-05-01,22.779938180123036,741
EN4,2020-06-01,23.395081613367285,718
EN4,2020-07-01,19.65706972246642,743
EN4,2020-08-01,23.12219430213425,741
EN4,2020-09-01,28.706763314797463,681
EN4,2020-10-01,28.29605297356639,632
EN4,2020-11-01,33.86262346027642,714
EN4,2020-12-01,31.815820731199878,741
EN4,2021-01-01,31.157304706950605,737
EN4,2021-02-01,32.47683062590397,672
EN4,2021-03-01,28.902189488391627,741
EN4,2021-04-01,29.725259428772013,717
EN4,2021-05-01,23.047000690783058,743
EN4,2021-06-01,21.48042728997174,717
EN4,2021-07-01,17.903483749236045,740
EN4,2021-08-01,15.485397085797667,733
EN4,2021-09-01,22.14700955703666,719
EN4,2021-10-01,23.85880742014472,742
EN4,2021-11-01,26.606024714249074,701
EN4,2021-12-01,22.554878000098352,731
EN4,2022-01-01,30.043554012226245,739
EN4,2022-02-01,19.600541534838996,659
EN4,2022-03-01,31.045109516319094,741
EN4,2022-04-01,20.945643174718086,716
EN4,2022-05-01,22.561735940444727,740
EN4,2022-06-01,20.94948457812574,717
EN4,2022-07-01,19.91102823402021,606
EN4,2022-08-01,21.45074866409979,564
EN4,2022-09-01,24.062869875773494,717
EN4,2022-10-01,30.95107239478331,740
EN4,2022-11-01,29.526518086450306,711
EN4,2022-12-01,39.23831077739913,742
EN4,2023-01-01,31.971505552634063,737
EN4,2023-02-01,35.97145030488138,667
EN4,2023-03-01,25.464613775985626,740
EN4,2023-04-01,25.483123189180525,718
EN4,2023-05-01,22.297249421671214,742
EN4,2023-06-01,22.648647026169698,379
EN4,2023-07-01,15.45698045820086,516
EN4,2023-08-01,18.680693974912533,742
EN4,2023-09-01,26.41958675777888,719
EN4,2023-10-01,31.244432587991508,742
EN4,2023-11-01,33.58884541574673,714
EN4,2023-12-01,24.34257003489044,743
EN4,2024-01-01,30.879407388805664,742
EN4,2024-02-01,24.843785722572154,693
EN4,2024-03-01,25.894707429920125,737
EN4,2024-04-01,17.037498096066635,719
EN4,2024-05-01,21.218752718416827,741
EN4,2024-06-01,17.954557965054896,719
EN4,2024-07-01,18.181705127753922,742
EN4,2024-08-01,15.43906707597952,738
EN4,2024-09-01,21.959152023259964,717
EN4,2024-10-01,28.139920005488438,742
EN4,2024-11-01,33.32094283935147,717
EN4,2024-12-01,22.615380311297667,739
EN5,2016-01-01,55.61048392985399,742
EN5,2016-02-01,51.67544664200801,669
EN5,2016-03-01,51.66424628600454,542
EN5,2016-04-01,51.85295245110543,588
EN5,2016-05-01,48.12281657732509,742
EN5,2016-06-01,33.14972917277939,717
EN5,2016-07-01,35.23892689284118,717
EN5,2016-08-01,37.60630295510077,742
EN5,2016-09-01,37.804329480500726,701
EN5,2016-10-01,47.66263279146942,743
EN5,2016-11-01,53.07091677796957,719
EN5,2016-12-01,58.37786553973156,735
EN5,2017-01-01,68.08129885845756,740
EN5,2017-02-01,43.50919420048816,671
EN5,2017-03-01,41.84716671560877,741
EN5,2017-04-01,47.35704900655351,713
EN5,2017-05-01,35.753899837540196,738
EN5,2017-06-01,35.91691614638645,650
EN5,2017-08-01,34.97125682032421,729
EN5,2017-09-01,39.3922265279629,714
EN5,2017-10-01,40.68093869628192,742
EN5,2017-11-01,60.48943039240194,474
EN5,2017-12-01,48.947504011400156,743
EN5,2018-01-01,45.2613651009128,743
EN5,2018-02-01,48.313232639615684,671
EN5,2018-03-01,49.15828995820651,719
EN5,2018-04-01,41.232383140538815,720
EN5,2018-05-01,46.87333349129323,740
EN5,2018-06-01,38.250525999018976,690
EN5,2018-07-01,42.780701566640985,743
EN5,2018-08-01,35.1947077963331,740
EN5,2018-09-01,41.77225316810506,719
EN5,2018-10-01,45.18546401800275,695
EN5,2018-11-01,43.939257357385635,718
EN5,2018-12-01,47.6636318245985,741
EN5,2019-01-01,57.48309265937874,717
EN5,2019-02-01,51.99905778509079,670
EN5,2019-03-01,40.005685586591355,743
EN5,2019-04-01,47.67545295066242,718
EN5,2019-05-01,40.54924683128838,738
EN5,2019-06-01,28.83124947604863,710
EN5,2019-07-01,34.213819037808705,744
EN5,2019-08-01,29.976488036318653,743
EN5,2019-09-01,35.369088448871864,717
EN5,2019-10-01,36.762094474460156,661
EN5,2019-11-01,49.56227882823985,622
EN5,2019-12-01,38.60791783859432,738
EN5,2020-01-01,35.31685705608142,742
EN5,2020-02-01,29.307857175382477,694
EN5,2020-03-01,28.300793340291047,744
EN5,2020-04-01,29.13906516505332,719
EN5,2020-05-01,28.547258102653007,741
EN5,2020-06-01,23.9757257030127,719
EN5,2020-07-01,23.971474610932948,742
EN5,2020-08-01,26.92552743166364,737
EN5,2020-09-01,31.283610167309423,719
EN5,2020-10-01,26.768648371739946,742
EN5,2020-11-01,36.75133626772894,703
EN5,2020-12-01,33.965656789760146,731
EN5,2021-01-01,34.36207904751106,742
EN5,2021-02-01,29.511929079911088,671
EN5,2021-03-01,33.1312354994462,742
EN5,2021-04-01,34.07620864366047,719
EN5,2021-05-01,26.609810876447046,742
EN5,2021-06-01,25.059305400842508,713
EN5,2021-07-01,24.309738890419855,716
EN5,2021-08-01,18.77594613761933,691
EN5,2021-09-01,31.69191119908745,718
EN5,2021-10-01,28.699597723159478,743
EN5,2021-11-01,36.912765442037596,713
EN5,2021-12-01,32.22436241144447,743
EN5,2022-01-01,42.65408454873325,742
EN5,2022-02-01,23.72327757300408,671
EN5,2022-03-01,37.31135119290944,743
EN5,2022-04-01,27.08536311105946,719
EN5,2022-05-01,23.24050023531709,740
EN5,2022-06-01,20.105085685840674,717
EN5,2022-07-01,23.66136590880967,742
EN5,2022-08-01,23.76206822151633,744
EN5,2022-09-01,28.814698119883452,713
EN5,2022-10-01,25.69381682943498,742
EN5,2022-11-01,26.366494602367947,716
EN5,2022-12-01,34.75291217035753,741
EN5,2023-01-01,31.42103013293451,741
EN5,2023-02-01,34.95830817628827,668
EN5,2023-03-01,22.155401375211202,743
EN5,2023-04-01,26.807751225086047,719
EN5,2023-05-01,21.577164642028627,742
EN5,2023-06-01,20.139255594183243,718
EN5,2023-07-01,16.18402450995691,742
EN5,2023-08-01,18.58586911556259,741
EN5,2023-09-01,25.885443033497076,719
EN5,2023-10-01,25.8330748667792,741
EN5,2023-11-01,29.701461543849973,716
EN5,2023-12-01,23.482972494230715,739
EN5,2024-01-01,28.020936324736542,743
EN5,2024-02-01,25.124419637420502,696
EN5,2024-03-01,24.823755068623047,744
EN5,2024-04-01,16.136726307988152,718
EN5,2024-05-01,23.03485733262308,739
EN5,2024-06-01,20.515042262789947,720
EN5,2024-07-01,19.756790641386008,744
EN5,2024-08-01,18.304163292702185,741
EN5,2024-09-01,22.617619222362997,718
EN5,2024-10-01,27.33485082997413,740
EN5,2024-11-01,33.85234806091329,715
EN5,2024-12-01,22.295667953743596,742
EN7,2016-01-01,33.06456704493068,716
EN7,2016-02-01,33.5567221879834,696
EN7,2016-03-01,28.363858148892813,742
EN7,2016-04-01,25.14154983013243,718
EN7,2016-05-01,20.818186180379218,738
EN7,2016-06-01,14.893091585770424,719
EN7,2016-07-01,14.250508462541752,742
EN7,2016-08-01,15.73322774497984,716
EN7,2016-09-01,21.116720401387248,720
EN7,2016-10-01,22.211102498389256,506
EN7,2016-11-01,30.44556279599367,718
EN7,2016-12-01,39.677962940342375,744
EN7,2017-01-01,42.60859066961493,717
EN7,2017-02-01,25.41720742810287,672
EN7,2017-03-01,23.254260696621227,743
EN7,2017-04-01,20.678619887149555,720
EN7,2017-05-01,21.226854096637084,744
EN7,2017-06-01,16.69458702859642,691
EN7,2017-07-01,13.896868995789516,744
EN7,2017-08-01,17.639690429645704,744
EN7,2017-09-01,18.28783488722508,718
EN7,2017-10-01,21.64958910516746,743
EN7,2017-11-01,28.65606109392608,716
EN7,2017-12-01,27.092291873777977,717
EN7,2018-01-01,26.907736879614287,740
EN7,2018-02-01,31.044989229993924,670
EN7,2018-03-01,28.150092459323425,741
EN7,2018-04-01,22.129330132573525,719
EN7,2018-05-01,21.403116375548358,742
EN7,2018-06-01,14.90590246347024,717
EN7,2018-07-01,20.322062333192473,744
EN7,2018-08-01,15.857166063663145,743
EN7,2018-09-01,20.881607232116163,717
EN7,2018-10-01,24.87804534185909,571
EN7,2018-11-01,27.493606688847006,718
EN7,2018-12-01,27.517974302195753,743
EN7,2019-01-01,32.04873738702057,743
EN7,2019-02-01,35.53495982618919,672
EN7,2019-03-01,19.959984069913467,742
EN7,2019-04-01,27.416813855436516,716
EN7,2019-05-01,18.318657265963797,718
EN7,2019-06-01,15.621236448101468,717
EN7,2019-07-01,16.293656833328765,743
EN7,2019-08-01,16.781371571868913,741
EN7,2019-09-01,19.108645924766382,714
EN7,2019-10-01,21.210624488844534,740
EN7,2019-11-01,24.807953983868533,718
EN7,2019-12-01,25.235963777711653,743
EN7,2020-01-01,26.230487783538592,743
EN7,2020-02-01,16.560192648777505,693
EN7,2020-03-01,17.00283664977309,743
EN7,2020-04-01,16.811034933986328,719
EN7,2020-05-01,13.987298418999503,739
EN7,2020-06-01,13.443939236036575,718
EN7,2020-07-01,13.357596284592361,742
EN7,2020-08-01,16.438813740733664,737
EN7,2020-09-01,17.804321674334197,719
EN7,2020-10-01,18.301198179311985,744
EN7,2020-11-01,24.194262484270187,718
EN7,2020-12-01,23.967091630030755,743
EN7,2021-01-01,21.70769223259196,740
EN7,2021-02-01,23.407712643213202,671
EN7,2021-03-01,19.265853420765673,360
EN7,2021-04-01,23.22766920910534,393
EN7,2021-05-01,15.217247658394959,743
EN7,2021-06-01,12.605558483273366,720
EN7,2021-07-01,13.065766900858545,744
EN7,2021-08-01,10.953578608276084,743
EN7,2021-09-01,16.812838759148345,717
EN7,2021-10-01,18.40780232831375,743
EN7,2021-11-01,23.37711958856745,714
EN7,2021-12-01,20.22366504060941,738
EN7,2022-01-01,27.717011378529754,742
EN7,2022-02-01,14.691490677355594,672
EN7,2022-03-01,21.676199490666434,735
EN7,2022-04-01,16.656023904780746,719
EN7,2022-05-01,13.271230921427184,743
EN7,2022-06-01,13.111335879767015,718
EN7,2022-07-01,12.67396281278708,741
EN7,2022-08-01,15.294708694103443,744
EN7,2022-09-01,15.956269964752371,717
EN7,2022-10-01,16.843858658709447,743
EN7,2022-11-01,17.838316820096388,715
EN7,2022-12-01,25.56541298210569,742
EN7,2023-01-01,22.720441998404297,742
EN7,2023-02-01,24.767543023165572,669
EN7,2023-03-01,14.650037715108281,739
EN7,2023-04-01,14.439092319249172,719
EN7,2023-05-01,11.346786475968186,742
EN7,2023-06-01,12.380992646834924,716
EN7,2023-07-01,8.4842257551684,742
EN7,2023-08-01,11.026673894166231,743
EN7,2023-09-01,16.643617486930612,671
EN7,2023-10-01,16.29808130567417,651
EN7,2023-11-01,18.524246489885748,717
EN7,2023-12-01,14.28759780219735,744
EN7,2024-01-01,19.976738299910174,742
EN7,2024-02-01,16.82875575462399,695
EN7,2024-03-01,15.85935181604765,603
EN7,2024-04-01,10.50616971258165,713
EN7,2024-05-01,11.575657626336467,742
EN7,2024-06-01,9.50490897470715,715
EN7,2024-07-01,10.061248756735047,726
EN7,2024-08-01,11.163492934542608,379
EN7,2024-09-01,11.371660564381283,718
EN7,2024-10-01,16.102275989276706,742
EN7,2024-11-01,19.95379491197332,716
EN7,2024-12-01,14.69270466829033,744
FA1,2016-01-01,68.09290410445946,740
FA1,2016-02-01,71.3050422916028,672
FA1,2016-03-01,71.22126070501741,732
FA1,2016-04-01,69.83179148226706,624
FA1,2016-05-01,47.162018824930435,515
FA1,2016-06-01,53.55645916208303,348
FA1,2016-08-01,84.92669338939066,110
FA1,2016-09-01,64.32460495242177,680
FA1,2016-10-01,58.3381641557341,699
FA1,2016-11-01,63.291232581785074,711
FA1,2016-12-01,65.02973277753891,737
FA1,2017-01-01,70.49324076092259,133
GB6,2016-01-01,44.78103268550757,743
GB6,2016-02-01,50.303384622327016,693
GB6,2016-03-01,53.55956567146156,743
GB6,2016-04-01,47.810496884694366,718
GB6,2016-05-01,48.1006486543606,742
GB6,2016-06-01,38.39363818060814,719
GB6,2016-07-01,30.595566818500377,738
GB6,2016-08-01,34.78574528403848,742
GB6,2016-09-01,34.233890257342686,571
GB6,2016-10-01,51.125864457106346,743
GB6,2016-11-01,49.56113087490051,720
GB6,2016-12-01,52.42968419895946,743
GB6,2017-01-01,65.64004232821266,740
GB6,2017-02-01,41.43961803835864,669
GB6,2017-03-01,34.947474520541675,743
GB6,2017-04-01,48.25898638023507,720
GB6,2017-05-01,40.2087142407102,743
GB6,2017-06-01,31.911704708309934,720
GB6,2017-07-01,29.662941209445624,521
GB6,2017-08-01,30.34187348652635,744
GB6,2017-09-01,35.09420596798501,720
GB6,2017-10-01,31.97668000014182,744
GB6,2017-11-01,47.60308803207619,717
GB6,2017-12-01,41.689467320600954,742
GB6,2018-01-01,37.30765312812705,744
GB6,2018-02-01,49.595390345266345,672
GB6,2018-03-01,47.03000809964356,692
GB6,2018-04-01,39.64897242199598,719
GB6,2018-05-01,46.827267209552915,743
GB6,2018-06-01,34.23356001958517,717
GB6,2018-07-01,36.592545085043334,744
GB6,2018-08-01,27.266637608728352,744
GB6,2018-09-01,33.05900173545401,716
GB6,2018-10-01,38.97796625033245,744
GB6,2018-11-01,38.62927288385468,720
GB6,2018-12-01,33.78226338436846,744
GB6,2019-01-01,49.11684396584194,737
GB6,2019-02-01,41.88630170396017,672
GB6,2019-03-01,32.700237894566655,742
GB6,2019-04-01,50.98188131239859,720
GB6,2019-05-01,36.739252776101196,744
GB6,2019-06-01,25.24813250420007,714
GB6,2019-07-01,27.72640725609512,743
GB6,2019-08-01,25.1120069043441,742
GB6,2019-09-01,27.471681894371613,720
GB6,2019-10-01,33.72805877816194,743
GB6,2019-11-01,45.82877470674532,717
GB6,2019-12-01,32.2232019582706,742
GB6,2020-01-01,31.648932412852005,744
GB6,2020-02-01,21.59935101405285,694
GB6,2020-03-01,24.94980098818775,744
GB6,2020-04-01,26.875735619929827,718
GB6,2020-05-01,22.88318365554101,744
GB6,2020-06-01,24.425696849493292,715
GB6,2020-07-01,20.622368739476236,744
GB6,2020-08-01,26.167134053847317,743
GB6,2020-09-01,28.291965819259396,720
GB6,2020-10-01,25.27828216104012,744
GB6,2020-11-01,33.9829826199915,716
GB6,2020-12-01,34.68636119057111,740
GB6,2021-01-01,32.06219511954735,744
GB6,2021-02-01,27.97857120719027,672
GB6,2021-03-01,31.47166638162274,740
GB6,2021-04-01,34.63150726134374,719
GB6,2021-05-01,23.74343223345482,744
GB6,2021-06-01,24.31580771645718,720
GB6,2021-07-01,23.161909233771922,740
GB6,2021-08-01,18.48641013625844,744
GB6,2021-09-01,27.09434814394337,720
GB6,2021-10-01,21.525002976394244,531
GB6,2021-11-01,28.94727937198288,720
GB6,2021-12-01,27.581841461515552,741
GB6,2022-01-01,35.081889891093496,744
GB6,2022-02-01,16.82008608647604,672
GB6,2022-03-01,35.56813348413715,744
GB6,2022-04-01,26.351442962397666,720
GB6,2022-05-01,18.24698022632032,744
GB6,2022-06-01,17.001167725081277,718
GB6,2022-07-01,16.754439791177045,744
GB6,2022-08-01,18.19563873182924,744
GB6,2022-09-01,19.628238977416178,720
GB6,2022-10-01,15.675010681018081,741
GB6,2022-11-01,16.388924000220943,720
GB6,2022-12-01,24.342349244382326,743
GB6,2023-01-01,21.352501800050472,736
GB6,2023-02-01,22.915553421759363,667
GB6,2023-03-01,15.583471115656671,738
GB6,2023-04-01,17.99107422814327,715
GB6,2023-05-01,13.730297778713016,740
GB6,2023-06-01,16.062424727111996,719
GB6,2023-07-01,10.002217620497742,740
GB6,2023-08-01,12.78407705834184,729
GB6,2023-12-01,6.762414667227141,283
GB6,2024-01-01,19.498439339853906,743
GB6,2024-02-01,14.4929852176632,696
GB6,2024-03-01,15.956845006782643,621
GB6,2024-04-01,11.892128622767027,701
GB6,2024-05-01,22.520317150741196,575
GB6,2024-06-01,15.065284154471058,711
GB6,2024-07-01,13.485084920459823,744
GB6,2024-08-01,9.825074172492668,646
GB6,2024-09-01,14.636796248134988,64
GB6,2024-10-01,19.781580049944488,656
GB6,2024-11-01,26.925585482818704,720
GB6,2024-12-01,18.686555565969822,744
GN0,2016-01-01,37.96805862368814,742
GN0,2016-02-01,40.65745164848023,693
GN0,2016-03-01,42.45393000142082,743
GN0,2016-04-01,39.09165202898265,719
GN0,2016-05-01,40.70005891013163,739
GN0,2016-06-01,32.83351773598803,720
GN0,2016-07-01,26.35955355300577,741
GN0,2016-08-01,30.40722637068599,742
GN0,2016-09-01,29.57277568334158,718
GN0,2016-10-01,43.874090427498516,740
GN0,2016-11-01,47.467978187050214,719
GN0,2016-12-01,51.337086160529545,743
GN0,2017-01-01,54.65768397765821,741
GN0,2017-02-01,35.45647254946322,667
GN0,2017-03-01,34.10322607553264,742
GN0,2017-04-01,39.456980581251415,718
GN0,2017-05-01,38.40564033532065,743
GN0,2017-06-01,30.141786361078786,718
GN0,2017-07-01,24.33752081774331,740
GN0,2017-08-01,27.64525794557603,743
GN0,2017-09-01,30.334437212993873,716
GN0,2017-10-01,30.888882759366407,742
GN0,2017-11-01,41.93232025707209,716
GN0,2017-12-01,37.13429161815033,738
GN0,2018-01-01,32.588117166817575,742
GN0,2018-02-01,42.041147399889574,672
GN0,2018-03-01,39.30856203650469,742
GN0,2018-04-01,34.87124582188705,718
GN0,2018-05-01,43.9793655931299,742
GN0,2018-06-01,32.82529428036308,718
GN0,2018-07-01,31.483942069891697,736
GN0,2018-08-01,26.152958247379242,742
GN0,2018-09-01,32.75711264279066,718
GN0,2018-10-01,36.78199818760286,743
GN0,2018-11-01,32.53074007830873,717
GN0,2018-12-01,29.993144839459564,740
GN0,2019-01-01,43.6046038721929,740
GN0,2019-02-01,39.800271206274644,671
GN0,2019-03-01,31.159858616082612,742
GN0,2019-04-01,45.34504578582911,681
GN0,2019-05-01,34.55544571303056,741
GN0,2019-06-01,24.32290745922808,716
GN0,2019-07-01,25.292043652905704,743
GN0,2019-08-01,22.691317630962228,743
GN0,2019-09-01,25.673651068344057,714
GN0,2019-10-01,31.2281429464029,742
GN0,2019-11-01,38.59568871942382,720
GN0,2019-12-01,31.308385431759415,742
GN0,2020-01-01,30.458517465842032,740
GN0,2020-02-01,22.094526555569118,695
GN0,2020-03-01,28.27347570447939,743
GN0,2020-04-01,32.375683759096525,720
GN0,2020-05-01,25.486021616846642,744
GN0,2020-06-01,21.087553876503936,716
GN0,2020-07-01,18.63743853086605,741
GN0,2020-08-01,24.816775501194844,744
GN0,2020-09-01,30.089979836036896,718
GN0,2020-10-01,23.729670347004575,743
GN0,2020-11-01,30.390697177029086,719
GN0,2020-12-01,28.070668059774626,713
GN0,2021-01-01,28.576343878398774,744
GN0,2021-02-01,24.40993632708327,669
GN0,2021-03-01,32.59281773375928,740
GN0,2021-04-01,33.11392412787649,719
GN0,2021-05-01,23.571714075351426,743
GN0,2021-06-01,26.324508534764924,719
GN0,2021-07-01,22.676362645559262,744
GN0,2021-08-01,17.808338152512814,739
GN0,2021-09-01,30.204399981588935,720
GN0,2021-10-01,23.937436236163947,743
GN0,2021-11-01,32.46844120962315,720
GN0,2021-12-01,27.87354852072735,743
GN0,2022-01-01,36.5030600375167,744
GN0,2022-02-01,19.713448509211076,671
GN0,2022-03-01,38.25779409475023,744
GN0,2022-04-01,30.864336478032023,719
GN0,2022-05-01,21.216495478125402,744
GN0,2022-06-01,20.440090799891827,720
GN0,2022-07-01,21.54576576215645,743
GN0,2022-08-01,20.99446281737444,742
GN0,2022-09-01,27.008018260470692,718
GN0,2022-10-01,21.462481159404934,741
GN0,2022-11-01,20.632185507299795,716
GN0,2022-12-01,32.84386367734809,744
GN0,2023-01-01,30.140289671060668,742
GN0,2023-02-01,34.17521094847169,515
GN0,2023-03-01,18.179646681653175,679
GN0,2023-04-01,24.304822376864912,716
GN0,2023-05-01,26.009155442473478,743
GN0,2023-06-01,24.753435599772843,719
GN0,2023-07-01,13.733200620733557,743
GN0,2023-08-01,17.541800296254028,742
GN0,2023-09-01,23.8684072794716,716
GN0,2023-10-01,22.61897300781588,742
GN0,2023-11-01,26.949105856584147,720
GN0,2023-12-01,20.429338933923496,744
GN0,2024-01-01,27.18284452962665,739
GN0,2024-02-01,17.786952859775354,691
GN0,2024-03-01,26.852530439852256,524
GN0,2024-04-01,16.421291195454515,714
GN0,2024-05-01,21.34852066211744,744
GN0,2024-06-01,16.471646423493358,689
GN0,2024-07-01,14.077967849809784,729
GN0,2024-08-01,13.457560754885666,742
GN0,2024-09-01,20.07224397301332,710
GN0,2024-10-01,22.32943696383206,738
GN0,2024-11-01,29.4763669442054,719
GN0,2024-12-01,18.006302846330374,744
GN3,2016-01-01,40.666063455534264,647
GN3,2016-02-01,35.31030653529796,495
GN3,2016-03-01,35.835816640382845,744
GN3,2016-04-01,36.11487723490653,719
GN3,2016-05-01,32.68705619383334,743
GN3,2016-06-01,27.695377044713776,717
GN3,2016-07-01,26.268675458509303,741
GN3,2016-08-01,28.41532114065659,743
GN3,2016-09-01,31.664317877095485,690
GN3,2016-10-01,39.47153895342052,743
GN3,2016-11-01,48.89040100454184,717
GN3,2016-12-01,49.7912556288999,600
GN3,2017-01-01,55.910168884698074,642
GN3,2017-02-01,36.4696190324529,667
GN3,2017-03-01,36.871285341385345,742
GN3,2017-04-01,34.99146979432037,720
GN3,2017-05-01,29.193937882559823,744
GN3,2017-06-01,26.701620209941378,720
GN3,2017-07-01,22.958531182250052,741
GN3,2017-08-01,26.67774244274341,742
GN3,2017-09-01,30.792577570754645,714
GN3,2017-10-01,29.827255449708304,744
GN3,2017-11-01,42.83259394868468,717
GN3,2017-12-01,39.731517035073956,742
GN3,2018-01-01,32.947269244540024,743
GN3,2018-02-01,36.27244541052238,672
GN3,2018-03-01,40.151131599807,743
GN3,2018-04-01,31.502650221953456,720
GN3,2018-05-01,31.49983427830725,742
GN3,2018-06-01,22.009393227387505,717
GN3,2018-07-01,29.5069243475625,744
GN3,2018-08-01,29.20497456159666,744
GN3,2018-09-01,33.1099241931799,720
GN3,2018-10-01,37.16410802168006,744
GN3,2018-11-01,34.8230362392887,720
GN3,2018-12-01,41.51805073218458,741
GN3,2019-01-01,47.07951014892771,742
GN3,2019-02-01,41.399240161547155,670
GN3,2019-03-01,31.448845381471997,744
GN3,2019-04-01,39.22046598791283,720
GN3,2019-05-01,30.0422825084313,493
GN3,2019-06-01,23.20627452986886,716
GN3,2019-07-01,23.62018131965204,741
GN3,2019-08-01,24.120215517997735,743
GN3,2019-09-01,25.850506731404277,720
GN3,2019-10-01,31.674252823221035,744
GN3,2019-11-01,46.19948591359185,720
GN3,2019-12-01,38.02480180525581,742
GN3,2020-01-01,38.33919286637167,741
GN3,2020-02-01,31.136217060783157,696
GN3,2020-03-01,28.565082451667422,744
GN3,2020-04-01,29.697464652892318,720
GN3,2020-05-01,23.55831383098131,743
GN3,2020-06-01,23.55363650077485,717
GN3,2020-07-01,21.91414841600656,742
GN3,2020-08-01,25.680030470702345,744
GN3,2020-09-01,32.26226420438482,720
GN3,2020-10-01,27.957813841035293,744
GN3,2020-11-01,38.741881465183674,720
GN3,2020-12-01,34.322141327500226,739
GN3,2021-01-01,32.69869580543097,743
GN3,2021-02-01,27.46230500510811,671
GN3,2021-03-01,30.377833464126056,743
GN3,2021-04-01,29.014574123842586,720
GN3,2021-05-01,23.715376888887878,744
GN3,2021-06-01,19.887530532057305,720
GN3,2021-07-01,18.716642042785846,740
GN3,2021-08-01,15.724673800403226,744
GN3,2021-09-01,26.40819712152521,720
GN3,2021-10-01,23.65371602750885,744
GN3,2021-11-01,28.957635486886108,720
GN3,2021-12-01,25.615877928987448,744
GN3,2022-01-01,36.52165082437275,744
GN3,2022-02-01,22.018615606397333,669
GN3,2022-03-01,34.393746919997,741
GN3,2022-04-01,23.607469928624727,705
GN3,2022-05-01,21.22246795056177,744
GN3,2022-06-01,19.25464711408153,720
GN3,2022-07-01,19.725692297996325,744
GN3,2022-08-01,19.6753202467862,743
GN3,2022-09-01,23.27069427099356,720
GN3,2022-10-01,23.89328979947155,744
GN3,2022-11-01,23.56559578482932,718
GN3,2022-12-01,30.160943036679395,743
GN3,2023-01-01,29.78456102152424,744
GN3,2023-02-01,34.23557652901856,672
GN3,2023-03-01,20.98696027746624,744
GN3,2023-04-01,23.463443810550356,720
GN3,2023-05-01,18.682577591361838,742
GN3,2023-06-01,19.8264099578798,720
GN3,2023-07-01,15.240314511207075,744
GN3,2023-08-01,17.71145152969629,744
GN3,2023-09-01,24.15092655150867,720
GN3,2023-10-01,25.124865925178593,744
GN3,2023-11-01,26.939597370983762,719
GN3,2023-12-01,21.758700756757584,739
GN3,2024-01-01,22.296091695194544,733
GN3,2024-02-01,20.726756028643745,669
GN3,2024-03-01,23.406342882707225,528
GN3,2024-04-01,14.557005507166407,720
GN3,2024-05-01,19.320128844794343,744
GN3,2024-06-01,15.264197124484593,713
GN3,2024-07-01,16.4954245734035,613
GN3,2024-08-01,15.454357910776876,377
GN3,2024-09-01,18.598565094690276,706
GN3,2024-10-01,26.620851930207888,714
GN3,2024-11-01,33.57281055602857,719
GN3,2024-12-01,22.10832052002369,731
GN4,2016-01-01,39.90579396170088,744
GN4,2016-02-01,49.474741959802216,694
GN4,2016-03-01,52.53147080278333,730
GN4,2016-04-01,44.214318661286825,719
GN4,2016-05-01,49.14483336144725,742
GN4,2016-06-01,39.00510552282849,719
GN4,2016-07-01,38.34790595515759,739
GN4,2016-08-01,41.774634647133034,742
GN4,2016-09-01,42.44349829576032,717
GN4,2016-10-01,51.45011875679573,740
GN4,2016-11-01,56.27078869442569,718
GN4,2016-12-01,52.61465105360967,741
GN4,2017-01-01,63.93694263041821,686
GN4,2017-02-01,40.146039612758514,642
GN4,2017-03-01,39.842751682995036,715
GN4,2017-04-01,45.50195263318907,710
GN4,2017-05-01,42.01098867178265,744
GN4,2017-06-01,38.81460345099428,718
GN4,2017-07-01,28.953513813972354,734
GN4,2017-08-01,33.54100422912512,742
GN4,2017-09-01,36.272306496232964,717
GN4,2017-10-01,35.493666881403534,742
GN4,2017-11-01,48.53561995718134,719
GN4,2017-12-01,41.64659673338513,739
GN4,2018-01-01,37.27748027906524,740
GN4,2018-02-01,46.22925731640367,671
GN4,2018-03-01,43.52011431058007,742
GN4,2018-04-01,38.53372518399684,717
GN4,2018-05-01,46.85328913788516,739
GN4,2018-06-01,39.500997263869564,718
GN4,2018-07-01,40.29415561113718,742
GN4,2018-08-01,31.32343331328112,730
GN4,2018-09-01,37.17617024710466,719
GN4,2018-10-01,41.68104613516198,743
GN4,2018-11-01,41.379270131453445,718
GN4,2018-12-01,36.60816820847117,723
GN4,2019-01-01,47.742945722889,710
GN4,2019-02-01,45.9992846885109,641
GN4,2019-03-01,35.87484853189243,711
GN4,2019-04-01,54.09163199816808,687
GN4,2019-05-01,38.933382452064144,711
GN4,2019-06-01,28.664738821620944,686
GN4,2019-07-01,29.24070837870596,713
GN4,2019-08-01,28.046535623877798,681
GN4,2019-09-01,28.521624918188888,657
GN4,2019-10-01,32.817274956320865,675
GN4,2019-11-01,42.75200371746209,660
GN4,2019-12-01,34.36020646099849,680
GN4,2020-01-01,35.45028938462896,712
GN4,2020-02-01,24.713814787455487,693
GN4,2020-03-01,26.074396658095715,740
GN4,2020-04-01,27.19863093332204,717
GN4,2020-05-01,25.9075401272341,703
GN4,2020-06-01,26.185032222175217,706
GN4,2020-07-01,18.746116718055905,741
GN4,2020-08-01,24.072200763289032,716
GN4,2020-09-01,31.902228824421105,714
GN4,2020-10-01,27.502129095955688,79
GN4,2020-12-01,24.034768338157992,416
GN4,2021-01-01,30.396234191594402,744
GN4,2021-02-01,33.116854370941674,663
GN4,2021-03-01,38.905026937463475,742
GN4,2021-04-01,54.14680703273152,719
GN4,2021-05-01,27.206168575966313,743
GN4,2021-06-01,27.915826982842983,716
GN4,2021-07-01,25.116558992341833,739
GN4,2021-08-01,19.463730284315478,744
GN4,2021-09-01,32.09111779144259,719
GN4,2021-10-01,23.722973039525893,735
GN4,2021-11-01,30.95556189602926,719
GN4,2021-12-01,25.51270097665051,744
GN4,2022-01-01,35.862382718626996,740
GN4,2022-02-01,18.822182203899562,658
GN4,2022-03-01,37.395704322300524,744
GN4,2022-04-01,31.168511749913062,719
GN4,2022-05-01,22.194303507016905,743
GN4,2022-06-01,21.44581091123638,720
GN4,2022-07-01,20.169270762428216,739
GN4,2022-08-01,25.183274666469107,741
GN4,2022-09-01,26.788782375310685,720
GN4,2022-10-01,24.42884282115789,742
GN4,2022-11-01,23.884366416061805,720
GN4,2022-12-01,32.63508380257585,739
GN4,2023-01-01,30.21983139785717,717
GN4,2023-02-01,33.68602882402018,669
GN4,2023-03-01,21.375969242427253,732
GN4,2023-04-01,26.399829783316584,717
GN4,2023-05-01,23.912013171744068,182
GN4,2023-06-01,32.21921782003647,550
GN4,2023-07-01,14.679106429329739,740
GN4,2023-08-01,19.287183410448776,743
GN4,2023-09-01,26.696609387782374,716
GN4,2023-10-01,23.71459841469741,744
GN4,2023-11-01,26.000186259446,719
GN4,2023-12-01,18.818497705061784,738
GN4,2024-01-01,23.61564528109959,742
GN4,2024-02-01,20.74052692842401,694
GN4,2024-03-01,21.637853204526692,744
GN4,2024-04-01,14.356877555784012,713
GN4,2024-05-01,20.719610749374084,741
GN4,2024-06-01,17.198566124098218,720
GN4,2024-07-01,18.127771834875848,740
GN4,2024-08-01,17.144197500038675,564
GN4,2024-09-01,22.09827945126787,713
GN4,2024-10-01,21.711495107608947,743
GN4,2024-11-01,29.166896951013353,710
GN4,2024-12-01,19.560840932685203,740
GN5,2017-10-01,42.91435498185437,345
GN5,2017-11-01,52.18962714809451,718
GN5,2017-12-01,54.36790858434176,735
GN5,2018-01-01,46.64982652552569,744
GN5,2018-02-01,45.31953835984796,672
GN5,2018-03-01,50.20815495937147,742
GN5,2018-04-01,41.965901717702074,718
GN5,2018-05-01,40.01660600717996,741
GN5,2018-06-01,29.77573098352337,715
GN5,2018-07-01,39.171355237388156,743
GN5,2018-08-01,40.1997865242154,741
GN5,2018-09-01,44.53659921227499,719
GN5,2018-10-01,42.04777137351803,735
GN5,2018-11-01,42.808730770105974,553
GN5,2018-12-01,46.895963231821625,741
GN5,2019-01-01,48.7986108498299,742
GN5,2019-02-01,56.02957349950608,669
GN5,2019-03-01,44.49569019617676,743
GN5,2019-04-01,37.95861355277356,719
GN5,2019-05-01,35.32820718513621,744
GN5,2019-06-01,30.972458964077383,715
GN5,2019-07-01,34.55972939662584,743
GN5,2019-08-01,37.27208386191058,741
GN5,2019-09-01,35.03934921501113,718
GN5,2019-10-01,41.072130907541194,739
GN5,2019-11-01,46.59716846912644,716
GN5,2019-12-01,45.59054264985881,742
GN5,2020-01-01,46.81312026062843,741
GN5,2020-02-01,41.60117337997574,690
GN5,2020-03-01,33.78205114620671,739
GN5,2020-04-01,27.218890113744447,718
GN5,2020-05-01,24.677275351167562,716
GN5,2020-06-01,26.673628533009836,717
GN5,2020-07-01,27.902550840182776,742
GN5,2020-08-01,32.15895300431041,744
GN5,2020-09-01,35.37733456835956,715
GN5,2020-10-01,33.7838188437067,741
GN5,2020-11-01,40.35008425841216,713
GN5,2020-12-01,35.318824972415065,741
GN5,2021-01-01,37.86620501591703,743
GN5,2021-02-01,31.657825605931404,433
GN5,2021-03-01,37.88539250404023,534
GN5,2021-04-01,32.01592880530875,720
GN5,2021-05-01,30.57280884039416,743
GN5,2021-06-01,23.796168563269262,719
GN5,2021-07-01,28.814059592902566,737
GN5,2021-08-01,26.19485765377549,744
GN5,2021-09-01,37.2386683443488,719
GN5,2021-10-01,35.165286488743064,744
GN5,2021-11-01,40.674717638240594,720
GN5,2021-12-01,34.00109904086331,744
GN5,2022-01-01,45.62304634863796,738
GN5,2022-02-01,34.137962492503235,672
GN5,2022-03-01,37.93737571554431,744
GN5,2022-04-01,28.406238012506012,719
GN5,2022-05-01,28.30463601665187,734
GN5,2022-06-01,24.520522531523536,715
GN5,2022-07-01,23.52812570052796,187
GN5,2022-08-01,26.68493026781242,557
GN5,2022-09-01,25.524416968951687,719
GN5,2022-10-01,29.446238204446768,743
GN5,2022-11-01,31.740892328582405,720
GN5,2022-12-01,38.29511079137548,738
GN5,2023-05-01,14.087363718443724,324
GN5,2023-06-01,17.812853634647713,717
GN5,2023-07-01,24.984829518829592,738
GN5,2023-08-01,27.308365863824253,740
GN5,2023-09-01,31.069009658038,719
GN5,2023-10-01,34.67622020541888,743
GN5,2023-11-01,36.034984731686116,719
GN5,2023-12-01,29.998749698215057,744
GN5,2024-01-01,33.08869387439062,740
GN5,2024-02-01,33.140988859393524,696
GN5,2024-03-01,30.000406539270184,743
GN5,2024-04-01,21.940132054801794,715
GN5,2024-05-01,26.488047641931413,742
GN5,2024-06-01,24.22093283436578,717
GN5,2024-07-01,25.622662943590267,743
GN5,2024-08-01,22.467020331424347,734
GN5,2024-09-01,26.749440755900512,712
GN5,2024-10-01,32.61469627841365,742
GN5,2024-11-01,37.09717294832941,720
GN5,2024-12-01,30.01869944624619,742
GN6,2018-07-01,16.218481510531713,104
GN6,2018-08-01,26.297110343898602,744
GN6,2018-09-01,32.82467239083127,720
GN6,2018-10-01,36.31144630776647,744
GN6,2018-11-01,35.9890442425322,720
GN6,2018-12-01,39.28899826455014,741
GN6,2019-01-01,42.11607853250201,744
GN6,2019-02-01,53.27517432557972,672
GN6,2019-03-01,32.821806890376465,743
GN6,2019-04-01,30.62660687787649,720
GN6,2019-05-01,25.327016470703995,744
GN6,2019-06-01,23.966158042364697,717
GN6,2019-07-01,23.41084428013914,744
GN6,2019-08-01,25.604947953894538,743
GN6,2019-09-01,27.546935780936398,718
GN6,2019-10-01,34.596029443247524,744
GN6,2019-11-01,39.35016571386705,720
GN6,2019-12-01,37.571992649761206,743
GN6,2020-01-01,39.19011268998057,744
GN6,2020-02-01,28.47540572081412,694
GN6,2020-03-01,25.81968754541068,744
GN6,2020-04-01,21.804177806725605,719
GN6,2020-05-01,16.988799553619465,744
GN6,2020-06-01,17.58508300310145,717
GN6,2020-07-01,18.154070310515266,739
GN6,2020-08-01,22.296992869632987,744
GN6,2020-09-01,26.803667225772095,720
GN6,2020-10-01,25.213580063491122,744
GN6,2020-11-01,33.82355189479084,720
GN6,2020-12-01,30.535567709611616,742
GN6,2021-01-01,32.000984541021204,744
GN6,2021-02-01,28.265796907547806,444
GN6,2021-03-01,27.672927672894005,743
GN6,2021-04-01,23.894250888124432,720
GN6,2021-05-01,20.48907714806091,744
GN6,2021-06-01,17.680418052658503,720
GN6,2021-07-01,19.276090153080307,740
GN6,2021-08-01,16.9991890445815,744
GN6,2021-09-01,28.431222914876066,720
GN6,2021-10-01,28.266162286621512,744
GN6,2021-11-01,33.03563685427288,720
GN6,2021-12-01,28.220826964406236,744
GN6,2022-01-01,37.049701380816046,742
GN6,2022-02-01,22.974475234218886,672
GN6,2022-03-01,30.42671131971386,744
GN6,2022-04-01,21.255779798145092,720
GN6,2022-05-01,19.393005975758204,744
GN6,2022-06-01,17.1006359487317,718
GN6,2022-07-01,15.068585992920628,739
GN6,2022-08-01,17.49341527174912,744
GN6,2022-09-01,20.266100250350455,457
GN6,2022-10-01,20.128266926932557,189
GN6,2022-11-01,23.46323179648496,720
GN6,2022-12-01,29.979067225127334,744
GN6,2023-01-01,29.219265545697013,742
GN6,2023-02-01,33.50276798669614,670
GN6,2023-03-01,23.256927761708706,741
GN6,2023-04-01,20.93355535581553,720
GN6,2023-05-01,16.590813101479675,744
GN6,2023-06-01,17.451901615614155,720
GN6,2023-07-01,17.425079074418598,744
GN6,2023-08-01,17.191415522838728,740
GN6,2023-09-01,21.66323056093477,720
GN6,2023-10-01,23.495657741345898,743
GN6,2023-11-01,26.989875770808016,719
GN6,2023-12-01,21.621315518913747,744
GN6,2024-01-01,25.08023014254276,743
GN6,2024-02-01,21.946355130689295,694
GN6,2024-03-01,23.199261459801356,744
GN6,2024-04-01,14.564544706114637,717
GN6,2024-05-01,18.83417975582373,744
GN6,2024-06-01,14.32138585113418,719
GN6,2024-07-01,14.16535168944539,741
GN6,2024-08-01,14.81924891897043,633
GN6,2024-09-01,17.427565055313753,683
GN6,2024-10-01,23.897649362037182,744
GN6,2024-11-01,28.03053005174162,720
GN6,2024-12-01,17.849786101276123,744
GR4,2016-01-01,24.097598232337802,734
GR4,2016-02-01,25.933249524465133,695
GR4,2016-03-01,23.86915548480105,739
GR4,2016-04-01,18.691059701946134,714
GR4,2016-05-01,19.34235847767031,742
GR4,2016-06-01,15.208983693504216,716
GR4,2016-07-01,13.813004132637111,736
GR4,2016-08-01,14.2467058261138,741
GR4,2016-09-01,17.916382272827825,715
GR4,2016-10-01,22.648961471332836,711
GR4,2016-11-01,27.552292847860308,685
GR4,2016-12-01,32.05748777150841,711
GR4,2017-01-01,36.2989124054698,705
GR4,2017-02-01,21.871421499033413,639
GR4,2017-03-01,19.351369163306504,709
GR4,2017-04-01,19.24162420710132,689
GR4,2017-05-01,16.146060337221808,711
GR4,2017-06-01,13.149502350391488,687
GR4,2017-07-01,11.366623428242033,737
GR4,2017-08-01,12.369049831699346,736
GR4,2017-09-01,15.97898105869591,717
GR4,2017-10-01,17.023178083388462,741
GR4,2017-11-01,25.799588084419614,716
GR4,2017-12-01,23.401947550066414,743
GR4,2018-01-01,18.334350655282066,705
GR4,2018-02-01,19.588730471769185,642
GR4,2018-03-01,19.73515671941648,707
GR4,2018-04-01,16.017118092719258,688
GR4,2018-05-01,16.197944400969376,712
GR4,2018-06-01,9.73677780509785,689
GR4,2018-07-01,11.783146778415654,707
GR4,2018-08-01,11.342978036494673,711
GR4,2018-09-01,15.240237667192986,683
GR4,2018-10-01,19.012158473011674,712
GR4,2018-11-01,18.76954900063557,689
GR4,2018-12-01,19.025953863844684,743
GR4,2019-01-01,28.913264212769096,708
GR4,2019-02-01,25.895454830934767,639
GR4,2019-03-01,16.758779629846853,682
GR4,2019-04-01,19.775676750002276,717
GR4,2019-05-01,12.297815781406902,742
GR4,2019-06-01,10.748039120990331,651
GR4,2019-07-01,10.75953355711005,740
GR4,2019-08-01,11.043555206102566,742
GR4,2019-09-01,12.764596189588188,715
GR4,2019-10-01,16.42019597745495,741
GR4,2019-11-01,22.639225614224546,719
GR4,2019-12-01,19.1883262520706,741
GR4,2020-01-01,18.815358150788285,609
GR4,2020-02-01,13.06268517947653,661
GR4,2020-03-01,12.340931664501024,670
GR4,2020-04-01,14.731537751899598,689
GR4,2020-05-01,9.020702741279282,712
GR4,2020-06-01,9.883367952757709,684
GR4,2020-07-01,8.729483620211445,706
GR4,2020-08-01,11.506190206395429,707
GR4,2020-09-01,14.347485039566672,689
GR4,2020-10-01,12.0375356806854,711
GR4,2020-11-01,19.053186963013555,689
GR4,2020-12-01,17.685863644974898,690
GR4,2021-01-01,19.203593149809826,708
GR4,2021-02-01,14.898425427532677,640
GR4,2021-03-01,16.949012016376585,712
GR4,2021-04-01,15.159111076278018,689
GR4,2021-05-01,10.319902063518363,710
GR4,2021-06-01,10.125910516266432,712
GR4,2021-07-01,12.447307171853856,739
GR4,2021-08-01,9.955229729729728,740
GR4,2021-09-01,16.965537984496123,645
GR4,2021-10-01,15.366435593220336,590
GR4,2021-11-01,18.847284122562673,718
GR4,2021-12-01,15.066306930693067,303
GR4,2022-05-01,5.569559999999999,225
GR4,2022-06-01,6.174186046511627,602
GR4,2022-07-01,8.453106128550074,669
GR4,2022-08-01,7.8019873417721515,632
GR4,2022-09-01,9.727357142857143,714
GR4,2022-10-01,9.399261382799326,593
GR4,2022-11-01,11.284064788732392,710
GR4,2022-12-01,16.891814050702724,455
GR4,2023-01-01,15.749650684931506,730
GR4,2023-02-01,16.994972891566263,664
GR4,2023-03-01,12.528066889632106,299
GR4,2023-04-01,8.986810593900481,623
GR4,2023-05-01,9.109812841530053,732
GR4,2023-06-01,8.792994366197183,710
GR4,2023-07-01,4.1973414634146335,82
GR7,2016-01-01,54.80485236706612,743
GR7,2016-02-01,57.514417808191475,591
GR7,2016-03-01,49.313827049328054,744
GR7,2016-04-01,47.911257604589636,720
GR7,2016-05-01,43.467355141551245,743
GR7,2016-06-01,37.89360672503003,719
GR7,2016-07-01,31.73459023588074,742
GR7,2016-08-01,34.08979311951355,744
GR7,2016-09-01,39.79847405809499,718
GR7,2016-10-01,47.136622096558654,744
GR7,2016-11-01,51.90015014342355,720
GR7,2016-12-01,54.45665232712835,744
GR7,2017-01-01,62.54740366066294,740
GR7,2017-02-01,46.51146139084226,672
GR7,2017-03-01,40.82208545983413,743
GR7,2017-04-01,37.392022305514985,720
GR7,2017-05-01,33.52841814405788,744
GR7,2017-06-01,30.019178265071716,720
GR7,2017-07-01,28.916437781916557,742
GR7,2017-08-01,31.553090725678235,741
GR7,2017-09-01,34.98459545647541,720
GR7,2017-10-01,31.91921706033715,744
GR7,2017-11-01,40.67952991283096,720
GR7,2017-12-01,38.23294287885163,741
GR7,2018-01-01,31.747556053862457,744
GR7,2018-02-01,40.646028554328964,672
GR7,2018-03-01,44.270480903142435,744
GR7,2018-04-01,37.730239595230636,719
GR7,2018-05-01,43.2044344677334,742
GR7,2018-06-01,32.80345694544562,718
GR7,2018-07-01,34.356219663311634,744
GR7,2018-08-01,25.08532471048568,744
GR7,2018-09-01,29.7886082742841,719
GR7,2018-10-01,33.65398787884014,743
GR7,2018-11-01,35.93779704434875,718
GR7,2018-12-01,36.18397052624369,744
GR7,2019-01-01,48.374197115349936,741
GR7,2019-02-01,49.40648009314913,672
GR7,2019-03-01,36.15916598045289,743
GR7,2019-04-01,48.84588860869462,720
GR7,2019-05-01,36.05501836820046,743
GR7,2019-06-01,32.04382175411215,714
GR7,2019-07-01,33.34764414943321,744
GR7,2019-08-01,29.502288192966766,744
GR7,2019-09-01,30.39369168014365,717
GR7,2019-10-01,35.338622121774144,744
GR7,2019-11-01,43.0139358781422,719
GR7,2019-12-01,39.19126607685059,742
GR7,2020-01-01,39.26585479676989,512
GR7,2020-02-01,26.712916290442127,443
GR7,2020-03-01,30.763134627310126,744
GR7,2020-04-01,30.657882390456713,720
GR7,2020-05-01,23.682864031680847,744
GR7,2020-06-01,26.028123881559576,717
GR7,2020-07-01,20.131011776272764,734
GR7,2020-08-01,25.019214094730295,727
GR7,2020-09-01,32.00559110439568,720
GR7,2020-10-01,28.070218186010955,744
GR7,2020-11-01,35.918788953977725,720
GR7,2020-12-01,33.40309837803574,740
GR7,2021-01-01,30.04469904512065,744
GR7,2021-02-01,28.39098634963546,672
GR7,2021-03-01,32.37568516188808,723
GR7,2021-04-01,35.64922669236978,720
GR7,2021-05-01,26.931242828377407,744
GR7,2021-06-01,27.187859733424144,720
GR7,2021-07-01,27.868492904278146,741
GR7,2021-08-01,22.94690777275619,743
GR7,2021-09-01,34.262242171146646,716
GR7,2021-10-01,27.084504801669922,743
GR7,2021-11-01,33.15619125320195,720
GR7,2021-12-01,29.207872121755138,744
GR7,2022-01-01,36.689603104189764,742
GR7,2022-02-01,20.254020945649376,656
GR7,2022-03-01,35.91470721348774,744
GR7,2022-04-01,26.73357659608673,720
GR7,2022-05-01,20.511244254884904,744
GR7,2022-06-01,20.912905432082994,717
GR7,2022-07-01,26.147231644496674,742
GR7,2022-08-01,29.033927611677996,744
GR7,2022-09-01,31.453204781264557,218
GR7,2022-10-01,25.961803753085704,743
GR7,2022-11-01,23.943177129888266,716
GR7,2022-12-01,31.70030080645161,744
GR7,2023-01-01,29.530438047945204,730
GR7,2023-02-01,31.98001408467338,670
GR7,2023-03-01,27.06388952096362,633
GR7,2023-04-01,29.783550810633486,720
GR7,2023-05-01,28.167263253832452,744
GR7,2023-06-01,28.811285323404178,586
GR7,2023-07-01,19.61303516578838,743
GR7,2023-08-01,22.59637677594832,736
GR7,2023-09-01,34.015217760526404,705
GR7,2023-10-01,27.325417505726662,744
GR7,2023-11-01,29.579855595854163,719
GR7,2023-12-01,24.04025583405066,744
GR7,2024-01-01,34.57263190697107,744
GR7,2024-02-01,28.113141677378295,696
GR7,2024-03-01,30.613429784552498,744
GR7,2024-04-01,21.6276810530732,716
GR7,2024-05-01,25.604920976867323,744
GR7,2024-06-01,23.005418340496387,720
GR7,2024-07-01,22.58084617031083,742
GR7,2024-08-01,17.27080373980972,740
GR7,2024-09-01,23.274259218452286,700
GR7,2024-10-01,27.762491199665412,743
GR7,2024-11-01,34.8255512488507,719
GR7,2024-12-01,23.20004595644965,744
GR8,2016-01-01,79.84875084588143,743
GR8,2016-02-01,68.24380546861174,688
GR8,2016-03-01,57.30810058619306,743
GR8,2016-04-01,65.79393529016984,720
GR8,2016-05-01,48.967730118935656,623
GR8,2016-06-01,56.81102553890904,720
GR8,2016-07-01,52.372674177678235,741
GR8,2016-08-01,50.972277237865924,739
GR8,2016-09-01,66.60614958014419,717
GR8,2016-10-01,57.08417924342633,744
GR8,2016-11-01,80.29862660845433,575
GR8,2016-12-01,84.95787435552106,744
GR8,2017-01-01,86.12278383769123,686
GR8,2017-02-01,58.37061088154443,288
GR8,2017-03-01,68.0900359787138,534
GR8,2017-04-01,63.5243684893722,720
GR8,2017-05-01,53.31606499355181,744
GR8,2017-06-01,61.746389770574815,719
GR8,2017-07-01,56.33557713329524,742
GR8,2017-08-01,59.072284272274764,742
GR8,2017-09-01,61.61954822558343,720
GR8,2017-10-01,65.50221219013142,744
GR8,2017-11-01,77.07315768294276,718
GR8,2017-12-01,70.68209909420361,743
GR8,2018-01-01,61.45538004058635,744
GR8,2018-02-01,59.71325129612245,672
GR8,2018-03-01,63.63533052824468,744
GR8,2018-04-01,56.70661439207588,622
GR8,2018-05-01,52.4480735100338,741
GR8,2018-06-01,41.0183240761092,711
GR8,2018-07-01,58.269121445438444,744
GR8,2018-08-01,56.92984457040465,744
GR8,2018-09-01,60.178452661420785,639
GR8,2018-10-01,56.6948175203739,744
GR8,2018-11-01,54.25814180487748,720
GR8,2018-12-01,59.47990310719417,594
GR8,2019-01-01,64.32340315849157,742
GR8,2019-02-01,70.85067297419066,656
GR8,2019-03-01,58.12916869724849,744
GR8,2019-04-01,45.35685086638781,720
GR8,2019-05-01,48.691157878134575,743
GR8,2019-06-01,46.83946668303934,718
GR8,2019-07-01,46.22617202622969,744
GR8,2019-08-01,50.86927679597391,744
GR8,2019-09-01,46.37221917813315,720
GR8,2019-10-01,47.44955477120505,744
GR8,2019-11-01,50.260800456628196,715
GR8,2019-12-01,53.05998634472039,744
GR8,2020-01-01,51.43872460112407,744
GR8,2020-02-01,42.22778092998438,693
GR8,2020-03-01,42.5045654943455,610
GR8,2020-04-01,34.69134860288917,720
GR8,2020-05-01,36.66415442595115,744
GR8,2020-06-01,37.48372077765199,715
GR8,2020-07-01,41.78734031344174,744
GR8,2020-08-01,39.09849787411944,738
GR8,2020-09-01,48.895011210780794,720
GR8,2020-10-01,43.93821301574079,744
GR8,2020-11-01,49.48573140647859,720
GR8,2020-12-01,49.741147144632606,741
GR8,2021-01-01,46.02596104556639,743
GR8,2021-02-01,42.94661571193559,671
GR8,2021-03-01,46.58754982511048,743
GR8,2021-04-01,34.352887222205226,720
GR8,2021-05-01,39.33918501927753,744
GR8,2021-06-01,32.304672193108246,720
GR8,2021-07-01,35.04221710918327,740
GR8,2021-08-01,31.773736265250502,744
GR8,2021-09-01,38.310006022044156,719
GR8,2021-10-01,44.54534748009239,744
GR8,2021-11-01,49.00492076375746,720
GR8,2021-12-01,42.28035178145411,744
GR8,2022-01-01,56.53120778763784,744
GR8,2022-02-01,42.079387854699746,672
GR8,2022-03-01,40.271877131373465,742
GR8,2022-04-01,32.25214658390374,720
GR8,2022-05-01,40.28662298412643,739
GR8,2022-06-01,35.19102523439111,720
GR8,2022-07-01,33.210772644978874,676
GR8,2022-08-01,32.050093656758605,743
GR8,2022-09-01,38.30709863157857,720
GR8,2022-10-01,41.43062956196843,744
GR8,2022-11-01,42.4605691194425,718
GR8,2022-12-01,45.01732557181957,639
GR8,2023-01-01,46.500080732878814,744
GR8,2023-02-01,48.95757081793846,672
GR8,2023-03-01,36.33866325209379,216
GR8,2023-05-01,16.458188740496105,492
GR8,2023-06-01,23.007871300340497,720
GR8,2023-07-01,27.193833704453183,744
GR8,2023-08-01,25.884992549254264,744
GR8,2023-09-01,38.85803422970015,492
GR8,2024-02-01,32.522113302681454,678
GR8,2024-03-01,35.28531544179633,744
GR8,2024-04-01,29.500298210815025,713
GR8,2024-05-01,32.61743607238609,744
GR8,2024-06-01,31.251447292496234,718
GR8,2024-07-01,32.81892933057408,744
GR8,2024-08-01,35.198918455545176,744
GR8,2024-09-01,32.269610091221,716
GR8,2024-10-01,37.08064314510645,737
GR8,2024-11-01,40.20292860191352,720
GR8,2024-12-01,31.209951719663408,742
GR9,2016-01-01,45.917900409101804,646
GR9,2016-02-01,44.00163422387338,693
GR9,2016-03-01,44.757663920879864,744
GR9,2016-04-01,39.269209332831046,720
GR9,2016-05-01,42.53749992163662,744
GR9,2016-06-01,34.4753452704499,719
GR9,2016-07-01,24.929406205184023,517
GR9,2016-08-01,31.247498522728065,742
GR9,2016-09-01,41.02119297022534,623
GR9,2016-10-01,46.34035548719285,744
GR9,2016-11-01,47.04410064661452,718
GR9,2016-12-01,52.712571314386246,743
GR9,2017-01-01,59.78328530791632,736
GR9,2017-02-01,36.85984852991722,672
GR9,2017-03-01,36.09131254880759,744
GR9,2017-04-01,36.963722885115246,720
GR9,2017-05-01,42.931172594719115,702
GR9,2017-06-01,33.02416405907999,720
GR9,2017-07-01,32.51559126028466,741
GR9,2017-08-01,35.97394601238468,689
GR9,2017-09-01,36.415547187291985,589
GR9,2017-10-01,31.33571282783992,744
GR9,2017-11-01,42.117693161812156,717
GR9,2017-12-01,38.786767218819776,737
GR9,2018-01-01,34.743515160234224,743
GR9,2018-02-01,45.47713460244198,672
GR9,2018-03-01,43.95392632399645,743
GR9,2018-04-01,37.28402201104258,720
GR9,2018-05-01,44.70591420844027,743
GR9,2018-06-01,42.66119151739833,454
GR9,2018-07-01,36.81577911089834,742
GR9,2018-08-01,26.85158025661225,738
GR9,2018-09-01,33.94472523622095,719
GR9,2018-10-01,38.0412966209381,742
GR9,2018-11-01,40.663957640897266,719
GR9,2018-12-01,34.80811377324456,742
GR9,2019-01-01,40.950572162665594,712
GR9,2019-02-01,46.97581007546667,668
GR9,2019-03-01,29.731157637641424,743
GR9,2019-04-01,45.88991433747864,719
GR9,2019-05-01,32.57284190336974,738
GR9,2019-06-01,25.638202498042794,566
GR9,2019-07-01,23.5079368572358,742
GR9,2019-08-01,26.141983719633693,743
GR9,2019-09-01,26.68048862034682,714
GR9,2019-10-01,32.97543578711558,737
GR9,2019-11-01,41.50944700604702,704
GR9,2019-12-01,33.132613836584184,744
GR9,2020-01-01,29.9600959935072,739
GR9,2020-02-01,19.715257783723988,696
GR9,2020-03-01,28.678430587194423,744
GR9,2020-04-01,29.217097039773737,719
GR9,2020-05-01,26.760735977831757,719
GR9,2020-06-01,24.234478876250247,711
GR9,2020-07-01,14.277341842140219,744
GR9,2020-08-01,24.042850353704488,736
GR9,2020-09-01,27.530818457983464,717
GR9,2020-10-01,22.677846298094845,743
GR9,2020-11-01,30.817535076434126,718
GR9,2020-12-01,27.594577675780236,740
GR9,2021-01-01,26.408318491725012,737
GR9,2021-02-01,25.28666987940151,537
GR9,2021-03-01,35.17267314174199,367
GR9,2021-04-01,34.96900773510376,720
GR9,2021-05-01,24.772162831335702,744
GR9,2021-06-01,22.929532570111565,719
GR9,2021-07-01,22.06303961437664,735
GR9,2021-08-01,17.743314998614466,744
GR9,2021-09-01,30.977925042014753,720
GR9,2021-10-01,25.08434642439249,744
GR9,2021-11-01,27.641900245957892,719
GR9,2021-12-01,25.895046632250633,742
GR9,2022-01-01,33.99739330926103,743
GR9,2022-02-01,15.187201519384054,537
GR9,2022-06-01,18.809325779850422,661
GR9,2022-07-01,19.00742533095252,744
GR9,2022-08-01,23.64719452243987,743
GR9,2022-09-01,23.591927332418518,719
GR9,2022-10-01,21.64722932207822,743
GR9,2022-11-01,19.469177202247756,698
GR9,2022-12-01,29.959578866322534,744
GR9,2023-01-01,25.437463719746724,736
GR9,2023-02-01,28.410703670485887,654
GR9,2023-03-01,20.194027926159386,740
GR9,2023-04-01,22.35129280069608,715
GR9,2023-05-01,20.718529881951724,742
GR9,2023-06-01,24.510692169416657,718
GR9,2023-07-01,12.010903618336918,738
GR9,2023-08-01,13.359537203536894,742
GR9,2023-09-01,25.885099515062574,719
GR9,2023-10-01,22.3554992102121,742
GR9,2023-11-01,22.73828875682099,715
GR9,2023-12-01,17.858429093942895,742
GR9,2024-01-01,25.83422992219564,743
GR9,2024-02-01,19.39771999238371,696
GR9,2024-03-01,22.771303451410787,741
GR9,2024-04-01,12.787455978464735,716
GR9,2024-05-01,17.593391325451083,738
GR9,2024-06-01,12.375885805168108,697
GR9,2024-07-01,14.215105715083949,742
GR9,2024-08-01,13.870475585837653,741
GR9,2024-09-01,19.486901600865952,694
GR9,2024-10-01,23.41897717802493,737
GR9,2024-11-01,26.8399923569025,720
GR9,2024-12-01,15.454170493136491,736
GV1,2018-12-01,29.125410253075312,49
GV1,2019-01-01,44.56877509871498,728
GV1,2019-02-01,44.08397516157632,592
GV1,2019-03-01,31.337857450643654,740
GV1,2019-04-01,41.77684275447225,717
GV1,2019-05-01,32.04170538823566,661
GV1,2019-06-01,29.213637427650298,712
GV1,2019-07-01,26.2375690812092,742
GV1,2019-08-01,27.92142665931829,736
GV1,2019-09-01,28.29231428799005,716
GV1,2019-10-01,36.456696516898994,742
GV1,2019-11-01,46.06363419253556,714
GV1,2019-12-01,37.535597044915946,743
GV1,2020-01-01,34.962063099355966,737
GV1,2020-02-01,24.914305297212174,670
GV1,2020-03-01,27.036957885947476,737
GV1,2020-04-01,26.720757190607518,720
GV1,2020-05-01,15.011980640228568,744
GV1,2020-06-01,15.890123228322723,717
GV1,2020-07-01,14.240060970994817,739
GV1,2020-08-01,19.451971485301545,742
GV1,2020-09-01,22.71928321676251,716
GV1,2020-10-01,21.38945904394486,739
GV1,2020-11-01,28.522582250691283,710
GV1,2020-12-01,24.58085399648079,632
GV1,2021-01-01,27.258063930413957,610
GV1,2021-02-01,24.17404088747636,668
GV1,2021-03-01,23.550474080777636,731
GV1,2021-04-01,24.5043512405792,624
GV1,2021-05-01,18.68597578912477,698
GV1,2021-06-01,15.794434402490136,684
GV1,2021-07-01,19.043218341199275,711
GV1,2021-08-01,16.046911960069796,706
GV1,2021-09-01,28.735230056894643,686
GV1,2021-10-01,13.612055028154867,13
GV1,2021-12-01,18.061735335255772,193
GV1,2022-01-01,34.1234652344597,703
GV1,2022-02-01,19.433687072921835,638
GV1,2022-03-01,33.890830399508594,711
GV1,2022-04-01,21.875829976713323,688
GV1,2022-05-01,16.77576488094435,711
GV1,2022-06-01,17.044821401340357,679
GV1,2022-07-01,18.11489352610339,405
GV1,2022-08-01,19.14987420741265,708
GV1,2022-09-01,24.75777954122677,688
GV1,2022-10-01,26.76608003976278,711
GV1,2022-11-01,26.87468896932331,682
GV1,2022-12-01,35.393515825996964,679
GV1,2023-01-01,33.56776367207204,712
GV1,2023-02-01,33.18182428958221,643
GV1,2023-03-01,21.64470445261375,619
GV1,2023-04-01,23.575124366614773,690
GV1,2023-05-01,22.456799145591305,706
GV1,2023-06-01,22.545012903812676,687
GV1,2023-07-01,14.470379012509326,712
GV1,2023-08-01,17.410143199640885,712
GV1,2023-09-01,28.231557435394006,688
GV1,2023-10-01,29.703131286771672,712
GV1,2023-11-01,25.02563315131852,333
GV2,2019-08-01,47.300122133969616,223
GV2,2019-09-01,33.192077161209866,716
GV2,2019-10-01,41.493031631596644,552
GV2,2019-11-01,45.98561607239144,716
GV2,2019-12-01,48.124887656444386,743
GV2,2020-01-01,48.235098879968234,739
GV2,2020-02-01,36.492837141497056,693
GV2,2020-03-01,31.449964899143904,743
GV2,2020-04-01,26.284621932830614,719
GV2,2020-05-01,16.11576266888622,744
GV2,2020-06-01,17.130909733292057,618
GV2,2020-07-01,15.907624658908082,738
GV2,2020-08-01,23.212578924389884,742
GV2,2020-09-01,25.971580745777597,719
GV2,2020-10-01,27.181541778816136,717
GV2,2020-11-01,32.49202428156148,719
GV2,2020-12-01,33.88565460976931,742
GV2,2021-01-01,28.59841128102575,743
GV2,2021-02-01,27.031384776603456,668
GV2,2021-03-01,26.577440029685697,738
GV2,2021-04-01,32.14311990664446,697
GV2,2021-05-01,24.10542295479383,710
GV2,2021-06-01,22.78154321578851,692
GV2,2021-07-01,24.998007007679355,712
GV2,2021-08-01,26.57917346598113,708
GV2,2021-09-01,37.38514730743652,688
GV2,2021-10-01,33.79531801420422,706
GV2,2021-11-01,41.4894603568572,688
GV2,2021-12-01,39.157099666416094,713
GV2,2022-01-01,44.158477603656266,711
GV2,2022-02-01,27.099446377137046,642
GV2,2022-03-01,45.86664881826494,710
GV2,2022-04-01,31.65521561115453,688
GV2,2022-05-01,23.673620668780334,711
GV2,2022-06-01,25.101432335260963,685
GV2,2022-07-01,25.59658761875107,711
GV2,2022-08-01,27.483631222754163,711
GV2,2022-09-01,29.796109274439633,688
GV2,2022-10-01,29.162419154145535,709
GV2,2022-11-01,30.61321375419538,686
GV2,2022-12-01,38.2473118416993,712
GV2,2023-01-01,34.35610334832846,709
GV2,2023-02-01,34.79553831593171,641
GV2,2023-03-01,26.299867819236365,712
GV2,2023-04-01,27.81778549031998,689
GV2,2023-05-01,26.27584958561611,710
GV2,2023-06-01,26.160588257056666,689
GV2,2023-07-01,17.895830792958833,712
GV2,2023-08-01,20.36625318692847,709
GV2,2023-09-01,26.967420938461242,688
GV2,2023-10-01,25.899864008631482,713
GV2,2023-11-01,32.84015101285224,711
GV2,2023-12-01,28.4118714532817,744
GV2,2024-01-01,24.706540477876846,180
HF4,2016-01-01,53.518546764394586,107
HF4,2016-02-01,81.21802124168535,692
HF4,2016-03-01,77.78273883949839,739
HF4,2016-04-01,85.3879558790506,717
HF4,2016-05-01,74.05061159314224,742
HF4,2016-06-01,76.23370488888766,717
HF4,2016-07-01,80.87950384914129,744
HF4,2016-08-01,71.78177252290726,743
HF4,2016-09-01,55.189725546934056,6
HF4,2016-10-01,71.81393820960893,588
HF4,2016-11-01,78.96696480920812,717
HF4,2016-12-01,92.50806946747731,742
HF4,2017-01-01,94.35490877923532,740
HF4,2017-02-01,76.82673767220777,667
HF4,2017-03-01,72.99247505498109,741
HF4,2017-04-01,74.50855896841429,719
HF4,2017-05-01,65.57361144859951,708
HF4,2017-06-01,70.38068856470578,706
HF4,2017-07-01,68.48070363253778,743
HF4,2017-08-01,69.71468960504752,740
HF4,2017-09-01,74.17740559201557,711
HF4,2017-10-01,72.39098770855259,632
HFX,2016-01-01,56.32225022472046,474
HFX,2016-02-01,67.65813879728206,390
HFX,2016-03-01,61.03152407540278,660
HFX,2016-04-01,60.78382790712495,314
HFX,2016-05-01,48.933118501022264,568
HFX,2016-06-01,48.86852941891322,654
HFX,2016-07-01,48.25285025662334,420
HFX,2016-08-01,54.65284710840748,412
HFX,2016-09-01,51.79275665146562,658
HFX,2016-10-01,58.07650330112099,590
HFX,2016-11-01,77.70909324230068,666
HFX,2016-12-01,82.25472142814174,719
HFX,2017-01-01,72.19016657122117,396
HFX,2017-02-01,47.888295338054675,296
HFY,2016-01-01,65.13131999647209,739
HFY,2016-02-01,68.50754205311783,660
HFY,2016-03-01,63.34882243529327,723
HFY,2016-04-01,68.61520539209523,441
HFY,2016-05-01,48.86832240352993,568
HFY,2016-06-01,50.69729971078316,653
HFY,2016-07-01,51.44556745691309,428
HFY,2016-08-01,54.37806714132079,409
HFY,2016-09-01,51.924814247829595,642
HFY,2016-10-01,54.90805539000626,575
HFY,2016-11-01,72.53966418086993,665
HFY,2016-12-01,78.12773047371437,719
HFY,2017-01-01,69.50778993022678,396
HFY,2017-02-01,48.57005025841453,296
HG1,2016-01-01,45.99815018138041,713
HG1,2016-02-01,42.65062917927282,663
HG1,2016-03-01,38.777757616346115,707
HG1,2016-04-01,36.55962946595126,717
HG1,2016-05-01,34.103665828941175,740
HG1,2016-06-01,34.72171717738408,714
HG1,2016-07-01,27.587539407630672,711
HG1,2016-08-01,28.69890018976354,707
HG1,2016-09-01,40.3562504934565,689
HG1,2016-10-01,39.09326310891248,738
HG1,2016-11-01,43.457619246779224,717
HG1,2016-12-01,63.08547641359575,743
HG1,2017-01-01,62.43075151662671,743
HG1,2017-02-01,38.80975874892416,664
HG1,2017-03-01,39.14470629958371,741
HG1,2017-04-01,32.641762286752936,720
HG1,2017-05-01,33.18853471347265,742
HG1,2017-06-01,28.82852002055927,719
HG1,2017-07-01,27.591619050056927,744
HG1,2017-08-01,31.06618816542986,741
HG1,2017-09-01,34.37984425396779,716
HG1,2017-10-01,34.378621923764705,711
HG1,2017-11-01,42.39080105127496,688
HG1,2017-12-01,40.46337286919693,713
HG1,2018-01-01,36.3215335976088,738
HG1,2018-02-01,38.4263978081784,670
HG1,2018-03-01,41.886406489567364,744
HG1,2018-04-01,38.70724378359608,720
HG1,2018-05-01,36.02974517002822,742
HG1,2018-06-01,25.082708111001146,718
HG1,2018-07-01,31.434719337074263,739
HG1,2018-08-01,28.244174574291186,743
HG1,2018-09-01,37.92092647997647,720
HG1,2018-10-01,38.39800089080455,744
HG1,2018-11-01,42.61769540923963,719
HG1,2018-12-01,37.505811239321666,743
HG1,2019-01-01,35.87779988235549,737
HG1,2019-02-01,47.887919514948926,668
HG1,2019-03-01,31.44672607262026,742
HG1,2019-04-01,38.09751833960631,719
HG1,2019-05-01,33.94457049886158,742
HG1,2019-06-01,24.078146802551977,610
HG1,2019-07-01,30.93535723779185,741
HG1,2019-08-01,20.058708299467597,472
HG1,2019-09-01,29.42332549291946,661
HG1,2019-10-01,34.20782350013662,744
HG1,2019-11-01,41.09446644654045,719
HG1,2019-12-01,39.256956768140604,743
HG1,2020-01-01,42.413498912882694,608
HG1,2020-02-01,30.90092843391902,693
HG1,2020-03-01,29.099927066001634,743
HG1,2020-04-01,28.88292412270832,718
HG1,2020-05-01,25.094106810457518,744
HG1,2020-06-01,28.102069991430643,720
HG1,2020-07-01,23.85084797013142,744
HG1,2020-08-01,30.09952730023791,739
HG1,2020-09-01,33.71256167444062,718
HG1,2020-10-01,33.92958950205075,741
HG1,2020-11-01,45.06128906071169,720
HG1,2020-12-01,48.730734885039936,720
HG1,2021-01-01,36.97362535291931,598
HG1,2021-02-01,37.423078835023325,671
HG1,2021-03-01,34.72029565010248,743
HG1,2021-04-01,31.834790717429193,720
HG1,2021-05-01,30.68720482407628,741
HG1,2021-06-01,27.012403577575252,710
HG1,2021-07-01,29.54409769335142,737
HG1,2021-08-01,26.601512129380048,742
HG1,2021-09-01,35.49913231197771,718
HG1,2021-10-01,33.09628436657682,742
HG1,2021-11-01,29.540182197496524,719
HG1,2021-12-01,31.11070557491289,574
HG1,2022-01-01,40.024908719346044,734
HG1,2022-02-01,23.038129657228016,671
HG1,2022-03-01,34.60304871447902,739
HG1,2022-04-01,24.139399719495092,713
HG1,2022-05-01,26.6634077181208,596
HG1,2022-06-01,25.73107371349096,719
HG1,2022-07-01,23.220628767123284,730
HG1,2022-08-01,23.728215343203228,743
HG1,2022-09-01,28.59565690376569,717
HG1,2022-10-01,35.63692896935933,718
HG1,2022-11-01,36.002304589707926,719
HG1,2022-12-01,39.68611403508772,456
HG1,2023-01-01,30.73862753036437,741
HG1,2023-02-01,34.346980625931444,671
HG1,2023-03-01,24.385587848932673,609
HG1,2023-05-01,19.196636904761903,336
HG1,2023-06-01,22.6522868852459,610
HG1,2023-07-01,18.837937710437707,594
HG1,2023-08-01,18.93355345060893,739
HG1,2023-09-01,28.567571229050277,716
HG1,2023-10-01,32.07923616734143,741
HG1,2023-11-01,27.432541029207233,719
HG1,2023-12-01,23.686588075880756,738
HG1,2024-01-01,23.879696721311472,732
HG1,2024-02-01,25.49244524495677,694
HG1,2024-03-01,24.73937768817204,744
HG1,2024-04-01,18.15408128834356,652
HG1,2024-05-01,23.41702801120448,714
HG1,2024-06-01,20.35597774687065,719
HG1,2024-07-01,21.296629228687415,739
HG1,2024-08-01,19.96195571428571,700
HG1,2024-09-01,23.7709900990099,707
HG1,2024-10-01,30.88482993197279,735
HG1,2024-11-01,28.243922096317277,706
HG1,2024-12-01,21.772959128065395,734
HG4,2016-01-01,34.39493108926011,743
HG4,2016-02-01,29.900282033330498,693
HG4,2016-03-01,25.936346545764824,743
HG4,2016-04-01,22.96466810293434,717
HG4,2016-05-01,20.989849099046126,727
HG4,2016-06-01,19.195480257907946,711
HG4,2016-07-01,15.899859513472142,743
HG4,2016-08-01,17.036511683663658,741
HG4,2016-09-01,23.3664268816348,719
HG4,2016-10-01,26.109584054200543,738
HG4,2016-11-01,32.32897896628022,641
HG4,2016-12-01,41.419371853552256,738
HG4,2017-01-01,45.694004292782346,744
HG4,2017-02-01,29.992144739731682,665
HG4,2017-03-01,25.937493953746955,743
HG4,2017-04-01,20.055689139709287,719
HG4,2017-05-01,19.27642661212713,743
HG4,2017-06-01,14.791384034372895,718
HG4,2017-07-01,14.947725492234168,744
HG4,2017-08-01,18.491731325348876,740
HG4,2017-09-01,21.49920094161463,716
HG4,2017-10-01,21.50026691471557,742
HG4,2017-11-01,31.395372471899062,718
HG4,2017-12-01,28.942196065921706,744
HG4,2018-01-01,25.373071628922236,733
HG4,2018-02-01,28.37844913067981,668
HG4,2018-03-01,29.00990939957366,742
HG4,2018-04-01,22.435709806907347,718
HG4,2018-05-01,19.908836840063593,740
HG4,2018-06-01,13.532579980619415,719
HG4,2018-07-01,17.018099749988945,739
HG4,2018-08-01,15.43313483128094,742
HG4,2018-09-01,19.63672179610388,719
HG4,2018-10-01,22.404899664536973,712
HG4,2018-11-01,28.81756146019314,691
HG4,2018-12-01,28.60190753664452,741
HG4,2019-01-01,30.46314971094244,744
HG4,2019-02-01,34.778324051351085,670
HG4,2019-03-01,20.30527422186988,742
HG4,2019-04-01,23.49452274957048,719
HG4,2019-05-01,15.711967353081732,744
HG4,2019-06-01,13.69966415001181,664
HG4,2019-07-01,13.999421365099444,744
HG4,2019-08-01,14.165320659731645,737
HG4,2019-09-01,17.30322715802469,720
HG4,2019-10-01,21.72642808117594,743
HG4,2019-11-01,30.019911720163257,719
HG4,2019-12-01,27.130584075951607,738
HG4,2020-01-01,24.78977847593342,741
HG4,2020-02-01,16.6129259952911,694
HG4,2020-03-01,15.665747312882141,744
HG4,2020-04-01,14.922494323233975,719
HG4,2020-05-01,9.62401033213859,744
HG4,2020-06-01,10.388130672274109,718
HG4,2020-07-01,8.630777570179848,741
HG4,2020-08-01,11.774115308113098,736
HG4,2020-09-01,16.395177825774724,719
HG4,2020-10-01,16.092918038721074,740
HG4,2020-11-01,25.528887170660855,720
HG4,2020-12-01,24.257238521132898,720
HG4,2021-01-01,22.264679342771686,590
HG4,2021-02-01,21.63337620008402,669
HG4,2021-03-01,20.11651119724839,743
HG4,2021-04-01,17.51383002759622,720
HG4,2021-05-01,12.84371200303423,741
HG4,2021-06-01,11.417601197439684,677
HG4,2021-07-01,10.798722689075628,238
HG4,2021-08-01,8.900126934984518,646
HG4,2021-09-01,17.896032167832168,715
HG4,2021-10-01,19.430636486486485,740
HG4,2021-11-01,22.582220362622035,717
HG4,2021-12-01,21.546496635262447,743
HG4,2022-01-01,32.00113495276653,741
HG4,2022-02-01,20.269056631892695,671
HG4,2022-03-01,25.81701117318436,716
HG4,2022-04-01,19.562756606397773,719
HG4,2022-05-01,18.767680592991912,742
HG4,2022-06-01,16.297323488045006,711
HG4,2022-07-01,14.615495276653169,741
HG4,2022-08-01,16.129215384615385,715
HG4,2022-09-01,19.731165722379604,706
HG4,2022-10-01,19.784159946236556,744
HG4,2022-11-01,20.342298050139274,718
HG4,2022-12-01,26.998608344549123,743
HG4,2023-01-01,19.777908232118758,741
HG4,2023-02-01,24.197223546944855,671
HG4,2023-03-01,16.98763095238095,672
HG4,2023-04-01,16.54713490959666,719
HG4,2023-05-01,12.471819832402232,716
HG4,2023-06-01,11.981198887343533,719
HG4,2023-07-01,9.415267567567568,740
HG4,2023-08-01,9.39143396226415,742
HG4,2023-09-01,11.4944338028169,710
HG4,2023-10-01,19.463809523809523,420
HG4,2023-11-01,19.20466481223922,719
HG4,2023-12-01,16.090903137789905,733
HG4,2024-01-01,19.36216712328767,730
HG4,2024-02-01,16.977830049261083,406
HG4,2024-03-01,16.70811216216216,740
HG4,2024-04-01,7.500930875576036,434
HG4,2024-05-01,9.318071428571429,588
HG4,2024-06-01,7.50592757660167,718
HG4,2024-07-01,8.25538700947226,739
HG4,2024-08-01,8.46670467032967,728
HG4,2024-09-01,11.454596888260253,707
HG4,2024-10-01,16.906488435374147,735
HG4,2024-11-01,21.599502832861187,706
HG4,2024-12-01,15.224280868385344,737
HI0,2016-01-01,66.51583468026708,742
HI0,2016-02-01,49.947030519475604,692
HI0,2016-03-01,44.02430977025792,744
HI0,2016-04-01,48.546523618969694,719
HI0,2016-05-01,45.82065514707771,692
HI0,2016-06-01,44.19507048642743,718
HI0,2016-07-01,42.979505827387555,742
HI0,2016-08-01,43.54435962280771,739
HI0,2016-09-01,58.43866884836406,669
HI0,2016-10-01,45.824855873368215,742
HI0,2016-11-01,56.843636749952275,719
HI0,2016-12-01,73.43605626390098,743
HI0,2017-01-01,73.36479843907436,740
HI0,2017-02-01,60.18822649590876,651
HI0,2017-03-01,63.06614675210021,743
HI0,2017-04-01,46.04085119477851,719
HI0,2017-05-01,47.95885981305254,743
HI0,2017-06-01,44.77434383651949,719
HI0,2017-07-01,41.498424754888724,741
HI0,2017-08-01,46.87154274371823,720
HI0,2017-09-01,53.83727435228667,719
HI0,2017-10-01,52.705921321193884,743
HI0,2017-11-01,53.39070043084531,719
HI0,2017-12-01,55.53188356174842,743
HI0,2018-01-01,54.829439248986745,716
HI0,2018-02-01,49.219031743938906,671
HI0,2018-03-01,56.23462061291883,743
HI0,2018-04-01,54.27932603380532,691
HI0,2018-05-01,43.60773845974472,657
HI0,2018-06-01,31.110305574008922,719
HI0,2018-07-01,44.96260501763738,743
HI0,2018-08-01,40.24403433266207,740
HI0,2018-09-01,42.88861257681694,585
HI0,2018-10-01,33.77835562213758,695
HI0,2018-11-01,54.58818867848639,689
HI0,2018-12-01,52.48914731636527,463
HI0,2019-01-01,49.64063628267973,704
HI0,2019-02-01,64.11686592289169,494
HI0,2019-03-01,48.81540967147019,332
HI0,2019-04-01,47.1361218896595,687
HI0,2019-05-01,36.21816412432988,712
HI0,2019-06-01,39.99935460642227,690
HI0,2019-07-01,35.33791164964486,738
HI0,2019-08-01,44.46623736149393,700
HI0,2019-09-01,37.37698554252012,717
HI0,2019-10-01,43.62163855389297,743
HI0,2019-11-01,48.79659706688452,720
HI0,2019-12-01,48.41698059574767,743
HI0,2020-01-01,48.4956759672177,701
HI0,2020-02-01,32.24265744848395,665
HI0,2020-03-01,27.87044339022369,710
HI0,2020-04-01,24.522534530850034,718
HI0,2020-05-01,19.734616479537724,742
HI0,2020-06-01,23.57956264216829,715
HI0,2020-07-01,17.835022260080713,732
HI0,2020-08-01,21.381980361900563,712
HI0,2020-09-01,25.237771099654843,712
HI0,2020-10-01,27.895446191275013,713
HI0,2020-11-01,34.82600155699986,715
HI0,2020-12-01,33.765031845547156,716
HI0,2021-01-01,27.777062601712927,741
HI0,2021-02-01,29.823800818701052,666
HI0,2021-03-01,26.87733630227001,744
HI0,2021-04-01,24.010471389760347,720
HI0,2021-05-01,21.977895852778435,743
HI0,2021-06-01,16.293280267692055,719
HI0,2021-07-01,19.513284806018003,742
HI0,2021-08-01,17.613636987436454,720
HI0,2021-09-01,26.925819235777244,717
HI0,2021-10-01,29.02153660659232,742
HI0,2021-11-01,30.019605611788336,719
HI0,2021-12-01,29.9252932008574,744
HI0,2022-01-01,35.88327197621373,743
HI0,2022-02-01,24.312708333333333,672
HI0,2022-03-01,35.373716216216216,740
HI0,2022-04-01,21.479541666666666,720
HI0,2022-05-01,21.73235531628533,743
HI0,2022-06-01,20.555744089012517,719
HI0,2022-07-01,19.73320652173913,736
HI0,2022-08-01,20.742291105121293,742
HI0,2022-09-01,23.71694019471488,719
HI0,2022-10-01,31.48676075268817,744
HI0,2022-11-01,30.98709722222222,720
HI0,2022-12-01,32.362177419354836,744
HI0,2023-01-01,30.521178861788613,738
HI0,2023-02-01,32.203900928792564,646
HI0,2023-03-01,21.518777292576416,229
HI0,2023-05-01,8.68606481718915,167
HI0,2023-06-01,18.878627959820736,719
HI0,2023-07-01,21.047938847409352,716
HI0,2023-08-01,18.816152777777777,288
HK6,2016-01-01,59.88356986540179,736
HK6,2016-02-01,62.39591301052369,676
HK6,2016-03-01,56.931362870777654,717
HK6,2016-04-01,66.22583666307088,699
HK6,2016-05-01,50.492234513614974,734
HK6,2016-06-01,49.560951669923426,716
HK6,2016-07-01,46.77523429864806,744
HK6,2016-08-01,46.38652242941606,741
HK6,2016-09-01,55.06447184741641,715
HK6,2016-10-01,55.10896288142561,742
HK6,2016-11-01,63.44867290365882,720
HK6,2016-12-01,68.06371255573667,743
HK6,2017-01-01,71.5480006063917,743
HK6,2017-02-01,59.504279963439004,600
HK6,2017-03-01,63.98037233324983,738
HK6,2017-04-01,60.084001745131644,720
HK6,2017-05-01,47.26128011166888,744
HK6,2017-06-01,48.551992148147434,720
HK6,2017-07-01,42.285210612620844,743
HK6,2017-08-01,51.11403669280589,742
HK6,2017-09-01,54.77001677716991,718
HK6,2017-10-01,59.925877539804716,744
HK6,2017-11-01,64.43680741448544,717
HK6,2017-12-01,63.92244650774924,743
HK6,2018-01-01,58.460680826943396,742
HK6,2018-02-01,50.978397759997165,668
HK6,2018-03-01,55.09252348699325,742
HK6,2018-04-01,54.038332535896444,719
HK6,2018-05-01,49.95941725631612,744
HK6,2018-06-01,40.775216892208036,714
HK6,2018-07-01,49.835745177376914,744
HK6,2018-08-01,47.14130595069208,744
HK6,2018-09-01,47.72267238011204,720
HK6,2018-10-01,47.93415984894226,744
HK6,2018-11-01,47.07125069714556,720
HK6,2018-12-01,52.188208865391594,682
HK6,2019-01-01,53.357353689092406,742
HK6,2019-02-01,56.36001481469686,672
HK6,2019-03-01,54.02577247583883,744
HK6,2019-04-01,48.846200041683055,683
HK6,2019-05-01,44.612071069786374,740
HK6,2019-06-01,38.530395936903176,686
HK6,2019-07-01,42.01488907411812,741
HK6,2019-08-01,45.31008451080347,744
HK6,2019-09-01,42.939783556744665,717
HK6,2019-10-01,43.19040571001965,744
HK6,2019-11-01,46.267742103270614,720
HK6,2019-12-01,49.074928918453146,741
HK6,2020-01-01,49.66667675533367,743
HK6,2020-02-01,49.0701760345791,694
HK6,2020-03-01,37.67840325653953,743
HK6,2020-04-01,31.829697200377222,719
HK6,2020-05-01,24.920019800460285,741
HK6,2020-06-01,25.583741398133665,620
HK6,2020-07-01,27.19126078158791,742
HK6,2020-08-01,33.31538848444656,611
HK6,2020-09-01,40.55734966054497,718
HK6,2020-10-01,37.58250752013029,744
HK6,2020-11-01,41.94812486503563,720
HK6,2020-12-01,40.20702058504388,744
HK6,2021-01-01,40.76785699963906,743
HK6,2021-02-01,32.66788576847433,669
HK6,2021-03-01,38.47379866893969,743
HK6,2021-04-01,32.18092986908243,716
HK6,2021-05-01,32.24729264742416,744
HK6,2021-06-01,25.468022048406517,719
HK6,2021-07-01,26.12302692559437,743
HK6,2021-08-01,25.24148961150339,743
HK6,2021-09-01,37.277649170204384,712
HK6,2021-10-01,35.695327567387274,743
HK6,2021-11-01,39.54251532056748,718
HK6,2021-12-01,33.27974642810704,743
HK6,2022-01-01,41.28483055622775,742
HK6,2022-02-01,33.31494570991306,669
HK6,2022-03-01,36.28071535564096,742
HK6,2022-04-01,26.45488960483196,715
HK6,2022-05-01,29.44697339028787,742
HK6,2022-06-01,25.444760470909923,719
HK6,2022-07-01,25.43141266892312,743
HK6,2022-08-01,25.30076723408582,744
HK6,2022-09-01,29.948694989308212,720
HK6,2022-10-01,34.83304176842101,743
HK6,2022-11-01,35.73953474660385,717
HK6,2022-12-01,26.175705957453975,200
HK6,2023-01-01,39.581377503301596,741
HK6,2023-02-01,41.153632562166784,572
HK6,2023-03-01,31.27517163504968,369
HK6,2023-06-01,25.672172995780592,158
HK6,2023-07-01,28.045349616858235,174
HP1,2018-12-01,26.238573655913978,465
HP1,2019-01-01,30.99640730941025,629
HP1,2019-02-01,31.237083630952377,672
HP1,2019-03-01,20.83361116178102,744
HP1,2019-04-01,26.092055618649134,717
HP1,2019-05-01,19.176238327252943,744
HP1,2019-06-01,14.877318401203905,719
HP1,2019-07-01,14.018331450007421,691
HP1,2019-08-01,14.715734582918522,706
HP1,2019-09-01,17.60445175622307,711
HP1,2019-10-01,22.564266120980545,744
HP1,2019-11-01,33.11153772574428,641
HP1,2019-12-01,29.93441587578675,744
HP1,2020-01-01,28.393698484413065,741
HP1,2020-02-01,16.582125568725854,694
HP1,2020-03-01,17.03872894787278,735
HP1,2020-04-01,16.774726844368384,720
HP1,2020-05-01,10.067149236829456,743
HP1,2020-06-01,11.051668744939361,712
HP1,2020-07-01,9.686338848133847,740
HP1,2020-08-01,12.032453305095622,742
HP1,2020-09-01,17.086607346510714,712
HP1,2020-10-01,16.105152110810742,741
HP1,2020-11-01,20.472038403741756,716
HP1,2020-12-01,17.512750465959652,740
HP1,2021-01-01,20.32570364271809,679
HP1,2021-02-01,18.068267432390734,239
HP1,2021-03-01,19.387197426785832,427
HP1,2021-04-01,18.097668274257256,714
HP1,2021-05-01,11.826366673731082,742
HP1,2021-06-01,11.376049192330324,695
HP1,2021-07-01,11.701051780116524,743
HP1,2021-08-01,9.888002644182693,744
HP1,2021-09-01,17.39150035912466,719
HP1,2021-10-01,16.841914630947677,709
HP1,2021-11-01,24.643491327240213,719
HP1,2021-12-01,19.827903576264646,742
HP1,2022-01-01,27.85038147651483,742
HP1,2022-02-01,14.593110647668977,672
HP1,2022-03-01,24.207251460125292,744
HP1,2022-04-01,16.151758668204728,719
HP1,2022-05-01,12.180543167883918,739
HP1,2022-06-01,10.861806169212315,692
HP1,2022-07-01,9.040648605233304,741
HP1,2022-08-01,11.534510892547502,743
HP1,2022-09-01,16.01112830553751,719
HP1,2022-10-01,15.404102655799715,708
HP1,2022-11-01,18.587654133456077,718
HP1,2022-12-01,22.446185887544477,743
HP1,2023-01-01,24.092840005416654,692
HP1,2023-02-01,24.444665985417647,671
HP1,2023-03-01,13.922738374396314,742
HP1,2023-04-01,14.979197702589977,719
HP1,2023-05-01,12.1471764896724,743
HP1,2023-06-01,11.362567322950955,718
HP1,2023-07-01,8.153084910596347,742
HP1,2023-08-01,10.407216595003248,742
HP1,2023-09-01,15.075050932229576,720
HP1,2023-10-01,16.72643116662231,737
HP1,2023-11-01,16.415091240262345,692
HP1,2023-12-01,12.566990568869151,734
HP1,2024-01-01,13.349316973062592,565
HP1,2024-02-01,13.695629020251816,694
HP1,2024-03-01,15.051154987142857,740
HP1,2024-04-01,9.227605101598737,694
HP1,2024-05-01,12.166645572561219,742
HP1,2024-06-01,8.993507687318695,719
HP1,2024-07-01,9.414730982912161,741
HP1,2024-08-01,8.654281424207948,744
HP1,2024-09-01,12.796236672271034,691
HP1,2024-10-01,16.766621663058476,734
HP1,2024-11-01,22.851019596701768,719
HP1,2024-12-01,13.445112852201257,742
HR1,2016-01-01,37.224203900855436,744
HR1,2016-02-01,31.019200629299924,642
HR1,2016-03-01,25.88282821304663,744
HR1,2016-04-01,22.86785360804043,717
HR1,2016-05-01,16.615883225580426,742
HR1,2016-06-01,15.224809607622738,716
HR1,2016-07-01,13.596930024414617,739
HR1,2016-08-01,16.302704846324623,743
HR1,2016-09-01,24.133883632636373,720
HR1,2016-10-01,29.729896107324084,744
HR1,2016-11-01,36.41714836687254,719
HR1,2016-12-01,47.418348284261114,744
HR1,2017-01-01,52.137491141120236,742
HR1,2017-02-01,30.32283393066654,668
HR1,2017-03-01,25.33553486893227,744
HR1,2017-04-01,21.93549754131499,652
HR1,2018-05-01,14.038080763917005,402
HR1,2018-06-01,12.104462047065475,437
HR1,2018-07-01,16.277897698404992,648
HR1,2018-08-01,13.9602482361701,744
HR1,2018-09-01,19.058555502253174,719
HR1,2018-10-01,22.365294019286623,744
HR1,2018-11-01,27.662164678852086,596
HR1,2018-12-01,31.950062778439346,736
HR1,2019-01-01,30.045337209086064,736
HR1,2019-02-01,37.002491198510704,664
HR1,2019-03-01,18.72129650701008,743
HR1,2019-04-01,19.842357439063985,720
HR1,2019-05-01,15.577514607994555,742
HR1,2019-06-01,13.465668937294149,717
HR1,2019-07-01,11.559323136959858,741
HR1,2019-08-01,12.771199752593258,744
HR1,2019-09-01,16.05021819654722,719
HR1,2019-10-01,18.79752155132381,744
HR1,2019-11-01,27.50965299338895,720
HR1,2019-12-01,23.52810402577172,744
HR1,2020-01-01,22.425246522785486,741
HR1,2020-02-01,13.995265812963739,692
HR1,2020-03-01,14.497384635418571,742
HR1,2020-04-01,13.871877169850347,719
HR1,2020-05-01,9.262769545103309,694
HR1,2020-06-01,9.769771999802579,719
HR1,2020-07-01,7.430853275560502,742
HR1,2020-08-01,10.163809848345196,744
HR1,2020-09-01,14.079326706915174,719
HR1,2020-10-01,15.696772711814935,744
HR1,2020-11-01,26.55785993863469,720
HR1,2020-12-01,26.09443699378628,741
HR1,2021-01-01,21.293977504294865,741
HR1,2021-02-01,19.492166934205688,671
HR1,2021-03-01,19.592536594693133,742
HR1,2021-04-01,16.04688115989969,717
HR1,2021-05-01,12.006981994400311,743
HR1,2021-06-01,10.478869306877872,719
HR1,2021-07-01,10.243398150300056,740
HR1,2021-08-01,8.847128599205133,743
HR1,2021-09-01,15.319025810616328,719
HR1,2021-10-01,18.315235691625208,742
HR1,2021-11-01,23.30220066584711,719
HR1,2021-12-01,21.480241285998883,744
HR1,2022-01-01,30.213158696640413,741
HR1,2022-02-01,15.615984861524574,669
HR1,2022-03-01,24.88911523478792,733
HR1,2022-04-01,13.18026227730859,719
HR1,2022-05-01,11.97050827559772,743
HR1,2022-06-01,9.999393607434202,719
HR1,2022-07-01,9.350822604746456,741
HR1,2022-08-01,9.950450636384085,743
HR1,2022-09-01,14.240416206393894,493
HR1,2023-02-01,13.740107767588716,274
HR1,2023-03-01,17.081954378884742,739
HR1,2023-04-01,16.04015719947216,718
HR1,2023-05-01,10.39708789491515,741
HR1,2023-06-01,9.737537886660292,718
HR1,2023-07-01,8.548043685094568,742
HR1,2023-08-01,9.489909639668374,322
HR2,2016-01-01,55.61444101534934,743
HR2,2016-02-01,48.290710514014656,691
HR2,2016-03-01,43.49408016784765,744
HR2,2016-04-01,45.27589855633373,719
HR2,2016-05-01,35.39578679999782,670
HR2,2016-06-01,35.97622138699883,718
HR2,2016-07-01,33.24749311966925,739
HR2,2016-08-01,25.84897528916323,738
HR2,2016-09-01,32.9567166597793,718
HR2,2016-10-01,41.59864958797056,743
HR2,2016-11-01,57.19036710265927,710
HR2,2016-12-01,69.65278898738079,743
HR2,2017-01-01,72.33302200057881,732
HR2,2017-02-01,48.61559000027701,669
HR2,2017-03-01,41.40897600837266,743
HR2,2017-04-01,33.042890941269015,707
HR2,2017-05-01,28.163345202537354,743
HR2,2017-06-01,30.124531826659872,720
HR2,2017-07-01,27.707179358004307,730
HR2,2017-08-01,32.247943672483764,722
HR2,2017-09-01,35.73007851139562,702
HR2,2017-10-01,42.191733960588344,740
HR2,2017-11-01,53.85699757740547,523
HR2,2017-12-01,48.771039493541686,743
HR2,2018-01-01,44.73974252935218,744
HR2,2018-02-01,41.78623159952405,667
HR2,2018-03-01,45.46939219176021,742
HR2,2018-04-01,35.21808140810942,720
HR2,2018-05-01,31.499277103481973,741
HR2,2018-06-01,26.35521691073816,719
HR2,2018-07-01,37.25291469149722,740
HR2,2018-08-01,37.42136511416453,744
HR2,2018-09-01,38.47683843214542,719
HR2,2018-10-01,40.90895462253041,741
HR2,2018-11-01,40.738070477684566,713
HR2,2018-12-01,49.218465089501095,741
HR2,2019-01-01,54.013530001504805,743
HR2,2019-02-01,55.71129564608808,668
HR2,2019-03-01,43.39018870724407,743
HR2,2019-04-01,35.125390206449346,719
HR2,2019-05-01,34.96782922449542,743
HR2,2019-06-01,30.369871379422552,720
HR2,2019-07-01,33.20405581103598,740
HR2,2019-08-01,31.712936065247195,743
HR2,2019-09-01,26.270284043754835,719
HR2,2019-10-01,26.285529603088772,741
HR2,2019-11-01,32.191718856444744,719
HR2,2019-12-01,34.10419615049722,741
HR2,2020-01-01,34.47186455188496,729
HR2,2020-02-01,27.852391585159726,570
HR2,2020-03-01,24.78461115445663,743
HR2,2020-04-01,18.78824918321051,718
HR2,2020-05-01,16.167646177879785,743
HR2,2020-06-01,18.67649810942215,720
HR2,2020-07-01,18.595934325034975,30
HR2,2020-10-01,22.336328832481485,142
HV1,2016-01-01,46.322186508393386,744
HV1,2016-02-01,37.8969814407035,692
HV1,2016-03-01,30.43833674775976,742
HV1,2016-04-01,37.683092535195414,623
HV1,2016-05-01,25.285818902628854,743
HV1,2016-06-01,25.70569858796756,719
HV1,2016-07-01,25.77535516811329,741
HV1,2016-08-01,27.118190587707616,741
HV1,2016-09-01,33.124607031298495,719
HV1,2016-10-01,29.366598514876628,724
HV1,2016-11-01,40.995844558695325,719
HV1,2016-12-01,50.976922571969844,741
HV1,2017-01-01,51.44320071545065,742
HV1,2017-02-01,38.89140442613853,669
HV1,2017-03-01,36.370155139619,743
HV1,2017-04-01,29.53098204097869,718
HV1,2017-05-01,25.858141231602104,743
HV1,2017-06-01,26.132040375168664,708
HV1,2017-07-01,24.578947440144795,743
HV1,2017-08-01,28.382534768288547,743
HV1,2017-09-01,31.662920057563518,716
HV1,2017-10-01,32.97604406399299,743
HV1,2017-11-01,43.29759445670716,719
HV1,2017-12-01,42.055894792440824,740
HV1,2018-01-01,35.0237316326978,742
HV1,2018-02-01,31.634198084935868,671
HV1,2018-03-01,37.04381482384474,744
HV1,2018-04-01,28.75786931070881,718
HV1,2018-05-01,25.05002210250119,743
HV1,2018-06-01,16.706546402105268,716
HV1,2018-07-01,25.976435176447765,742
HV1,2018-08-01,26.939145941345625,743
HV1,2018-09-01,27.66122713139472,719
HV1,2018-10-01,30.0394099845121,742
HV1,2018-11-01,33.027144506398116,719
HV1,2018-12-01,38.88432085916405,743
HV1,2019-01-01,39.41849393744047,741
HV1,2019-02-01,43.173819513026864,668
HV1,2019-03-01,31.09881186941734,743
HV1,2019-04-01,24.937658678298664,719
HV1,2019-05-01,21.439477796650927,743
HV1,2019-06-01,21.082297268738706,719
HV1,2019-07-01,23.195168010755122,740
HV1,2019-08-01,24.485151823513828,738
HV1,2019-09-01,24.36692593984273,719
HV1,2019-10-01,28.139142106699403,743
HV1,2019-11-01,34.83897183675559,719
HV1,2019-12-01,35.644368160308524,743
HV1,2020-01-01,34.16840098924717,741
HV1,2020-02-01,26.840010936629902,693
HV1,2020-03-01,19.86039598145557,743
HV1,2020-04-01,17.871393892423082,718
HV1,2020-05-01,14.706736097145109,743
HV1,2020-06-01,15.48936587335826,715
HV1,2020-07-01,16.12700065524661,739
HV1,2020-08-01,17.827813047549228,743
HV1,2020-09-01,22.442278632865772,719
HV1,2020-10-01,22.62421385481125,743
HV1,2020-11-01,31.689376822546983,719
HV1,2020-12-01,30.624741747320858,741
HV1,2021-01-01,27.43217188321679,744
HV1,2021-02-01,24.615012566421953,640
HV1,2021-03-01,27.316043010737424,744
HV1,2021-04-01,19.063729858752843,718
HV1,2021-05-01,19.159155602244144,743
HV1,2021-06-01,15.88843910317988,719
HV1,2021-07-01,15.305068546716965,742
HV1,2021-08-01,15.411889476932393,716
HV1,2021-09-01,21.70958933929832,718
HV1,2021-10-01,26.31431370517581,743
HV1,2021-11-01,31.20563897572359,717
HV1,2021-12-01,26.780167938331264,743
HV1,2022-01-01,38.60615997609062,738
HV1,2022-02-01,25.664844730438027,671
HV1,2022-03-01,27.32094330707776,741
HV1,2022-04-01,18.802684829034018,719
HV1,2022-05-01,19.927852344166144,743
HV1,2022-06-01,16.320709586497912,719
HV1,2022-07-01,15.538064311750883,738
HV1,2022-08-01,15.748639604018598,742
HV1,2022-09-01,20.616540545296875,719
HV1,2022-10-01,24.455986180757268,743
HV1,2022-11-01,23.951023892277266,719
HV1,2022-12-01,28.906287564372544,673
HV1,2023-01-01,28.424313130188832,743
HV1,2023-02-01,29.990452291388564,669
HV1,2023-03-01,19.549332185830114,743
HV1,2023-04-01,17.886016721090254,719
HV1,2023-05-01,13.208679863352055,743
HV1,2023-06-01,14.208980289709135,719
HV1,2023-07-01,16.10421205410631,743
HV1,2023-08-01,17.4433743856287,742
HV1,2023-09-01,20.95344447538064,719
HV1,2023-10-01,23.606487006600965,740
HV1,2023-11-01,24.411561603699575,719
HV1,2023-12-01,21.016120470209266,594
HV1,2024-01-01,24.11325471074969,742
HV1,2024-02-01,22.639945283183767,695
HV1,2024-03-01,20.550292581360733,738
HV1,2024-04-01,13.328570619092789,719
HV1,2024-05-01,16.941586579199377,740
HV1,2024-06-01,14.464115108508647,720
HV1,2024-07-01,14.431243135326941,744
HV1,2024-08-01,15.640768870660375,741
HV1,2024-09-01,17.61065027940571,719
HV1,2024-10-01,23.832959744831875,742
HV1,2024-11-01,24.098586740596787,719
HV1,2024-12-01,19.666460588533035,738
HV3,2016-01-01,50.70756128659613,742
HV3,2016-02-01,43.13889910514585,667
HV3,2016-03-01,39.85368768159481,744
HV3,2016-04-01,42.610572762815465,718
HV3,2016-05-01,39.24855156682052,743
HV3,2016-06-01,36.68290906074746,720
HV3,2016-07-01,30.964415563154564,648
HV3,2016-08-01,32.999613226891455,743
HV3,2016-09-01,48.63967251347563,720
HV3,2016-10-01,46.717394256285615,743
HV3,2016-11-01,54.033785514128965,720
HV3,2016-12-01,65.18330233428158,741
HV3,2017-01-01,64.84234587711528,532
HV3,2017-02-01,47.56427884254037,672
HV3,2017-03-01,46.992280489200475,328
HV3,2017-04-01,31.373211625871264,288
HV3,2017-05-01,41.242924343987305,701
HV3,2017-06-01,33.891129905523314,643
HV3,2017-07-01,26.324596563914398,741
HV3,2017-08-01,32.784637527490816,742
HV3,2017-09-01,40.273619401622646,697
HV3,2017-10-01,40.346960949238195,743
HV3,2017-11-01,44.690904050341494,718
HV3,2017-12-01,36.501292571625186,660
HV3,2018-01-01,41.9716814908605,466
HV3,2018-02-01,42.95316993583837,671
HV3,2018-03-01,44.35621156884852,743
HV3,2018-04-01,40.364865302194616,719
HV3,2018-05-01,34.54905322469639,720
HV3,2018-06-01,22.778833681318545,582
HV3,2018-08-01,28.286048652184583,534
HV3,2018-09-01,36.031241269321825,720
HV3,2018-10-01,37.7159445460798,727
HV3,2018-11-01,43.99011244299435,720
HV3,2018-12-01,44.322894829892626,744
HV3,2019-01-01,40.489291157101555,738
HV3,2019-02-01,56.4620308967463,669
HV3,2019-03-01,37.80161752516573,744
HV3,2019-04-01,40.06294728575836,720
HV3,2019-05-01,33.848289424802076,743
HV3,2019-06-01,34.68794915345926,719
HV3,2019-07-01,30.365375379350514,741
HV3,2019-08-01,36.33558429716227,744
HV3,2019-09-01,30.90404067566797,719
HV3,2019-10-01,36.11153725593945,715
HV3,2019-11-01,39.76559875706969,720
HV3,2019-12-01,40.96809626516186,744
HV3,2020-01-01,42.791420615819334,644
HV3,2020-02-01,26.433404121687648,694
HV3,2020-03-01,25.032774653804736,744
HV3,2020-04-01,23.441002037196398,720
HV3,2020-05-01,18.92181259182465,742
HV3,2020-06-01,24.666724609130497,716
HV3,2020-07-01,20.34161640444888,719
HV3,2020-08-01,27.655456906431098,743
HV3,2020-09-01,30.260774529114432,719
HV3,2020-10-01,32.462197789697925,743
HV3,2020-11-01,41.613114881511216,719
HV3,2020-12-01,38.1710245277578,741
HV3,2021-01-01,30.67127741715893,743
HV3,2021-02-01,33.450107824437104,669
HV3,2021-03-01,33.23989940804955,743
HV3,2021-04-01,24.80604243284112,720
HV3,2021-05-01,27.641023202130306,744
HV3,2021-06-01,21.118866839215812,720
HV3,2021-07-01,23.04843817842376,741
HV3,2021-08-01,21.26907190018213,719
HV3,2021-09-01,29.367389187593993,720
HV3,2021-10-01,33.849111282085694,744
HV3,2021-11-01,30.019211163959238,719
HV3,2021-12-01,28.067991947712702,654
HV3,2022-01-01,40.11392563191629,712
HV3,2022-02-01,24.397011328470484,671
HV3,2022-03-01,39.33813013344038,717
HV3,2022-04-01,25.510733997840592,719
HV3,2022-05-01,28.34119432466358,744
HV3,2022-06-01,27.27308456836318,719
HV3,2022-07-01,23.998569810971844,716
HV3,2022-08-01,27.319545939750398,744
HV3,2022-09-01,28.637550476130663,720
HV3,2022-10-01,33.00462011938405,744
HV3,2022-11-01,31.89071162824999,720
HV3,2022-12-01,33.981572092654986,744
HV3,2023-01-01,28.87986556392665,743
HV3,2023-02-01,30.282314170657358,672
HV3,2023-03-01,26.32387026815988,742
HV3,2023-04-01,23.800066357150076,720
HV3,2023-05-01,19.736591239916955,744
HV3,2023-06-01,22.805109546679173,719
HV3,2023-07-01,24.167259427795635,740
HV3,2023-08-01,23.521453259382078,743
HV3,2023-09-01,30.352485316948187,720
HV3,2023-10-01,33.93607474458242,743
HV3,2023-11-01,30.07168375202125,720
HV3,2023-12-01,24.25856207622312,692
HV3,2024-01-01,26.79516490196368,726
HV3,2024-02-01,26.644579979637452,686
HV3,2024-03-01,31.581083755113898,742
HV3,2024-04-01,21.029814881333714,715
HV3,2024-05-01,20.914686399655594,738
HV3,2024-06-01,17.612451754422004,696
HV3,2024-07-01,17.800214889924177,744
HV3,2024-08-01,17.68189867864814,742
HV3,2024-09-01,16.643423460737228,720
HV3,2024-10-01,25.104855079406185,744
HV3,2024-11-01,25.789075553369614,719
HV3,2024-12-01,18.696987282593977,702
IM1,2016-01-01,78.17729346589815,743
IM1,2016-02-01,83.80098282059868,694
IM1,2016-03-01,92.55730097608375,740
IM1,2016-04-01,90.56771786947304,716
IM1,2016-05-01,100.24489758536502,741
IM1,2016-06-01,83.67648104853922,718
IM1,2016-07-01,61.68736299155299,590
IM1,2016-08-01,70.6375351968982,640
IM1,2016-09-01,74.54167906667111,704
IM1,2016-10-01,95.53539266437825,740
IM1,2016-11-01,89.18216187493107,717
IM1,2016-12-01,84.33724331843841,741
IM1,2017-01-01,95.40705192994487,742
IM1,2017-02-01,80.63339567046877,671
IM1,2017-03-01,100.49709497102954,530
IM1,2017-04-01,86.65652263757764,614
IM1,2017-05-01,81.88499285986792,742
IM1,2017-06-01,69.55192118288693,718
IM1,2017-07-01,63.159481332547166,742
IM1,2017-08-01,60.109989692534135,514
IM1,2017-09-01,67.22136772082693,718
IM1,2017-10-01,58.71635700967938,741
IM1,2017-11-01,73.24003865194089,245
IM1,2017-12-01,60.14537612905981,737
IM1,2018-01-01,61.5683046145047,739
IM1,2018-02-01,73.77799669772803,557
IM1,2018-03-01,77.13439314259949,420
IM1,2018-04-01,70.7579937906911,659
IM1,2018-05-01,80.23169978953163,639
IM1,2018-06-01,61.074253769211154,526
IM1,2018-09-01,55.471900384932106,489
IM1,2018-10-01,65.3470832286109,721
IM1,2018-11-01,70.46838437725536,693
IM1,2018-12-01,54.93244391633038,579
IM1,2019-01-01,66.47530723371958,741
IM1,2019-02-01,66.28545388633897,668
IM1,2019-03-01,51.34679393979572,669
IM1,2019-04-01,67.82180392981688,543
IM1,2019-05-01,63.11576001070645,415
IM1,2019-06-01,50.477901701708994,477
IM1,2019-07-01,49.05084063780917,743
IM1,2019-08-01,44.88243366297614,742
IM1,2019-09-01,44.77342829431367,579
IM1,2019-10-01,52.466417702269176,650
IM1,2019-11-01,59.87299627289196,716
IM1,2019-12-01,46.75174852825228,742
IM1,2020-01-01,43.42897418345209,545
IM1,2020-02-01,28.035756848715295,349
IM1,2020-04-01,35.674927158307455,227
IM1,2020-05-01,31.732258146173265,744
IM1,2020-06-01,32.22576214097396,357
IM1,2020-07-01,31.88245653343342,742
IM1,2020-08-01,43.5135953669823,744
IM1,2020-09-01,37.537671940316166,624
IM1,2020-10-01,29.70176945200183,539
IM1,2020-11-01,38.47969003916763,719
IM1,2020-12-01,37.723168128230114,743
IM1,2021-01-01,36.321013906729,743
IM1,2021-02-01,35.563889200449424,648
IM1,2021-03-01,37.24394252829546,743
IM1,2021-04-01,42.02580715992371,718
IM1,2021-05-01,32.37518303411409,741
IM1,2021-06-01,34.37009102200456,719
IM1,2021-07-01,32.21276115269337,743
IM1,2021-08-01,27.0738802365319,742
IM1,2021-09-01,42.92778007504666,717
IM1,2021-10-01,35.963652435969976,742
IM1,2021-11-01,42.07630149984669,715
IM1,2021-12-01,37.6182675443284,743
IM1,2022-01-01,43.91380417375179,740
IM1,2022-02-01,28.353004476192854,670
IM1,2022-03-01,50.11571154636454,740
IM1,2022-04-01,40.95346414946084,717
IM1,2022-05-01,31.302781861152308,690
IM1,2022-06-01,29.143846745852535,262
IM1,2022-09-01,40.92640082466176,77
IM1,2022-10-01,34.94883555599492,591
IM1,2022-11-01,33.162045728428616,716
IM1,2022-12-01,38.69154702056849,741
IM1,2023-01-01,34.24035062486115,742
IM1,2023-02-01,40.22431525402593,668
IM1,2023-03-01,31.36299480263901,740
IM1,2023-04-01,39.26493793053567,718
IM1,2023-05-01,25.449653010902477,32
IS2,2016-01-01,71.06593589369011,734
IS2,2016-02-01,65.09601525909346,690
IS2,2016-03-01,62.61477766905951,739
IS2,2016-04-01,58.01590254246333,717
IS2,2016-05-01,52.669122511012624,735
IS2,2016-06-01,55.970645850800146,709
IS2,2016-07-01,52.87254696270542,735
IS2,2016-08-01,50.80035978980538,734
IS2,2016-09-01,60.71810714533074,660
IS2,2016-10-01,54.51100210208332,740
IS2,2016-11-01,65.71381036475194,714
IS2,2016-12-01,76.60176323582628,234
IS2,2017-01-01,53.07934376865035,48
IS2,2017-02-01,55.19188054278979,642
IS2,2017-03-01,57.77409056500814,740
IS2,2017-04-01,48.92814368066112,719
IS2,2017-05-01,42.134828996168835,740
IS2,2017-06-01,41.3230699097952,719
IS2,2017-07-01,39.56051471099564,742
IS2,2017-08-01,44.48000828162943,739
IS2,2017-09-01,49.2264599484715,718
IS2,2017-10-01,49.639128763815805,719
IS2,2017-11-01,60.37240352791337,716
IS2,2017-12-01,51.44357545566755,740
IS2,2018-01-01,50.64251777316781,733
IS2,2018-02-01,51.58059895350284,669
IS2,2018-03-01,51.79568729328087,743
IS2,2018-04-01,49.00574153464166,719
IS2,2018-05-01,44.461778260844554,744
IS2,2018-06-01,35.88999410963144,717
IS2,2018-07-01,47.104425721965185,740
IS2,2018-08-01,44.18343390712553,743
IS2,2018-09-01,46.10350224063407,719
IS2,2018-10-01,45.82699608766768,743
IS2,2018-11-01,46.859617669268424,719
IS2,2018-12-01,50.38492760288135,743
IS2,2019-01-01,51.80080840251562,739
IS2,2019-02-01,58.008115277424004,668
IS2,2019-03-01,40.20389810524429,739
IS2,2019-04-01,35.04228826120807,719
IS2,2019-05-01,32.126102466786286,742
IS2,2019-06-01,30.448855162882452,715
IS2,2019-07-01,34.1219180091933,741
IS2,2019-08-01,34.93496331586511,743
IS2,2019-09-01,34.90362767647154,720
IS2,2019-10-01,41.28102940174227,583
IS2,2019-11-01,42.52934641507117,718
IS2,2019-12-01,42.39648252393476,743
IS2,2020-01-01,42.7136965539184,742
IS2,2020-02-01,38.05639682381079,688
IS2,2020-03-01,33.21663491082528,589
IS2,2020-04-01,24.229489275411257,720
IS2,2020-05-01,21.782124279354857,743
IS2,2020-06-01,23.584168527443268,718
IS2,2020-07-01,24.726698995442796,740
IS2,2020-08-01,27.51162037829901,725
IS2,2020-09-01,30.6647810363909,718
IS2,2020-10-01,30.380309090823715,743
IS2,2020-11-01,36.901590119047086,719
IS2,2020-12-01,36.331692114894686,743
IS2,2021-01-01,33.70783359672536,742
IS2,2021-02-01,34.85651977884646,670
IS2,2021-03-01,34.00125793005321,744
IS2,2021-04-01,26.606719746805034,716
IS2,2021-05-01,27.246300583887564,742
IS2,2021-06-01,23.50593598964089,719
IS2,2021-07-01,21.48671238691572,742
IS2,2021-08-01,21.212922758849746,740
IS2,2021-09-01,27.21106227938529,718
IS2,2021-10-01,32.173650078718595,740
IS2,2021-11-01,33.96974231980917,718
IS2,2021-12-01,30.596859529163893,744
IS2,2022-01-01,41.95447613241969,742
IS2,2022-02-01,29.407462477799978,667
IS2,2022-03-01,30.28903531021809,743
IS2,2022-04-01,21.68903343495437,717
IS2,2022-05-01,25.614777260962388,744
IS2,2022-06-01,20.240971704685172,719
IS2,2022-07-01,21.666391382125735,743
IS2,2022-08-01,19.616131928772447,738
IS2,2022-09-01,26.25360198467038,718
IS2,2022-10-01,30.973177841360727,742
IS2,2022-11-01,32.107578770894136,719
IS2,2022-12-01,35.86576428114812,742
IS2,2023-01-01,34.269910800458184,743
IS2,2023-02-01,36.97865027839568,671
IS2,2023-03-01,26.75422292449639,582
IS2,2023-04-01,19.87346943232032,564
IS2,2023-05-01,15.066557665724625,528
IS2,2023-06-01,14.84581625643098,521
IS2,2023-07-01,15.306723728456038,693
IS2,2023-08-01,17.807035832037393,191
IS2,2023-09-01,21.840041351102343,648
IS2,2023-10-01,27.384296991711807,740
IS2,2023-11-01,29.81586530042904,717
IS2,2023-12-01,23.841715667118027,743
IS2,2024-01-01,28.104713425838572,742
IS2,2024-02-01,26.13264693619556,694
IS2,2024-03-01,24.148269326487885,743
IS2,2024-04-01,18.12368186099116,714
IS2,2024-05-01,21.478263240820908,741
IS2,2024-06-01,19.61129917759586,713
IS2,2024-07-01,19.610337000571015,743
IS2,2024-08-01,18.56399985182755,742
IS2,2024-09-01,22.346319687268753,716
IS2,2024-10-01,28.56256701966991,741
IS2,2024-11-01,30.206820444074847,719
IS2,2024-12-01,24.067628966835386,744
IS6,2016-01-01,43.50000740016642,741
IS6,2016-02-01,37.77249850775654,689
IS6,2016-03-01,29.13291000984981,689
IS6,2016-04-01,27.514497063278505,718
IS6,2016-05-01,24.203470375926173,742
IS6,2016-06-01,24.122394634660942,718
IS6,2016-07-01,22.182511802509026,737
IS6,2016-08-01,24.134843766336257,743
IS6,2016-09-01,30.926791471393816,720
IS6,2016-10-01,35.20795494555884,742
IS6,2016-11-01,40.95919180807957,716
IS6,2016-12-01,56.01080667104594,744
IS6,2017-01-01,56.65021009979976,739
IS6,2017-02-01,35.13896400807871,666
IS6,2017-03-01,31.54984797541304,738
IS6,2017-04-01,27.1831883060914,715
IS6,2017-05-01,26.61527252288472,742
IS6,2017-06-01,24.684201990301098,532
IS6,2017-07-01,19.370827116510327,731
IS6,2017-08-01,22.956999751681106,731
IS6,2017-09-01,23.162664044262296,718
IS6,2017-10-01,27.481585311734555,618
IS6,2017-11-01,37.93129871125977,718
IS6,2017-12-01,36.63617316209724,634
IS6,2018-01-01,28.61807400279487,653
IS6,2018-02-01,31.312367581145622,666
IS6,2018-03-01,32.2487249613305,743
IS6,2018-04-01,28.832696237965056,714
IS6,2018-05-01,25.740078470948053,742
IS6,2018-06-01,15.66973307985732,716
IS6,2018-07-01,19.2330672761328,738
IS6,2018-08-01,20.87447560818164,742
IS6,2018-09-01,25.76223370885733,718
IS6,2018-10-01,27.714050460884692,742
IS6,2018-11-01,31.980373039059263,712
IS6,2018-12-01,32.58417039014577,742
IS6,2019-01-01,36.07457196193473,734
IS6,2019-02-01,41.713875018556266,670
IS6,2019-03-01,24.703743176624975,737
IS6,2019-04-01,24.043822905523808,718
IS6,2019-05-01,19.21169706420196,742
IS6,2019-06-01,17.75792938635986,718
IS6,2019-07-01,16.47926142969621,740
IS6,2019-08-01,19.414376358373545,736
IS6,2019-09-01,19.693061804040003,716
IS6,2019-10-01,24.10005321547609,742
IS6,2019-11-01,30.182928408864324,718
IS6,2019-12-01,27.183104658344377,379
IS6,2020-01-01,31.82993204543181,742
IS6,2020-02-01,23.4640601019275,690
IS6,2020-03-01,20.85441036077395,739
IS6,2020-04-01,17.16450808372465,720
IS6,2020-05-01,10.332666222173998,741
IS6,2020-06-01,11.104953015402382,709
IS6,2020-07-01,11.227752544223112,735
IS6,2020-08-01,15.868570685397748,590
IS6,2020-09-01,18.35260268319061,714
IS6,2020-10-01,19.490291529765656,743
IS6,2020-11-01,29.304281650370616,719
IS6,2020-12-01,27.09887128481986,744
IS6,2021-01-01,25.30322449960919,740
IS6,2021-02-01,23.877490859259037,671
IS6,2021-03-01,24.705543643208152,744
IS6,2021-04-01,19.82914330699391,717
IS6,2021-05-01,15.999690163064416,742
IS6,2021-06-01,15.765468954829785,716
IS6,2021-07-01,15.566625888853943,742
IS6,2021-08-01,13.676620793075939,739
IS6,2021-09-01,18.891267494448346,717
IS6,2021-10-01,16.675433480264445,98
IS6,2021-11-01,23.757927640196318,151
IS6,2021-12-01,23.076384220461428,743
IS6,2022-01-01,31.382440105089803,742
IS6,2022-02-01,20.63144760417049,665
IS6,2022-03-01,29.229947056005255,742
IS6,2022-04-01,20.063522738157566,719
IS6,2022-05-01,17.412363567788077,740
IS6,2022-06-01,13.988334152608765,719
IS6,2022-07-01,12.505003129917824,740
IS6,2022-08-01,12.59322461525067,739
IS6,2022-09-01,16.18426373976043,718
IS6,2022-10-01,19.200466126000414,739
IS6,2022-11-01,19.97119800123983,718
IS6,2022-12-01,27.13489211452465,742
IS6,2023-01-01,24.817842414618596,742
IS6,2023-02-01,27.176181209465394,670
IS6,2023-03-01,15.51722622811071,741
IS6,2023-04-01,14.62675062658617,717
IS6,2023-05-01,11.600960608834448,741
IS6,2023-06-01,12.030110301115569,718
IS6,2023-07-01,12.098768571897125,740
IS6,2023-08-01,11.549339165142573,742
IS6,2023-09-01,15.226329934863008,715
IS6,2023-10-01,18.019160501309493,731
IS6,2023-11-01,21.20229168014762,575
IS6,2023-12-01,16.029997971058023,742
IS6,2024-01-01,20.748271888751525,739
IS6,2024-02-01,17.294216852383066,695
IS6,2024-03-01,16.806730444803765,743
IS6,2024-04-01,8.930869492562012,705
IS6,2024-05-01,11.843677301842371,742
IS6,2024-06-01,11.678956374285463,705
IS6,2024-07-01,12.270760473060074,743
IS6,2024-08-01,11.934709770403911,738
IS6,2024-09-01,12.310758069113525,719
IS6,2024-10-01,17.350592365041198,741
IS6,2024-11-01,22.397762281943365,719
IS6,2024-12-01,15.706016267067897,743
KC1,2016-01-01,41.8775428003314,710
KC1,2016-02-01,38.578702414194495,694
KC1,2016-03-01,36.39799742753566,741
KC1,2016-04-01,32.345426346013255,717
KC1,2016-05-01,28.90535282261084,740
KC1,2016-06-01,25.37330049341802,710
KC1,2016-07-01,19.95327290641268,737
KC1,2016-08-01,23.362345380476714,742
KC1,2016-09-01,28.110993900252524,704
KC1,2016-10-01,39.58649039023918,743
KC1,2016-11-01,46.14067522041983,718
KC1,2016-12-01,54.61684319828057,742
KC1,2017-01-01,59.82094021807747,738
KC1,2017-02-01,36.10793648484848,671
KC1,2017-03-01,30.932152176496977,743
KC1,2017-04-01,28.05977284316475,713
KC1,2017-05-01,28.637593711570393,740
KC1,2017-06-01,23.20221333048924,717
KC1,2017-07-01,19.56861749470118,737
KC1,2017-08-01,26.180002024769653,742
KC1,2017-09-01,29.42602026107175,714
KC1,2017-10-01,30.150797379717474,744
KC1,2017-11-01,41.44666266994374,718
KC1,2017-12-01,38.28012128823353,742
KC1,2018-01-01,33.06782096388217,730
KC1,2018-02-01,36.44962888581085,671
KC1,2018-03-01,35.05311348917937,720
KC1,2018-04-01,27.66500549937189,718
KC1,2018-05-01,28.341062791254867,742
KC1,2018-06-01,18.586371605071967,717
KC1,2018-07-01,21.282663869955037,737
KC1,2018-08-01,19.989899616933563,742
KC1,2018-09-01,26.840560682680195,711
KC1,2018-10-01,31.277453515810638,741
KC1,2018-11-01,35.29168226189242,719
KC1,2018-12-01,35.466970776167976,743
KC1,2019-01-01,39.632939127123294,738
KC1,2019-02-01,41.21075799157849,669
KC1,2019-03-01,25.017834018256835,716
KC1,2019-04-01,30.60441540718863,717
KC1,2019-05-01,20.62866076585099,742
KC1,2019-06-01,17.16702797832962,713
KC1,2019-07-01,16.322239504888746,742
KC1,2019-08-01,19.787348288924218,740
KC1,2019-09-01,21.64328442701525,705
KC1,2019-10-01,28.16066819157827,732
KC1,2019-11-01,36.41326306815799,717
KC1,2019-12-01,31.48473452677445,741
KC1,2020-01-01,29.383193732353384,739
KC1,2020-02-01,20.75633866962205,690
KC1,2020-03-01,20.77373527128587,742
KC1,2020-04-01,19.80192825131538,718
KC1,2020-05-01,14.319792764609117,743
KC1,2020-06-01,14.640020486814157,717
KC1,2020-07-01,12.993210317255077,737
KC1,2020-08-01,16.291377366664904,742
KC1,2020-09-01,21.07115869582988,710
KC1,2020-10-01,21.810240230460515,741
KC1,2020-11-01,28.587874551736082,717
KC1,2020-12-01,26.16551545776246,717
KC1,2021-01-01,26.51723200177366,737
KC1,2021-02-01,23.83885409879059,635
KC1,2021-03-01,24.824847162341662,742
KC1,2021-04-01,22.434926876253936,718
KC1,2021-05-01,15.807077237707661,742
KC1,2021-06-01,12.17848917807719,716
KC1,2021-07-01,13.169708108108107,740
KC1,2021-08-01,10.313999999999998,738
KC1,2021-09-01,19.258325452016688,719
KC1,2021-10-01,18.81272776280323,742
KC1,2021-11-01,25.99757740585774,717
KC1,2021-12-01,21.52130417227456,743
KC1,2022-01-01,17.43976923076923,130
KC1,2022-02-01,16.820260135135133,592
KC1,2022-03-01,26.74750070126227,713
KC1,2022-04-01,15.747334733893558,714
KC1,2022-05-01,9.841805555555554,684
KC1,2022-06-01,9.147879821958457,674
KC1,2022-07-01,7.686906902086676,623
KC1,2022-08-01,10.727919137466307,742
KC1,2022-09-01,14.855100143061515,699
KC1,2022-10-01,18.41207854137447,713
KC1,2022-11-01,18.924516986706056,677
KC1,2022-12-01,26.018304824561405,456
KC1,2023-01-01,25.403,720
KC1,2023-02-01,24.548829562594264,663
KC1,2023-03-01,14.93165378670788,647
KC1,2023-04-01,14.046279494382022,712
KC1,2023-05-01,8.31931377899045,733
KC1,2023-06-01,10.129502127659574,705
KC1,2023-07-01,9.761132432432431,740
KC1,2023-08-01,10.431222072678331,743
KC1,2023-09-01,16.81577325581395,688
KC1,2023-10-01,19.113661268556005,741
KC1,2023-11-01,22.94527158774373,718
KC1,2023-12-01,16.353187845303864,724
KC1,2024-01-01,20.55081506849315,730
KC1,2024-02-01,17.210670995670995,693
KC1,2024-03-01,14.52650634696756,709
KC1,2024-04-01,8.06836191860465,688
KC1,2024-05-01,11.998005594405592,715
KC1,2024-06-01,9.01876462395543,718
KC1,2024-07-01,9.094298913043477,736
KC1,2024-08-01,9.719599439775909,714
KC1,2024-09-01,14.332575070821528,706
KC1,2024-10-01,19.164100954979535,733
KC1,2024-11-01,23.62033333333333,675
KC1,2024-12-01,16.542779891304345,736
KC2,2016-01-01,74.90330103136095,728
KC2,2016-02-01,68.40642754622972,689
KC2,2016-03-01,61.281428933665076,736
KC2,2016-04-01,62.0518088698687,694
KC2,2016-05-01,54.00311584171893,693
KC2,2016-06-01,48.28071026820951,715
KC2,2016-07-01,42.21346332318457,742
KC2,2016-08-01,46.33661763622077,740
KC2,2016-09-01,54.56523565869255,718
KC2,2016-10-01,53.85028302292352,741
KC2,2016-11-01,60.212517764512924,668
KC2,2016-12-01,67.51639931825918,742
KC2,2017-01-01,68.17979784736656,712
KC2,2017-02-01,59.9949999110063,666
KC2,2017-03-01,59.26924498912944,739
KC2,2017-04-01,44.51490248324448,719
KC2,2017-05-01,48.75065465030011,688
KC2,2017-06-01,44.58987354128848,718
KC2,2017-07-01,40.067261415320516,682
KC2,2017-08-01,41.272192173982894,741
KC2,2017-09-01,49.32107851117508,685
KC2,2017-10-01,46.15571269592219,618
KC3,2016-01-01,75.711289806542,744
KC3,2016-02-01,79.56045814520776,692
KC3,2016-03-01,91.31153193615144,741
KC3,2016-04-01,79.76234836828998,531
KC3,2016-05-01,85.5690403008692,633
KC3,2016-06-01,67.04122847310049,718
KC3,2016-07-01,54.90201958618872,743
KC3,2016-08-01,69.6533457540411,743
KC3,2016-09-01,66.7983344189567,710
KC3,2016-10-01,89.61483801516594,741
KC3,2016-11-01,89.75216808881116,718
KC3,2016-12-01,103.88958655728275,742
KC3,2017-01-01,97.02156149603256,743
KC3,2017-02-01,73.68132317013139,670
KC3,2017-03-01,69.40471023930138,742
KC3,2017-04-01,66.80945011048135,704
KC3,2017-05-01,72.93235605194319,743
KC3,2017-06-01,54.523747751972515,718
KC3,2017-07-01,56.1234443429395,690
KC3,2017-08-01,56.26822571131955,597
KC3,2017-09-01,60.127013838159726,718
KC3,2017-10-01,50.25102309936383,608
KC4,2016-01-01,82.39167933715943,743
KC4,2016-02-01,74.48624769527885,694
KC4,2016-03-01,71.53395690709692,740
KC4,2016-04-01,76.20290053463137,718
KC4,2016-05-01,75.95791511605891,741
KC4,2016-06-01,74.4223108609949,718
KC4,2016-07-01,63.14517225360594,743
KC4,2016-08-01,68.48190302715228,744
KC4,2016-09-01,82.46887048809583,715
KC4,2016-10-01,80.35095611675598,741
KC4,2016-11-01,91.19915399669429,719
KC4,2016-12-01,93.84257838713124,730
KC4,2017-01-01,86.37492955819329,655
KC4,2017-02-01,66.57548898361533,667
KC4,2017-03-01,66.78535308493913,741
KC4,2017-04-01,52.464026581188065,693
KC4,2017-05-01,66.29073757318707,742
KC4,2017-06-01,62.34774217962644,707
KC4,2017-07-01,54.317985821652506,744
KC4,2017-08-01,54.39147432326661,741
KC4,2017-09-01,61.90699204362573,716
KC4,2017-10-01,63.21132473254774,611
KC5,2016-01-01,90.48562579085534,742
KC5,2016-02-01,79.9959550187367,692
KC5,2016-03-01,88.65419187635484,736
KC5,2016-04-01,91.24535844859768,718
KC5,2016-05-01,88.63721856177936,741
KC5,2016-06-01,83.41808971172983,718
KC5,2016-07-01,70.69954731913879,738
KC5,2016-08-01,72.78005151187814,739
KC5,2016-09-01,84.06465518052345,716
KC5,2016-10-01,88.93758939775316,738
KC5,2016-11-01,92.8586369595006,717
KC5,2016-12-01,96.23507716004475,738
KC5,2017-01-01,91.59711549153288,741
KC5,2017-02-01,72.70142055280715,664
KC5,2017-03-01,77.82589893855157,741
KC5,2017-04-01,81.9827759745797,715
KC5,2017-05-01,79.52201337280198,742
KC5,2017-06-01,73.01024903896864,719
KC5,2017-07-01,71.09569057236224,740
KC5,2017-08-01,70.28015450818397,740
KC5,2017-09-01,78.95137801148438,717
KC5,2017-10-01,68.36800136140339,632
KT4,2016-01-01,61.79779935977245,743
KT4,2016-02-01,59.84249943694563,694
KT4,2016-03-01,57.56831591668012,548
KT4,2016-04-01,53.99742611227664,716
KT4,2016-05-01,49.51619905433881,84
KT4,2016-09-01,52.22662686398138,514
KT4,2016-10-01,51.11963402439712,743
KT4,2016-11-01,60.539373220862835,714
KT4,2016-12-01,69.55602992056546,742
KT4,2017-01-01,75.8472584869724,742
KT4,2017-02-01,55.524999541825224,669
KT4,2017-03-01,50.82917590853971,737
KT4,2017-04-01,44.664604696711656,716
KT4,2017-05-01,39.51736020434548,741
KT4,2017-06-01,42.3274931016586,718
KT4,2017-07-01,38.736882471253914,742
KT4,2017-08-01,42.21067362885621,740
KT4,2017-09-01,44.649233321037755,717
KT4,2017-10-01,42.934596379950946,743
KT4,2017-11-01,57.470205002284956,719
KT4,2017-12-01,51.93273597758838,743
KT4,2018-01-01,46.45725781762694,741
KT4,2018-02-01,48.122646304294356,666
KT4,2018-03-01,49.28787269506333,741
KT4,2018-04-01,43.92474351257423,719
KT4,2018-05-01,44.54095429506265,741
KT4,2018-06-01,35.95563153475841,716
KT4,2018-07-01,42.91934302783463,533
KT4,2018-08-01,36.234928279246745,615
KT4,2018-09-01,41.452164696262365,717
KT4,2018-10-01,43.22233075341691,741
KT4,2018-11-01,45.563380963217426,718
KT4,2018-12-01,45.112932180138785,742
KT4,2019-01-01,50.38684044619339,735
KT4,2019-02-01,54.00311811981893,670
KT4,2019-03-01,41.144547408983854,742
KT4,2019-04-01,45.61196756070894,718
KT4,2019-05-01,40.013927386097215,693
KT4,2019-06-01,33.96925842227879,713
KT4,2019-07-01,33.85695337260718,641
KT4,2019-08-01,33.129627688103376,741
KT4,2019-09-01,33.462897626314344,719
KT4,2019-10-01,40.41774133436009,730
KT4,2019-11-01,45.964235556433536,718
KT4,2019-12-01,44.18055681392605,743
KT4,2020-01-01,43.71240515340382,738
KT4,2020-02-01,33.77856306406072,694
KT4,2020-03-01,32.27678697400051,728
KT4,2020-07-01,27.23913957652001,610
KT4,2020-08-01,29.959223538743583,742
KT4,2020-09-01,33.970420309445544,719
KT4,2020-10-01,31.82285730724136,742
KT4,2020-11-01,39.09966026075143,717
KT4,2020-12-01,35.50430830727066,742
KT4,2021-01-01,31.980190491875526,743
KT4,2021-02-01,31.23964832018092,670
KT4,2021-03-01,34.04275623626573,744
KT4,2021-04-01,32.09125985044842,718
KT4,2021-05-01,29.992007138105564,742
KT4,2021-06-01,27.763124939887465,716
KT4,2021-07-01,26.268977401385087,729
KT4,2021-08-01,22.50298003924299,743
KT4,2021-09-01,32.947919726592964,717
KT4,2021-10-01,32.443284707288136,742
KT4,2021-11-01,37.67269616455911,613
KT4,2021-12-01,32.263105255231075,664
KT4,2022-01-01,43.90080131834684,741
KT4,2022-02-01,31.04292979035065,669
KT4,2022-03-01,37.49315104850149,742
KT4,2022-04-01,28.742943509360988,718
KT4,2022-05-01,28.149650805457288,739
KT4,2022-06-01,25.387534112573803,652
KT4,2023-01-01,47.52904177199295,441
KT4,2023-02-01,39.871454748302185,670
KT4,2023-03-01,27.703115798434244,744
KT4,2023-04-01,27.136903791155856,718
KT4,2023-05-01,23.06284336821308,742
KT4,2023-06-01,24.35156559533988,717
KT4,2023-07-01,20.027667063389174,737
KT4,2023-08-01,22.226933384818633,742
KT4,2023-09-01,28.880977716006157,718
KT4,2023-10-01,28.20321609205783,742
KT4,2023-11-01,31.31534459074166,717
KT4,2023-12-01,25.89298123049283,739
KT4,2024-01-01,31.8414995437114,684
KT4,2024-02-01,27.753910994189145,656
KT4,2024-03-01,28.695425518054517,537
KT4,2024-04-01,14.065827002503566,34
KT4,2024-05-01,19.298364615832615,741
KT4,2024-06-01,11.749790620155581,125
KT5,2018-04-01,52.74209892214347,610
KT5,2018-05-01,59.49848714890996,719
KT5,2018-06-01,47.03546038870435,716
KT5,2018-07-01,53.039738833654916,717
KT5,2018-08-01,48.01493310696216,742
KT5,2018-09-01,56.75075830990546,718
KT5,2018-10-01,66.60758518481566,742
KT5,2018-11-01,58.63514091073429,717
KT5,2018-12-01,55.77807866456363,743
KT5,2019-01-01,80.81558437561034,727
KT5,2019-02-01,69.70562353402242,666
KT5,2019-03-01,53.99126867553493,743
KT5,2019-04-01,61.18339702712226,718
KT5,2019-05-01,61.101329418416285,742
KT5,2019-06-01,46.94387112488776,717
KT5,2019-07-01,50.61514664793561,737
KT5,2019-08-01,44.548445541088974,742
KT5,2019-09-01,49.31251113952368,717
KT5,2019-10-01,54.64242785845327,742
KT5,2019-11-01,62.96578558057527,718
KT5,2019-12-01,51.35005074931526,743
KT5,2020-01-01,52.491602474474675,735
KT5,2020-02-01,38.82306548082554,694
KT5,2020-03-01,38.91553279228026,742
KT5,2020-04-01,40.4368506934586,540
KT5,2020-05-01,33.44803350887393,320
KT5,2020-06-01,37.158922101944746,697
KT5,2020-07-01,39.15502222861318,744
KT5,2020-08-01,43.33255354314212,730
KT5,2020-09-01,51.91760949314333,718
KT5,2020-10-01,48.21461788898087,742
KT5,2020-11-01,53.580822544966395,718
KT5,2020-12-01,50.45892220663683,742
KT5,2021-01-01,51.28119256197867,741
KT5,2021-02-01,41.01472932952115,668
KT5,2021-03-01,48.609400498674134,743
KT5,2021-04-01,53.249408615077435,718
KT5,2021-05-01,50.17923295621254,743
KT5,2021-06-01,49.301160125239804,717
KT5,2021-07-01,47.09974224555587,744
KT5,2021-08-01,38.92462828303828,462
KT5,2021-09-01,58.08696668350912,691
KT5,2021-10-01,52.24016897610051,743
KT5,2021-11-01,60.66362610289953,714
KT5,2021-12-01,50.33800438624803,744
KT5,2022-01-01,69.57782921836872,744
KT5,2022-02-01,40.88441176466498,671
KT5,2022-03-01,48.97571330662818,742
KT5,2022-04-01,43.35804333280897,720
KT5,2022-05-01,39.87844700888857,739
KT5,2022-06-01,34.50412220911378,718
KT5,2022-07-01,37.74305171771433,743
KT5,2022-08-01,37.33043253856969,743
KT5,2022-09-01,45.87268080161258,718
KT5,2022-10-01,38.291123995352145,743
KT5,2022-11-01,38.36684208705156,717
KT5,2022-12-01,45.06245429119638,742
KT5,2023-01-01,43.521172082553555,740
KT5,2023-02-01,49.391509051607756,670
KT5,2023-03-01,33.886233005908196,743
KT5,2023-04-01,36.21571467997405,718
KT5,2023-05-01,33.01258891240787,744
KT5,2023-06-01,29.203546690429583,717
KT5,2023-07-01,22.607090979811368,742
KT5,2023-08-01,27.73932863619172,743
KT5,2023-09-01,39.153127499928246,718
KT5,2023-10-01,38.70033582283997,742
KT5,2023-11-01,39.39943886022053,718
KT5,2023-12-01,25.222855176509473,708
KT5,2024-01-01,36.92110735223623,742
KT5,2024-02-01,30.230659739928875,695
KT5,2024-03-01,32.55345441520452,744
KT5,2024-04-01,26.854747867458084,719
KT5,2024-05-01,35.462493489678714,743
KT5,2024-06-01,26.398393317809393,436
KT6,2018-03-01,41.754063836573486,466
KT6,2018-04-01,39.37021824328482,718
KT6,2018-05-01,39.89251369001411,741
KT6,2018-06-01,32.137783613319606,696
KT6,2018-07-01,34.2678093398653,716
KT6,2018-08-01,24.729588073902168,742
KT6,2018-09-01,30.085538666600854,718
KT6,2018-10-01,34.482417370288275,742
KT6,2018-11-01,45.1431990354302,717
KT6,2018-12-01,38.4466295708318,743
KT6,2019-01-01,42.33819739831313,739
KT6,2019-02-01,44.80084158803706,650
KT6,2019-03-01,29.339133412374235,742
KT6,2019-04-01,43.20672228052118,717
KT6,2019-05-01,28.979996317507418,742
KT6,2019-06-01,25.761472371228045,712
KT6,2019-07-01,24.443702098626286,742
KT6,2019-08-01,23.76108428395862,716
KT6,2019-09-01,26.7818254720625,718
KT6,2019-10-01,30.88346735385996,742
KT6,2019-11-01,41.42909506795259,715
KT6,2019-12-01,37.20820804783223,743
KT6,2020-01-01,33.10497908433113,738
KT6,2020-02-01,23.166659490648332,683
KT6,2020-03-01,26.164254662852755,742
KT6,2020-04-01,24.465747073222577,719
KT6,2020-05-01,18.89698917374786,741
KT6,2020-06-01,21.059093546711303,715
KT6,2020-07-01,15.615536565310618,743
KT6,2020-08-01,20.318303575477316,742
KT6,2020-09-01,25.02233853124949,717
KT6,2020-10-01,22.917573501975227,738
KT6,2020-11-01,32.02134265590495,715
KT6,2020-12-01,32.24201441613878,742
KT6,2021-01-01,27.455104967887845,742
KT6,2021-02-01,27.366405004362104,670
KT6,2021-03-01,28.405496475420897,743
KT6,2021-04-01,30.187075405846628,719
KT6,2021-05-01,22.739339510939754,743
KT6,2021-06-01,22.15967738432379,717
KT6,2021-07-01,20.487434904176972,743
KT6,2021-08-01,16.512846295200603,744
KT6,2021-09-01,27.339196217524844,714
KT6,2021-10-01,25.60233371366828,742
KT6,2021-11-01,29.452450063382276,719
KT6,2021-12-01,28.791180300373874,744
KT6,2022-01-01,36.92830746699829,744
KT6,2022-02-01,22.248382170434056,671
KT6,2022-03-01,36.557316332461525,550
KT6,2022-04-01,23.858701323887875,719
KT6,2022-05-01,18.75591769309881,739
KT6,2022-06-01,19.01265961264711,718
KT6,2022-07-01,18.165131246068967,742
KT6,2022-08-01,20.457405483447392,743
KT6,2022-09-01,22.493117549251625,712
KT6,2022-10-01,23.171074490017226,743
KT6,2022-11-01,24.934417257719108,718
KT6,2022-12-01,29.793791459931935,741
KT6,2023-01-01,28.265214962413353,739
KT6,2023-02-01,25.769408284009696,670
KT6,2023-03-01,19.1906678974776,741
KT6,2023-04-01,22.033074880113745,720
KT6,2023-05-01,17.615813077312584,741
KT6,2023-06-01,18.64648176916316,715
KT6,2023-07-01,10.811221547350366,743
KT6,2023-08-01,13.043336552334802,742
KT6,2023-09-01,20.60040418102817,717
KT6,2023-10-01,18.834108621967157,743
KT6,2023-11-01,19.65012914174754,718
KT6,2023-12-01,15.527091042052168,737
KT6,2024-01-01,22.81934780219269,741
KT6,2024-02-01,16.781440374852174,693
KT6,2024-03-01,19.174066399275148,742
KT6,2024-04-01,12.38547128720897,719
KT6,2024-05-01,16.889095806652207,715
KT6,2024-06-01,11.126978048209056,337
LB4,2016-01-01,118.80950330915609,739
LB4,2016-02-01,129.12413660489742,663
LB4,2016-03-01,136.1065786071309,735
LB4,2016-04-01,140.97332094197864,716
LB4,2016-05-01,111.15421285692189,738
LB4,2016-06-01,105.69159921923196,715
LB4,2016-07-01,109.91406793712198,715
LB4,2016-08-01,103.21979232412437,742
LB4,2016-09-01,86.75073984501138,498
LB4,2016-10-01,103.56139689339528,739
LB4,2016-11-01,140.15574965021148,287
LB4,2016-12-01,130.85584685013984,738
LB4,2017-01-01,116.30947396206375,717
LB4,2017-02-01,98.25480133180957,671
LB4,2017-03-01,88.52745640666038,743
LB4,2017-04-01,107.08258665911552,719
LB4,2017-05-01,88.67095638070433,742
LB4,2017-06-01,83.11602604966649,670
LB4,2017-07-01,78.14460701368188,743
LB4,2017-08-01,81.84911947149453,742
LB4,2017-09-01,87.86196544790155,720
LB4,2017-10-01,97.85892598832963,743
LB4,2017-11-01,114.17270044563514,670
LB4,2017-12-01,104.18557431033483,742
LB4,2018-01-01,97.04881801404099,743
LB4,2018-02-01,106.16037565996284,670
LB4,2018-03-01,101.90717304871065,740
LB4,2018-04-01,106.55584959163419,719
LB4,2018-05-01,105.22358618228722,725
LB4,2018-06-01,86.62522727547255,717
LB4,2018-07-01,93.9197472493639,742
LB4,2018-08-01,96.95845498850339,679
LB4,2019-03-01,94.48353997620936,415
LB4,2019-04-01,90.59291194724506,712
LB4,2019-05-01,67.91798120127626,743
LB4,2019-06-01,59.42704913108678,716
LB4,2019-07-01,71.46368721886665,641
LB4,2019-08-01,71.10745033347047,743
LB4,2019-09-01,69.90626822620693,718
LB4,2019-10-01,75.19581350076055,742
LB4,2019-11-01,80.73648700017758,716
LB4,2019-12-01,73.5776701289556,743
LB4,2020-01-01,76.31310386192702,741
LB4,2020-02-01,62.121591599077675,669
LB4,2020-03-01,57.852886500118395,741
LB4,2020-04-01,49.34480863324182,719
LB4,2020-05-01,41.98665437244837,743
LB4,2020-06-01,54.94643887884163,600
LB4,2020-07-01,60.25743165933698,589
LB4,2020-08-01,60.7771108525777,735
LB4,2020-09-01,62.77397496545329,718
LB4,2020-10-01,63.46163587225921,742
LB4,2020-11-01,68.91118439241683,717
LB4,2020-12-01,65.73948066046326,744
LB4,2021-01-01,62.857303578731134,741
LB4,2021-02-01,57.77149834735754,672
LB4,2021-03-01,71.66373641626245,742
LB4,2021-04-01,65.52041079132631,718
LB4,2021-05-01,55.86163627838669,740
LB4,2021-06-01,56.73518451626341,717
LB4,2021-07-01,57.29957617550729,741
LB4,2021-08-01,52.984761330373466,742
LB4,2021-09-01,66.43928662389544,718
LB4,2021-10-01,63.20517232658766,741
LB4,2021-11-01,71.73727120270148,713
LB4,2021-12-01,66.94931124461935,743
LB4,2022-01-01,85.50055283234373,653
LB4,2022-02-01,56.75023690668724,659
LB4,2022-03-01,63.83365083637812,740
LB4,2022-04-01,54.981518723960846,711
LB4,2022-05-01,55.63445121189733,729
LB4,2022-06-01,56.911787166119126,717
LB4,2022-07-01,59.42781694752721,736
LB4,2022-08-01,57.242556195980235,742
LB4,2022-09-01,76.61165921220768,719
LB4,2022-10-01,64.87415591696606,742
LB4,2022-11-01,69.76836192087093,717
LB4,2022-12-01,78.55500049111366,742
LB4,2023-01-01,74.29486183928347,742
LB4,2023-02-01,77.83714535696303,670
LB4,2023-03-01,64.71278464527254,737
LB4,2023-04-01,57.98443821625242,718
LB4,2023-05-01,52.57874527342676,731
LB4,2023-06-01,53.410030421004876,718
LB4,2023-07-01,50.55636751032756,742
LB4,2023-08-01,58.72417105449689,741
LB4,2023-09-01,61.05375982895624,718
LB4,2023-10-01,52.90698637675322,742
LB4,2023-11-01,51.970384597742054,717
LB4,2023-12-01,44.164485426057695,738
LB4,2024-01-01,52.05935593226279,740
LB4,2024-02-01,46.58374386047342,694
LB4,2024-03-01,47.05023141842031,740
LB4,2024-04-01,42.66495012304692,717
LB4,2024-05-01,44.76949666103602,742
LB4,2024-06-01,46.19504728481644,718
LB4,2024-07-01,42.43287234629721,739
LB4,2024-08-01,48.561902406722105,739
LB4,2024-09-01,50.60672631250126,719
LB4,2024-10-01,51.93854442638037,742
LB4,2024-11-01,59.45292515584529,674
LB4,2024-12-01,43.9384686482291,695
LB5,2016-01-01,75.1141066264798,743
LB5,2016-02-01,71.74246843591897,695
LB5,2016-03-01,70.7746023665835,741
LB5,2016-04-01,70.88814658619937,692
LB5,2016-05-01,64.40575193057086,649
LB5,2016-06-01,58.72106640649387,714
LB5,2016-07-01,64.21191138443342,715
LB5,2016-08-01,60.74901616232389,669
LB5,2016-09-01,69.79001395241053,718
LB5,2016-10-01,62.06933874957454,732
LB5,2016-11-01,71.96653138998788,714
LB5,2016-12-01,78.59275665758459,742
LB5,2017-01-01,86.44342053558574,739
LB5,2017-02-01,75.19771684669558,646
LB5,2017-03-01,74.07096316606598,739
LB5,2017-04-01,72.41025248726558,718
LB5,2017-05-01,62.00656124365508,734
LB5,2017-06-01,54.47190732874919,716
LB5,2017-07-01,51.79065010376109,738
LB5,2017-08-01,57.87713906484577,712
LB5,2017-09-01,61.32764071418236,717
LB5,2017-10-01,68.1632258211076,159
LB5,2017-12-01,52.73655869056131,418
LB5,2018-01-01,57.74205751418326,717
LB5,2018-02-01,61.47516042556354,670
LB5,2018-03-01,62.12369785416137,739
LB5,2018-04-01,58.36567186050678,720
LB5,2018-05-01,54.00388027491729,742
LB5,2018-06-01,44.93388403842487,718
LB5,2018-07-01,51.17569086976529,742
LB5,2018-08-01,45.30113977657114,742
LB5,2018-09-01,50.00695523654818,693
LB5,2018-10-01,53.76038091955876,741
LB5,2018-11-01,53.121389947956274,719
LB5,2018-12-01,53.95047552901604,738
LB5,2019-01-01,62.970520563770464,740
LB5,2019-02-01,66.45378170884322,671
LB5,2019-03-01,51.777090875014125,740
LB5,2019-04-01,47.66346542616263,715
LB5,2019-05-01,44.757951745884704,736
LB5,2019-06-01,37.37117394021267,716
LB5,2019-07-01,38.34329474730731,742
LB5,2019-08-01,40.36524466761998,742
LB5,2019-09-01,37.782092146745676,720
LB5,2019-10-01,45.384871065015524,741
LB5,2019-11-01,49.83419799040137,716
LB5,2019-12-01,48.238891891113845,742
LB5,2020-01-01,47.61679017824439,740
LB5,2020-02-01,39.44419230587669,694
LB5,2020-03-01,36.57097712009116,715
LB5,2020-04-01,32.08701839892881,640
LB5,2020-05-01,25.091165810120717,743
LB5,2020-06-01,29.079249628904,719
LB5,2020-07-01,30.183043831421788,743
LB5,2020-08-01,33.92491798220351,721
LB5,2020-09-01,41.0809979980902,717
LB5,2020-10-01,36.83383998066633,743
LB5,2020-11-01,46.111528250976384,664
LB5,2020-12-01,38.58763387356947,743
LB5,2021-01-01,39.72389102814049,736
LB5,2021-02-01,38.124567248427205,671
LB5,2021-03-01,40.49347260945131,703
LB5,2021-04-01,39.17944014917428,676
LB5,2021-05-01,37.28736365750558,741
LB5,2021-06-01,30.636782066340004,715
LB5,2021-07-01,31.89320992115649,427
LB5,2021-08-01,27.190569515990546,742
LB5,2021-09-01,37.762409652800166,718
LB5,2021-10-01,33.02183746990901,735
LB5,2021-11-01,39.8258029483199,715
LB5,2021-12-01,30.61628099838107,743
LB5,2022-01-01,43.31235913089922,740
LB5,2022-02-01,25.637728712540522,669
LB5,2022-03-01,35.163208894421516,741
LB5,2022-04-01,27.054066205945716,718
LB5,2022-05-01,24.155816891094453,735
LB5,2022-06-01,22.15205416575869,717
LB5,2022-07-01,21.670195756153866,724
LB5,2022-08-01,21.93786069852651,742
LB5,2022-09-01,32.23117492993494,700
LB5,2022-10-01,28.008699290934665,741
LB5,2022-11-01,29.82863443036303,718
LB5,2022-12-01,34.748895651441735,741
LB5,2023-01-01,34.8106991795286,742
LB5,2023-02-01,37.7290763499851,670
LB5,2023-03-01,28.437247019361678,742
LB5,2023-04-01,28.03302290446128,717
LB5,2023-05-01,23.22670371005404,734
LB5,2023-06-01,25.34164893006098,601
LB6,2016-01-01,38.27280054965627,744
LB6,2016-02-01,38.80572870848294,669
LB6,2016-03-01,44.16269101599787,744
LB6,2016-04-01,34.82664497152257,718
LB6,2016-05-01,34.26905809613306,743
LB6,2016-06-01,40.11777658932388,238
LB6,2016-10-01,38.13406921216984,568
LB6,2016-11-01,38.67636650089112,707
LB6,2016-12-01,42.95438230758394,734
LB6,2017-01-01,43.391308861641726,714
LB6,2017-02-01,22.472489720056515,627
LB6,2017-03-01,27.66689281130037,727
LB6,2017-04-01,31.970223819039266,720
LB6,2017-05-01,21.69827583905067,505
LB6,2017-06-01,21.91829704989172,711
LB6,2017-07-01,21.32623965119674,653
LB6,2017-09-01,29.139563269033463,460
LB6,2017-10-01,27.184098839682523,735
LB6,2017-11-01,41.55284991275525,705
LB6,2017-12-01,37.246916675124645,739
LB6,2018-01-01,35.17755856973914,742
LB6,2018-02-01,43.934978926667185,648
LB6,2018-03-01,35.588471248359355,742
LB6,2018-04-01,31.442302482213467,695
LB6,2018-05-01,40.791447905932465,742
LB6,2018-06-01,29.118751520808946,719
LB6,2018-07-01,28.589908051618412,741
LB6,2018-08-01,23.799015818387325,742
LB6,2018-09-01,31.470506608618503,720
LB6,2018-10-01,37.56184937153492,741
LB6,2018-11-01,35.41353665851876,720
LB6,2018-12-01,32.035601258792276,742
LB6,2019-01-01,44.615691222106065,740
LB6,2019-02-01,39.89003692259972,663
LB6,2019-03-01,30.51364350265159,741
LB6,2019-04-01,41.09311105544243,718
LB6,2019-05-01,31.127800558934585,742
LB6,2019-06-01,25.075442166321174,680
LB6,2019-07-01,21.49377086683317,727
LB6,2019-08-01,19.90178146595979,742
LB6,2019-09-01,25.079019178760184,720
LB6,2019-10-01,30.536231227553266,743
LB6,2019-11-01,40.61545451598149,705
LB6,2019-12-01,34.51126561688505,743
LB6,2020-01-01,32.58854448947334,741
LB6,2020-02-01,23.468339395728634,692
LB6,2020-03-01,27.941122182070163,744
LB6,2020-04-01,27.141269154843783,719
LB6,2020-05-01,21.921395609086744,744
LB6,2020-06-01,22.15888042005688,719
LB6,2020-07-01,16.27000144375059,743
LB6,2020-08-01,20.827321754673893,738
LB6,2020-09-01,25.803601304346646,718
LB6,2020-10-01,25.010536942029418,743
LB6,2020-11-01,34.00437950718486,717
LB6,2020-12-01,32.10100516466316,744
LB6,2021-01-01,30.077615633414123,741
LB6,2021-02-01,31.32084715185321,671
LB6,2021-03-01,34.53713657042087,734
LB6,2021-04-01,34.0337437152199,574
LB6,2021-05-01,17.00851186427716,603
LB6,2021-09-01,16.79947763753483,183
LB6,2021-10-01,22.47749191188832,740
LB6,2021-11-01,29.914063666255156,715
LB6,2021-12-01,25.58116468926704,743
LB6,2022-01-01,37.27949536709706,742
LB6,2022-02-01,17.490082297148795,666
LB6,2022-03-01,32.41957576113726,741
LB6,2022-04-01,24.807644894498615,718
LB6,2022-05-01,15.135353166988414,708
LB6,2022-06-01,13.525921260328634,714
LB6,2022-07-01,15.045368597108666,742
LB6,2022-08-01,19.018243154066578,701
LB6,2022-09-01,26.10416866258444,719
LB6,2022-10-01,20.81181581102909,739
LB6,2022-11-01,22.8019168479908,718
LB6,2022-12-01,33.42722718402683,742
LB6,2023-01-01,29.986473903685926,742
LB6,2023-02-01,33.39783257131707,670
LB6,2023-03-01,22.254449599687984,743
LB6,2023-04-01,26.962353753954364,705
LB6,2023-05-01,23.33099722513532,679
LB6,2023-06-01,26.82899345359097,144
LB6,2023-07-01,11.712880705425684,743
LB6,2023-08-01,8.39775376383398,47
LB6,2023-10-01,27.36066433469169,269
LB6,2023-11-01,25.726936590839443,719
LB6,2023-12-01,20.26796331112216,740
LB6,2024-01-01,24.662130300780863,736
LB6,2024-02-01,17.350614147591408,695
LB6,2024-03-01,18.761388100821897,743
LB6,2024-04-01,11.828902399325576,715
LB6,2024-05-01,16.965241913330946,741
LB6,2024-06-01,12.1464806399441,717
LB6,2024-07-01,11.57654778315395,740
LB6,2024-08-01,11.23571627550826,740
LB6,2024-09-01,19.506542564558416,718
LB6,2024-10-01,21.53710477717758,743
LB6,2024-11-01,28.228681966557645,708
LB6,2024-12-01,12.869653601324707,738
LH0,2016-01-01,43.91381303100836,743
LH0,2016-02-01,28.731129199170283,167
LH0,2016-03-01,38.20582433070838,742
LH0,2016-04-01,36.07168170963666,719
LH0,2016-05-01,31.38623234099648,719
LH0,2016-06-01,26.640071674898127,717
LH0,2016-07-01,23.476989619962424,741
LH0,2016-08-01,24.257167742654772,741
LH0,2016-09-01,30.774450572942264,718
LH0,2016-10-01,32.9195567567439,660
LH0,2016-11-01,39.58779163688107,542
LH0,2016-12-01,53.22506941801954,744
LH0,2017-01-01,55.137521766189714,740
LH0,2017-02-01,34.88281171999961,669
LH0,2017-03-01,33.194687969668976,743
LH0,2017-04-01,30.215813746179784,719
LH0,2017-05-01,26.654327646792044,735
LH0,2017-06-01,20.579292779332224,719
LH0,2017-07-01,18.03401171945566,743
LH0,2017-08-01,22.325896051930425,732
LH0,2017-09-01,32.391848634505074,719
LH0,2017-10-01,30.811328734207724,743
LH0,2017-11-01,38.97565388391648,719
LH0,2017-12-01,34.66264083188628,743
LH0,2018-01-01,33.58646081273408,712
LH0,2018-02-01,35.98111739035947,640
LH0,2018-03-01,34.53611874597929,712
LH0,2018-04-01,30.1091749460569,683
LH0,2018-05-01,29.37491717266378,467
LH0,2018-06-01,17.6142907458991,718
LH0,2018-07-01,26.149310539189255,742
LH0,2018-08-01,22.074202081949057,602
LH0,2018-09-01,29.108480643631175,614
LH0,2018-10-01,30.69298020664532,741
LH0,2018-11-01,37.33188541212882,718
LH0,2018-12-01,35.77573846759332,742
LH0,2019-01-01,39.562366300055416,743
LH0,2019-02-01,50.06867945927399,621
LH0,2019-03-01,28.745226889732233,744
LH0,2019-04-01,32.38369978732262,719
LH0,2019-05-01,24.217444717478386,744
LH0,2019-06-01,21.355492041197376,719
LH0,2019-07-01,20.168151545478565,742
LH0,2019-08-01,24.48094220625331,740
LH0,2019-09-01,26.900936238733117,707
LH0,2019-10-01,30.681243056920877,742
LH0,2019-11-01,36.708392070208426,709
LH0,2019-12-01,35.82329147986506,744
LH0,2020-01-01,34.0146259710513,741
LH0,2020-02-01,24.183457710690405,696
LH0,2020-03-01,21.908433347600166,722
LH0,2020-04-01,19.52241516653438,667
LH0,2020-05-01,12.07583918383454,742
LH0,2020-06-01,12.619824474582424,720
LH0,2020-07-01,10.499211153272825,741
LH0,2020-08-01,14.000294867248247,717
LH0,2020-09-01,17.905419919825707,720
LH0,2020-10-01,19.15354884662954,743
LH0,2020-11-01,28.021148958811708,719
LH0,2020-12-01,26.66362377443718,720
LH0,2021-01-01,22.246695435039054,738
LH0,2021-02-01,22.353408834562007,641
LH0,2021-03-01,22.199042529535085,742
LH0,2021-04-01,21.615429275526505,720
LH0,2021-05-01,15.979030462618423,743
LH0,2021-06-01,13.99458654778504,720
LH0,2021-07-01,15.346838170080286,718
LH0,2021-08-01,11.890334205051065,743
LH0,2021-09-01,21.22961844659275,718
LH0,2021-10-01,22.780911649588866,744
LH0,2021-11-01,26.210631765359473,720
LH0,2021-12-01,25.906968256089517,743
LH0,2022-01-01,5.729999999999999,1
LH0,2023-05-01,11.864929035792093,168
LH0,2023-06-01,15.131533855192448,720
LH0,2023-07-01,14.584591843915552,739
LH0,2023-08-01,14.291107313543936,288
LW1,2016-01-01,52.564108600064856,743
LW1,2016-02-01,47.830008588529466,696
LW1,2016-03-01,43.38458643571387,741
LW1,2016-04-01,43.455763417562096,720
LW1,2016-05-01,35.621805524472826,744
LW1,2016-06-01,34.29703653295518,719
LW1,2016-07-01,31.774666868251906,744
LW1,2016-08-01,49.74802585896638,330
LW1,2016-09-01,53.097998163229946,108
LW1,2016-10-01,46.635651496627794,521
LW1,2016-11-01,52.87883158286372,720
LW1,2016-12-01,60.419520363527745,744
LW1,2017-01-01,64.90020641286651,744
LW1,2017-02-01,45.28102374565325,671
LW1,2017-03-01,42.2591267143629,742
LW1,2017-04-01,35.33923873889129,718
LW1,2017-05-01,39.9256970660744,744
LW1,2017-06-01,38.43630960635435,720
LW1,2017-07-01,33.97317327317268,743
LW1,2017-08-01,34.96907500229889,742
LW1,2017-09-01,41.87234213936117,718
LW1,2017-10-01,39.29134564316482,741
LW1,2017-11-01,51.555618620608584,719
LW1,2017-12-01,48.54210195469432,743
LW1,2018-01-01,43.4865184623878,744
LW1,2018-02-01,40.598268522064316,669
LW1,2018-03-01,42.48340279487991,743
LW1,2018-04-01,39.421081828673,720
LW1,2018-05-01,36.72377119536656,743
LW1,2018-06-01,27.974560464690743,719
LW1,2018-07-01,34.47409042848422,735
LW1,2018-08-01,32.19262505387715,744
LW1,2018-09-01,36.44571889169768,720
LW1,2018-10-01,35.21138853647267,719
LW1,2018-11-01,41.58746501020402,692
LW1,2018-12-01,38.57068136109005,744
LW1,2019-01-01,41.16977344952049,743
LW1,2019-02-01,46.60667754853376,669
LW1,2019-03-01,32.76355646971211,744
LW1,2019-04-01,36.51465793521232,718
LW1,2019-05-01,28.488246439332542,742
LW1,2019-06-01,27.70859168896896,717
LW1,2019-07-01,25.54172041540591,744
LW1,2019-08-01,26.828591908474397,742
LW1,2019-09-01,25.489141937850373,718
LW1,2019-10-01,32.483981733935146,718
LW1,2019-11-01,38.189763945892196,718
LW1,2019-12-01,38.1187891075695,744
LW1,2020-01-01,38.05743660978657,669
LW1,2020-02-01,30.21376747259997,695
LW1,2020-03-01,28.73754972190759,743
LW1,2020-04-01,24.363552841888435,720
LW1,2020-05-01,16.67040041917864,395
LW1,2020-07-01,20.910597258397114,173
LW1,2020-08-01,22.18620124723574,586
LW1,2020-09-01,26.568190086202932,556
LW1,2020-10-01,25.572573675211533,743
LW1,2020-11-01,33.5440916748571,719
LW1,2020-12-01,32.964055915177795,743
LW1,2021-01-01,30.74123560890365,740
LW1,2021-02-01,27.524748332400772,670
LW1,2021-03-01,28.70235272248217,742
LW1,2021-04-01,23.597359001420568,551
LW1,2021-05-01,23.76697409407669,734
LW1,2021-06-01,20.02729505900925,719
LW1,2021-07-01,22.169352493645242,742
LW1,2021-08-01,18.568714140289828,742
LW1,2021-09-01,29.592419898901394,718
LW1,2021-10-01,28.197874453637986,743
LW1,2021-11-01,39.797790260320305,59
LW2,2016-01-01,43.90194977547083,744
LW2,2016-02-01,52.960251035004255,695
LW2,2016-03-01,58.0800032388301,742
LW2,2016-04-01,53.65842678081527,720
LW2,2016-05-01,47.780550648351856,741
LW2,2016-06-01,37.39545691365534,720
LW2,2016-07-01,37.88960940509795,744
LW2,2016-08-01,40.39347204737576,740
LW2,2016-09-01,40.162473829830994,623
LW2,2016-10-01,51.66309294612376,743
LW2,2016-11-01,41.46117642695714,719
LW2,2016-12-01,44.374303772466384,743
LW2,2017-01-01,56.709468457685524,744
LW2,2017-02-01,42.34222087036457,670
LW2,2017-03-01,44.87714188257996,322
LW2,2017-04-01,45.68432884028511,86
LW2,2017-05-01,47.72359259955432,696
LW2,2017-06-01,48.000142141127704,719
LW2,2017-07-01,41.48361919476212,743
LW2,2017-08-01,39.211371739415085,741
LW2,2017-09-01,42.904765066488174,701
LW2,2017-10-01,47.27524208706481,743
LW2,2017-11-01,62.37114501232994,720
LW2,2017-12-01,59.80097167555558,733
LW2,2018-01-01,53.60669440807908,742
LW2,2018-02-01,57.21640657800632,669
LW2,2018-03-01,48.86399088696388,678
LW2,2018-04-01,42.423825496322564,719
LW2,2018-05-01,44.62747808589638,741
LW2,2018-06-01,35.26940865999081,717
LW2,2018-07-01,39.501011974852155,743
LW2,2018-08-01,32.44606592644997,469
LW2,2018-09-01,32.549892531983076,718
LW2,2018-10-01,38.707682632689306,741
LW2,2018-11-01,37.08534347041844,718
LW2,2018-12-01,39.99132972249571,743
LW2,2019-01-01,48.97619342793906,741
LW2,2019-02-01,45.0059555017909,668
LW2,2019-03-01,38.68882872295575,744
LW2,2019-04-01,43.00807409457882,720
LW2,2019-05-01,38.86156751087755,742
LW2,2019-06-01,31.215085047424825,644
LW2,2019-07-01,32.421393480290476,741
LW2,2019-08-01,32.767444538764714,421
LW2,2019-09-01,28.370117548426624,713
LW2,2019-10-01,34.57117182711565,742
LW2,2019-11-01,41.95124738715448,718
LW2,2019-12-01,36.32975011947985,743
LW2,2020-01-01,35.14116149178553,719
LW2,2020-02-01,31.47859464721617,694
LW2,2020-03-01,31.191292532181667,742
LW2,2020-04-01,28.79379465169757,720
LW2,2020-05-01,21.892292822886624,743
LW2,2020-06-01,22.725909393488713,718
LW2,2020-07-01,23.02973158538969,717
LW2,2020-08-01,27.570328832360275,742
LW2,2020-09-01,33.13913361187496,719
LW2,2020-10-01,28.9547767403482,744
LW2,2020-11-01,32.76205132457127,717
LW2,2020-12-01,30.363183613248676,713
LW2,2021-01-01,35.92015115786608,737
LW2,2021-02-01,25.62840995018743,672
LW2,2021-03-01,32.18867213394679,743
LW2,2021-04-01,35.69030168660267,719
LW2,2021-05-01,29.167822902593173,742
LW2,2021-06-01,29.48314151917356,719
LW2,2021-07-01,26.95771067471788,716
LW2,2021-08-01,21.482407718541097,153
LW2,2022-03-01,42.290823330721004,319
LW2,2022-04-01,28.178547942405917,648
LW2,2022-05-01,25.396434317616794,742
LW2,2022-06-01,23.796124749331792,719
LW2,2022-07-01,25.077937304630428,742
LW2,2022-08-01,25.750878157145966,738
LW2,2022-09-01,26.069032462595278,718
LW2,2022-10-01,24.92122265222472,742
LW2,2022-11-01,26.251958583614428,716
LW2,2022-12-01,32.665366164442204,740
LW2,2023-01-01,34.25585850710735,737
LW2,2023-02-01,36.27021951778931,671
LW2,2023-03-01,24.580405467395142,720
LW2,2023-04-01,25.757751898104424,614
LW2,2023-05-01,22.35393546061307,742
LW2,2023-06-01,21.926502563362355,716
LW2,2023-07-01,20.571438087375135,732
LW2,2023-08-01,20.806976378727747,743
LW2,2023-09-01,27.945248746794373,716
LW2,2023-10-01,25.993747436689198,741
LW2,2023-11-01,30.782942536613877,719
LW2,2023-12-01,24.96584255568183,742
LW2,2024-01-01,29.785773598541738,741
LW2,2024-02-01,26.22326472508989,695
LW2,2024-03-01,25.369316236780683,742
LW2,2024-04-01,18.157506525961217,714
LW2,2024-05-01,21.86441067569928,430
LW2,2024-06-01,22.12551362428867,370
LW2,2024-07-01,23.754560994777812,515
LW2,2024-08-01,22.678245785996676,742
LW2,2024-09-01,25.643719894090353,716
LW2,2024-10-01,29.226767693201605,743
LW2,2024-11-01,34.682017089460885,640
LW2,2024-12-01,22.643192248400986,743
LW4,2016-01-01,71.67131459027792,390
LW4,2016-03-01,59.917682992703895,142
LW4,2016-04-01,60.27275054670907,716
LW4,2016-05-01,58.8591654057752,621
LW4,2016-06-01,64.31155980511592,515
LW4,2016-07-01,37.044423745446224,248
LW4,2016-08-01,46.27765265276309,741
LW4,2016-09-01,51.61962120979346,717
LW4,2016-10-01,64.17784341760853,744
LW4,2016-11-01,70.77725788814081,456
LW4,2016-12-01,68.24360058461042,738
LW4,2017-01-01,73.19584019612682,744
LW4,2017-02-01,58.16801984857461,670
LW4,2017-03-01,53.61686718797708,741
LW4,2017-04-01,56.538687820163986,714
LW4,2017-05-01,55.21196966428421,743
LW4,2017-06-01,48.48048280229521,719
LW4,2017-07-01,41.79689897191005,743
LW4,2017-08-01,42.816901096951824,741
LW4,2017-09-01,46.78840550484444,717
LW4,2017-10-01,59.98428792518724,743
LW4,2017-11-01,60.50653668703718,719
LW4,2017-12-01,49.385461693220655,744
LW4,2018-01-01,44.756822069623716,741
LW4,2018-02-01,53.54803297518157,668
LW4,2018-03-01,52.119269432111686,741
LW4,2018-04-01,47.89516416970924,720
LW4,2018-05-01,55.76372068080581,741
LW4,2018-06-01,46.71458874891074,716
LW4,2018-07-01,46.524231408582985,743
LW4,2018-08-01,37.61737396065617,693
LW4,2018-09-01,41.76175555838968,718
LW4,2018-10-01,44.917063400288164,743
LW4,2018-11-01,42.65818173752273,717
LW4,2018-12-01,41.82482761465341,743
LW4,2019-01-01,52.843116378553304,741
LW4,2019-02-01,46.75712100337004,669
LW4,2019-03-01,43.22521745074358,742
LW4,2019-04-01,58.76410847826778,718
LW4,2019-05-01,43.10565096474798,743
LW4,2019-06-01,33.16423325018339,715
LW4,2019-07-01,34.03071025584898,740
LW4,2019-08-01,32.227095825900854,744
LW4,2019-09-01,37.753099563202866,719
LW4,2019-10-01,40.77978685252748,735
LW4,2019-11-01,47.00707528195806,719
LW4,2019-12-01,43.72551304583705,743
LW4,2020-01-01,35.6651732138847,720
LW4,2020-02-01,32.1192780313459,696
LW4,2020-03-01,37.83125633399302,742
LW4,2020-04-01,38.37572094156379,719
LW4,2020-05-01,29.052779828396496,743
LW4,2020-06-01,30.570198202167497,718
LW4,2020-07-01,27.229309210285194,647
LW4,2020-08-01,32.986951843177344,743
LW4,2020-09-01,43.65351869290018,718
LW4,2020-10-01,37.07092116168419,743
LW4,2020-11-01,40.93940364902044,717
LW4,2020-12-01,39.896456591588375,715
LW4,2021-01-01,40.52914889296907,743
LW4,2021-02-01,37.748749052244,671
LW4,2021-03-01,42.16555997450515,743
LW4,2021-04-01,45.758378817514554,718
LW4,2021-05-01,32.595451204998355,742
LW4,2021-06-01,31.198562705622923,717
LW4,2021-07-01,30.185676363344903,735
LW4,2021-08-01,23.20633298677045,742
LW4,2021-09-01,35.72626717181266,718
LW4,2021-10-01,31.713460117233513,742
LW4,2021-11-01,37.423269516019275,717
LW4,2021-12-01,37.01601584018893,714
LW4,2022-01-01,46.45156243919633,742
LW4,2022-02-01,31.654998170071888,672
LW4,2022-03-01,41.224912857359456,742
LW4,2022-04-01,32.30174724422305,718
LW4,2022-05-01,29.850224325031977,741
LW4,2022-06-01,24.66878918014956,692
LW4,2022-07-01,28.21951885571474,742
LW4,2022-08-01,46.47449543926641,649
LW4,2022-09-01,38.42782576873119,718
LW4,2022-10-01,52.870527003606185,741
LW4,2022-11-01,41.838363859756825,715
LW4,2022-12-01,45.43040600846101,744
LW4,2023-01-01,52.11051800936413,740
LW4,2023-02-01,61.7838873301,647
LW4,2023-03-01,46.31080505367828,742
LW4,2023-04-01,40.83857645905504,719
LW4,2023-05-01,35.27889146094501,741
LW4,2023-06-01,39.49950168987484,718
LW4,2023-07-01,52.76217095827348,236
LW4,2023-08-01,48.00430710214783,739
LW4,2023-09-01,36.62436878144206,717
LW4,2023-10-01,23.891239117378532,742
LW4,2023-11-01,31.439693837837503,720
LW4,2023-12-01,50.55263336073344,743
LW4,2024-01-01,45.43210242690366,739
LW4,2024-02-01,50.205748303720895,694
LW4,2024-03-01,38.64823085624394,742
LW4,2024-04-01,38.98607686480655,715
LW4,2024-05-01,41.24576552910184,737
LW4,2024-06-01,51.37445985885647,719
LW4,2024-07-01,42.88332663275144,740
LW4,2024-08-01,53.885582512955246,742
LW4,2024-09-01,45.776753606114916,588
LW4,2024-10-01,45.80510027425782,743
LW4,2024-11-01,51.998710063077866,719
LW4,2024-12-01,46.7833021056155,739
LW5,2019-11-01,35.99018227672743,419
LW5,2019-12-01,28.143973855544413,741
LW5,2020-01-01,26.719991550524206,666
LW5,2020-02-01,19.842742424541353,690
LW5,2020-03-01,16.65475527895113,598
LW5,2020-04-01,18.87855174476638,709
LW5,2020-05-01,13.630940001859097,739
LW5,2020-06-01,12.898286840443527,712
LW5,2020-07-01,11.143667170351947,715
LW5,2020-08-01,14.538255366126744,740
LW5,2020-09-01,19.365301431206532,719
LW5,2020-10-01,18.190843134752125,743
LW5,2020-11-01,27.19444059911615,715
LW5,2020-12-01,25.643378840844722,716
LW5,2021-01-01,25.926185169107697,739
LW5,2021-02-01,20.49064883156675,668
LW5,2021-03-01,23.4003845953051,743
LW5,2021-04-01,22.02605772719188,717
LW5,2021-05-01,15.919644283976538,741
LW5,2021-06-01,13.677379287620033,718
LW5,2021-07-01,14.071808532926143,733
LW5,2021-08-01,11.183783537069846,738
LW5,2021-09-01,21.262317325047423,717
LW5,2021-10-01,20.126980736071754,740
LW5,2021-11-01,26.356427811195505,716
LW5,2021-12-01,22.350502602180697,718
LW5,2022-01-01,31.973072822701226,742
LW5,2022-02-01,16.221890233790994,670
LW5,2022-03-01,27.636889131917727,743
LW5,2022-04-01,17.768421153522652,718
LW5,2022-05-01,12.649109143220668,741
LW5,2022-06-01,12.002620352635484,693
LW5,2022-07-01,11.174734499621625,742
LW5,2022-08-01,13.20041501225795,741
LW5,2022-09-01,18.881412761136822,717
LW5,2022-10-01,18.928739404522027,741
LW5,2022-11-01,19.496455537847147,716
LW5,2022-12-01,28.062351545119405,742
LW5,2023-01-01,25.31044554809791,740
LW5,2023-02-01,27.895780548843806,648
LW5,2023-03-01,15.773861154547062,742
LW5,2023-04-01,16.413103955584223,717
LW5,2023-05-01,12.51518464783915,740
LW5,2023-06-01,11.30321358613874,716
LW5,2023-07-01,8.363247751526313,735
LW5,2023-08-01,10.771496459287215,740
LW5,2023-09-01,17.699607351642378,716
LW5,2023-10-01,16.82908739467666,740
LW5,2023-11-01,20.260819310558624,718
LW5,2023-12-01,16.341207816469396,740
LW5,2024-01-01,19.003763896277608,707
LW5,2024-02-01,14.558017981282381,694
LW5,2024-03-01,16.394409185039027,742
LW5,2024-04-01,8.910764312765448,714
LW5,2024-05-01,14.065735439605438,707
LW5,2024-06-01,10.174438012222028,559
LW5,2024-07-01,10.833562403361661,289
LW5,2024-08-01,9.726989227873142,683
LW5,2024-09-01,14.055298672513237,697
LW5,2024-10-01,18.69877703679494,732
LW5,2024-11-01,24.627088233416437,699
LW5,2024-12-01,13.863927147623778,732
LW6,2021-11-01,27.40054474976937,320
LW6,2021-12-01,29.713795649888365,715
LW6,2022-01-01,37.80421373129295,594
LW6,2022-02-01,23.283706359284032,444
LW6,2022-03-01,39.896170889575046,680
LW6,2022-04-01,28.958716573753748,644
LW6,2022-05-01,20.538480875113184,742
LW6,2022-06-01,18.984304649000798,690
LW6,2022-07-01,19.257149655659433,740
LW6,2022-08-01,20.53856808916869,742
LW6,2022-09-01,21.798305729682593,716
LW6,2022-10-01,21.307879622198225,736
LW6,2022-11-01,23.453972096084577,711
LW6,2022-12-01,31.492150055523936,744
LW6,2023-01-01,27.328682343557293,741
LW6,2023-02-01,28.06862217513682,667
LW6,2023-03-01,17.93508627922591,742
LW6,2023-04-01,25.786673774444385,719
LW6,2023-05-01,21.32558958163421,738
LW6,2023-06-01,26.497584379577873,717
LW6,2023-07-01,16.211195192285196,741
LW6,2023-08-01,19.246712902636784,740
LW6,2023-09-01,30.54188594053454,623
LW6,2023-10-01,23.11955713338964,740
LW6,2023-11-01,24.725896770290547,522
LW6,2023-12-01,24.838666000509562,595
LW6,2024-01-01,24.45007902126329,533
LW6,2024-02-01,18.335015557611833,693
LW6,2024-03-01,22.66156560186564,742
LW6,2024-04-01,15.686143091210349,715
LW6,2024-05-01,24.015336718619338,706
LW6,2024-06-01,16.676649948545094,559
LW6,2024-07-01,12.249250450797613,734
LW6,2024-08-01,8.087837549303151,731
LW6,2024-09-01,13.422073124396945,715
LW6,2024-10-01,19.99753958584113,744
LW6,2024-11-01,20.216609418498468,604
LW6,2024-12-01,16.82526185100014,704
ME9,2017-09-01,73.61071536742358,57
ME9,2017-10-01,48.88448684984372,742
ME9,2017-11-01,50.20178607140358,720
ME9,2017-12-01,39.365104291150466,743
ME9,2018-01-01,38.167049570896864,741
ME9,2018-02-01,45.46340365188411,671
ME9,2018-03-01,46.52309046700442,740
ME9,2018-04-01,44.026676245363134,717
ME9,2018-05-01,47.5720210333835,744
ME9,2018-06-01,38.94707384101676,719
ME9,2018-07-01,52.070166460611155,744
ME9,2018-08-01,41.742544265941966,739
ME9,2018-09-01,47.33340615797419,719
ME9,2018-10-01,50.712331426512925,743
ME9,2018-11-01,62.07839557468712,716
ME9,2018-12-01,55.04556126116745,744
ME9,2019-01-01,55.74228157727992,744
ME9,2019-02-01,71.51288248044263,672
ME9,2019-03-01,47.833577656036844,739
ME9,2019-04-01,57.592340046591595,716
ME9,2019-05-01,46.4415062988732,742
ME9,2019-06-01,45.96732126472219,467
ME9,2019-07-01,43.399973290833536,744
ME9,2019-08-01,48.125748143560074,743
ME9,2019-09-01,40.20573190778714,717
ME9,2019-10-01,48.376744337324716,744
ME9,2019-11-01,57.5135859564311,705
ME9,2019-12-01,50.79037001560775,742
ME9,2020-01-01,57.48958498460415,742
ME9,2020-02-01,44.301190593882566,696
ME9,2020-03-01,43.073696262443825,697
ME9,2020-04-01,42.32688299360773,718
ME9,2020-05-01,33.84599268847631,693
ME9,2020-06-01,41.41775300186385,720
ME9,2020-07-01,31.481485144537427,740
ME9,2020-08-01,39.5726231473723,728
ME9,2020-09-01,35.602922918609785,719
ME9,2020-10-01,23.66618649157572,50
ME9,2022-04-01,30.24532437403534,379
ME9,2022-05-01,29.003666405622845,741
ME9,2022-06-01,32.64442897132924,718
ME9,2022-07-01,29.437044353735818,625
ME9,2022-08-01,32.164467638423304,743
ME9,2022-09-01,35.700860792168896,719
ME9,2022-10-01,37.12473272366296,645
ME9,2022-11-01,37.903565315607956,716
ME9,2022-12-01,39.530865941675984,742
ME9,2023-01-01,38.29236189486265,743
ME9,2023-02-01,42.89393508301266,671
ME9,2023-03-01,35.46459430711068,741
ME9,2023-04-01,37.29464693290416,717
ME9,2023-05-01,27.8679209148527,741
ME9,2023-06-01,31.484610280609772,623
ME9,2023-07-01,22.026528903245158,742
ME9,2023-08-01,22.101399462550347,742
ME9,2023-09-01,33.88274771525141,717
ME9,2023-10-01,30.986418866439067,742
ME9,2023-11-01,28.77923903719926,716
ME9,2023-12-01,22.53542738296678,743
ME9,2024-01-01,28.397516085179987,742
ME9,2024-02-01,21.54431117016655,665
ME9,2024-03-01,25.402279115230453,742
ME9,2024-04-01,16.59595294262559,718
ME9,2024-05-01,21.457683585626977,714
ME9,2024-06-01,15.878439783165563,720
ME9,2024-07-01,19.206514204218394,742
ME9,2024-08-01,16.699214540827192,743
ME9,2024-09-01,19.488773502895747,720
ME9,2024-10-01,24.61310319161095,740
ME9,2024-11-01,27.987452678152273,718
ME9,2024-12-01,18.444113155743416,744
MY1,2016-01-01,94.70431043512761,738
MY1,2016-02-01,88.38742897071066,694
MY1,2016-03-01,83.46377053929045,743
MY1,2016-04-01,93.18796467474985,697
MY1,2016-05-01,76.48503651459157,729
MY1,2016-06-01,86.29776197131652,700
MY1,2016-07-01,93.4918813312404,737
MY1,2016-08-01,79.6576881233649,743
MY1,2016-09-01,99.3622114016482,690
MY1,2016-10-01,77.27262715569687,740
MY1,2016-11-01,94.0222945042251,717
MY1,2016-12-01,102.65866225451957,735
MY1,2017-01-01,97.3610259278018,734
MY1,2017-02-01,87.0517458428415,663
MY1,2017-03-01,89.64534121440194,743
MY1,2017-04-01,72.96176698566484,714
MY1,2017-05-01,82.25053417490412,726
MY1,2017-06-01,91.3955135081722,717
MY1,2017-07-01,82.47092123740161,735
MY1,2017-08-01,79.02913840429761,730
MY1,2017-09-01,80.47195728818248,718
MY1,2017-10-01,79.57122928517184,735
MY1,2017-11-01,79.52130621297134,715
MY1,2017-12-01,81.14513200920854,741
MY1,2018-01-01,87.06604728935777,736
MY1,2018-02-01,79.41235470582373,669
MY1,2018-03-01,87.26155424829247,711
MY1,2018-04-01,99.60596736150646,715
MY1,2018-05-01,88.26621945403522,736
MY1,2018-06-01,79.05843233183627,716
MY1,2018-07-01,92.47846125604174,734
MY1,2018-08-01,75.13263858012049,741
MY1,2018-09-01,86.39057612424224,662
MY1,2018-10-01,86.46959473349033,741
MY1,2018-11-01,74.95799754918346,718
MY1,2018-12-01,79.03482233230133,741
MY1,2019-01-01,63.16652355661975,737
MY1,2019-02-01,82.13225107449416,669
MY1,2019-03-01,70.6040846365956,689
MY1,2019-04-01,58.868330591156386,716
MY1,2019-05-01,58.70160492059998,695
MY1,2019-06-01,64.61743355354449,520
MY1,2019-07-01,57.902645791202964,703
MY1,2019-08-01,58.15090513191004,653
MY1,2019-09-01,56.49269343997344,709
MY1,2019-10-01,60.154831437181294,737
MY1,2019-11-01,59.72486127886103,718
MY1,2019-12-01,62.17774335700406,740
MY1,2020-01-01,60.21393342292721,712
MY1,2020-02-01,65.11032420952704,694
MY1,2020-03-01,51.6148553319592,742
MY1,2020-04-01,34.44567592825911,719
MY1,2020-05-01,30.64311195695624,741
MY1,2020-06-01,35.03594443677657,716
MY1,2020-07-01,31.560284833070288,733
MY1,2020-08-01,36.56594019401818,736
MY1,2020-09-01,43.5818234766854,715
MY1,2020-10-01,44.59703975189921,690
MY1,2020-11-01,45.50433555574638,685
MY1,2020-12-01,46.62074752915032,600
MY1,2021-01-01,39.62965020706024,738
MY1,2021-02-01,46.3408111598373,646
MY1,2021-03-01,45.495252442521554,707
MY1,2021-04-01,42.38313107338684,596
MY1,2021-05-01,42.58698054374159,743
MY1,2021-06-01,32.960466262850545,657
MY1,2021-07-01,40.28014367816091,696
MY1,2021-08-01,34.55607008086253,742
MY1,2021-09-01,46.48799386503067,489
MY1,2021-10-01,49.268057534246566,730
MY1,2021-11-01,48.08172284122562,718
MY1,2021-12-01,47.59508636977058,741
MY1,2022-01-01,50.55395377551641,733
MY1,2022-02-01,52.312267208759856,665
MY1,2022-03-01,50.7328582289671,737
MY1,2022-04-01,37.48560115286921,714
MY1,2022-05-01,42.014704168723355,742
MY1,2022-06-01,42.66988046244332,714
MY1,2022-07-01,34.96887150481694,740
MY1,2022-08-01,33.68755220259224,704
MY1,2022-09-01,36.60938556654397,717
MY1,2022-10-01,42.98189078731445,732
MY1,2022-11-01,42.22326670054793,713
MY1,2022-12-01,39.41823964918609,725
MY1,2023-01-01,46.075256097560974,738
MY1,2023-02-01,44.81241430700447,671
MY1,2023-03-01,36.49436348122866,586
MY1,2023-04-01,39.515326241134744,564
MY1,2023-05-01,32.01340675675675,740
MY1,2023-06-01,39.61238772663877,717
MY1,2023-07-01,37.90635734072021,722
MY1,2023-08-01,36.43959078590785,738
MY1,2023-09-01,49.95830337078652,712
MY1,2023-10-01,50.81270175438596,741
MY1,2023-11-01,42.5602264416315,711
MY1,2023-12-01,41.567546984572225,713
MY1,2024-01-01,34.89707428710169,663
MY1,2024-02-01,40.18534881311571,614
MY1,2024-03-01,32.673654874564704,632
MY1,2024-04-01,30.036266582901202,584
MY1,2024-05-01,34.25739358174266,614
MY1,2024-06-01,31.809862778002213,602
MY1,2024-07-01,31.245111258787734,606
MY1,2024-08-01,30.958916199321997,611
MY1,2024-09-01,28.230061226594938,609
MY1,2024-10-01,35.307247990579924,669
MY1,2024-11-01,31.190033652875155,658
MY1,2024-12-01,28.610569063496722,670
NB1,2016-01-01,102.78522383341516,744
NB1,2016-02-01,98.2670963204955,693
NB1,2016-03-01,99.61070665382785,744
NB1,2016-04-01,108.89743941321899,717
NB1,2016-05-01,97.19342097128919,744
NB1,2016-06-01,41.28039130848988,28
NB1,2016-07-01,101.80742842296794,608
NB1,2016-08-01,99.25304289049092,744
NB1,2016-09-01,106.63028777253264,718
NB1,2016-10-01,93.11961425836068,743
NB1,2016-11-01,96.92161416921184,720
NB1,2016-12-01,105.60448367326192,735
NB1,2017-01-01,91.72161552767452,303
NB1,2017-02-01,88.64453111032414,671
NB1,2017-03-01,99.07465829182678,648
NB1,2017-04-01,78.77706788088126,720
NB1,2017-05-01,90.39252518427278,734
NB1,2017-06-01,99.11589053985843,720
NB1,2017-07-01,91.95550251145033,588
NB1,2017-08-01,100.07790423681041,584
NB1,2017-09-01,97.79526915090354,447
NB1,2017-10-01,89.65664470838634,744
NB1,2017-11-01,84.97096795631973,689
NB1,2017-12-01,91.68068940749225,742
NB1,2018-01-01,83.4582245701755,742
NB1,2018-02-01,83.99468666694509,671
NB1,2018-03-01,97.29311438902756,740
NB1,2018-04-01,98.14591995383117,694
NB1,2018-05-01,94.26845087888603,741
NB1,2018-06-01,82.7342599638708,719
NB1,2018-07-01,101.54653892207676,743
NB1,2018-08-01,85.62067999337695,510
NB1,2018-09-01,85.10774783350708,718
NB1,2018-10-01,73.90897563818767,744
NB1,2018-11-01,80.48142674432023,550
NB1,2018-12-01,82.23806805747961,743
NB1,2019-01-01,75.52843164047594,742
NB1,2019-02-01,103.84934705064389,669
NB1,2019-03-01,81.87806085672761,742
NB1,2019-04-01,76.29224408601395,694
NB1,2019-05-01,73.00760007422649,741
NB1,2019-06-01,72.95038539107712,675
NB1,2019-07-01,68.30927653107493,741
NB1,2019-08-01,71.30028318524276,740
NB1,2019-09-01,69.4008892268594,718
NB1,2019-10-01,76.97817496176071,742
NB1,2019-11-01,69.23682623789396,716
NB1,2019-12-01,72.69154673981755,742
NB1,2020-01-01,69.98915942253431,743
NB1,2020-02-01,63.53410856982034,696
NB1,2020-03-01,46.31476816725871,575
NB1,2020-04-01,38.74375665284283,719
NB1,2020-05-01,34.89680987611335,743
NB1,2020-06-01,35.637407246815634,718
NB1,2020-07-01,28.29398040815931,741
NB1,2020-08-01,37.32224132066127,734
NB1,2020-09-01,44.90140133935899,720
NB1,2020-10-01,44.53565588585198,742
NB1,2020-11-01,45.245239414918174,699
NB1,2020-12-01,42.89142759522332,733
NB1,2021-01-01,42.70164200142151,744
NB1,2021-02-01,39.032258836604704,670
NB1,2021-03-01,49.223192404837455,741
NB1,2021-04-01,46.19356604525249,719
NB1,2021-05-01,49.524883924889025,737
NB1,2021-06-01,46.77728456410779,718
NB1,2021-07-01,50.586722237052264,738
NB1,2021-08-01,36.550245786136685,736
NB1,2021-09-01,36.293699398928055,715
NB1,2021-10-01,35.859320560222166,714
NB1,2021-11-01,42.025279442221475,718
NB1,2021-12-01,36.06911248941132,742
NB1,2022-01-01,46.21055312287331,742
NB1,2022-02-01,32.71235945130183,670
NB1,2022-03-01,41.94826480697786,739
NB1,2022-04-01,28.798473507728684,717
NB1,2022-05-01,29.678540854158616,716
NB1,2022-06-01,26.20328333525105,718
NB1,2022-07-01,19.823279767403612,153
NB1,2022-09-01,29.06338843145795,348
NB1,2022-10-01,36.85086233416964,741
NB1,2022-11-01,34.72436896786173,718
NB1,2022-12-01,39.53109427576819,688
NB1,2023-01-01,36.72904729856582,739
NB1,2023-02-01,37.50608432820654,670
NB1,2023-03-01,29.33426880155768,716
NB1,2023-04-01,26.898226710529816,718
NB1,2023-05-01,19.446616413834068,741
NB1,2023-06-01,22.08765994949187,718
NB1,2023-07-01,21.226587769827653,742
NB1,2023-08-01,23.45798753684046,744
NB1,2023-09-01,31.287554182695573,720
NB1,2023-10-01,25.899011883253404,128
NM2,2016-01-01,48.50265856950067,741
NM2,2016-02-01,48.94513005780347,692
NM2,2016-03-01,45.170595399188095,739
NM2,2016-04-01,38.34098885793872,718
NM2,2016-05-01,32.95748953974895,717
NM2,2016-06-01,32.08161559888579,718
NM2,2016-07-01,29.52262803234501,742
NM2,2016-08-01,30.137273954116058,741
NM2,2016-09-01,36.86620111731843,716
NM2,2016-10-01,44.697594086021496,744
NM2,2016-11-01,53.37625348189414,718
NM2,2016-12-01,60.310242261103625,743
NM2,2017-01-01,64.22358157307183,716
NM2,2017-02-01,42.02202270423607,669
NM2,2017-03-01,36.346897197377324,742
NM2,2017-04-01,37.28087302532266,694
NM2,2017-05-01,23.010509508564123,605
NM2,2017-06-01,32.244159801747,713
NM2,2017-07-01,26.057558107194247,742
NM2,2017-08-01,29.726977699726834,739
NM2,2017-09-01,33.403125324064305,714
NM2,2017-10-01,38.06644480265301,740
NM2,2017-11-01,47.459103689507806,691
NM2,2017-12-01,41.51003216651473,742
NM2,2018-01-01,30.81917702349431,740
NM2,2018-02-01,33.00898762276654,669
NM2,2018-03-01,32.08717557422706,442
NM2,2018-04-01,28.273043865829735,710
NM2,2018-05-01,28.24235342695438,718
NM2,2018-06-01,18.77705186509976,718
NM2,2018-07-01,24.353362861911,743
NM2,2018-08-01,23.2704162600409,744
NM2,2018-09-01,26.959213322266766,716
NM2,2018-10-01,33.81919560968946,743
NM2,2018-11-01,35.55488965728197,720
NM2,2018-12-01,32.836844601431125,718
NM2,2019-01-01,37.36361403629142,743
NM2,2019-02-01,41.785110878556836,670
NM2,2019-03-01,27.80302173950277,741
NM2,2019-04-01,32.04900333649663,719
NM2,2019-05-01,25.67853961895995,728
NM2,2019-06-01,21.58897377097283,719
NM2,2019-07-01,16.58228930915396,743
NM2,2019-08-01,20.94796931768814,744
NM2,2019-09-01,26.941218722534735,718
NM2,2019-10-01,29.564982384075815,716
NM2,2019-11-01,36.627019002881816,696
NM2,2019-12-01,34.22348329040243,744
NM2,2020-01-01,33.02978018959013,724
NM2,2020-02-01,20.48054602168511,681
NM2,2020-03-01,22.778039826335856,743
NM2,2020-04-01,30.067607713844662,718
NM2,2020-05-01,16.83096328382653,741
NM2,2020-06-01,19.277323692756774,676
NM2,2020-07-01,14.165728003728203,717
NM2,2020-08-01,19.544240874159442,584
NM2,2020-09-01,29.890562324668995,64
NM2,2020-11-01,32.64958446205229,678
NM2,2020-12-01,30.679888677658003,743
NM2,2021-01-01,27.26867199684047,717
NM2,2021-02-01,24.261357591015702,672
NM2,2021-03-01,25.90425368322962,396
NM2,2021-04-01,24.01382827907168,597
NM2,2021-05-01,19.081410588072078,744
NM2,2021-06-01,18.959594896711867,692
NM2,2021-07-01,18.802678982861458,741
NM2,2021-08-01,15.956526061049816,597
NM2,2021-09-01,25.085279507733578,719
NM2,2021-10-01,24.695362935175144,743
NM2,2021-11-01,29.67359859606356,719
NM2,2021-12-01,25.341412529514514,672
NM2,2022-01-01,33.60536899351843,741
NM2,2022-02-01,18.531090556937823,646
NM2,2022-03-01,31.8238381594982,743
NM2,2022-04-01,21.925886968051124,694
NM2,2022-05-01,19.349992417414633,744
NM2,2022-06-01,17.406762560812762,720
NM2,2022-07-01,16.453624443699585,741
NM2,2022-08-01,18.655938177701966,649
NM2,2022-09-01,22.29257198903016,695
NM2,2022-10-01,24.676003420506564,744
NM2,2022-11-01,24.833298936326724,720
NM2,2022-12-01,33.912576788698985,743
NM2,2023-01-01,29.163694402622014,743
NM2,2023-02-01,31.63998133093735,671
NM2,2023-03-01,20.579830975646093,742
NM2,2023-04-01,21.417125410579825,693
NM2,2023-05-01,16.87913722999383,743
NM2,2023-06-01,15.742930153581309,720
NM2,2023-07-01,12.59274509256847,744
NM2,2023-08-01,14.398351227522465,744
NM2,2023-09-01,23.249901778591695,687
NM2,2023-10-01,25.14898037125856,744
NM2,2023-11-01,26.458294557825106,695
NM2,2023-12-01,22.170827907202366,743
NM2,2024-01-01,27.49445449703811,743
NM2,2024-02-01,22.315646196437942,692
NM2,2024-03-01,22.664516822584904,743
NM2,2024-04-01,12.721565475388038,32
NM3,2016-01-01,39.906644204851744,742
NM3,2016-02-01,38.73040287769784,695
NM3,2016-03-01,35.274262516914746,739
NM3,2016-04-01,33.85062674094707,718
NM3,2016-05-01,32.83630136986301,438
NM3,2016-06-01,22.6657018813314,691
NM3,2016-07-01,20.999661705006762,739
NM3,2016-08-01,21.953337856173672,737
NM3,2016-09-01,26.137994269340968,698
NM3,2016-10-01,36.24109164420484,742
NM3,2016-11-01,43.7998331015299,719
NM3,2016-12-01,49.40029259896729,581
NM3,2017-01-01,71.37119162770098,691
NM3,2017-02-01,41.04609395315101,667
NM3,2017-03-01,34.02816888456487,742
NM3,2017-04-01,23.150633428100466,718
NM3,2017-05-01,19.568468768708016,723
NM3,2017-06-01,18.36187281149944,700
NM3,2017-07-01,16.611532940702975,742
NM3,2017-08-01,19.21463868562257,743
NM3,2017-09-01,29.20757121675242,664
NM3,2017-10-01,25.007518185309284,742
NM3,2017-11-01,34.56944151010891,717
NM3,2017-12-01,31.304647125634215,743
NM3,2018-01-01,32.43405840547767,713
NM3,2018-02-01,34.657690472179304,671
NM3,2018-03-01,32.90878064864787,739
NM3,2018-04-01,26.18943273986319,718
NM3,2018-05-01,27.924796563421435,568
NM3,2018-06-01,16.73240777466937,719
NM3,2018-07-01,21.57503319538765,744
NM3,2018-08-01,22.239794237261364,744
NM3,2018-09-01,28.1198416207648,716
NM3,2018-10-01,33.02385199097478,744
NM3,2018-11-01,32.31789652917819,720
NM3,2018-12-01,33.322275741956176,716
NM3,2019-01-01,38.61562424827626,743
NM3,2019-02-01,40.952554496660916,671
NM3,2019-03-01,26.717401299623003,741
NM3,2019-04-01,30.554119849318987,720
NM3,2019-05-01,22.96705100880616,728
NM3,2019-06-01,18.667753902395717,719
NM3,2019-07-01,18.963859622393574,743
NM3,2019-08-01,20.232534540146645,744
NM3,2019-09-01,22.7259169954135,719
NM3,2019-10-01,27.834685046120416,740
NM3,2019-11-01,36.887911314526214,719
NM3,2019-12-01,31.633520834886706,741
NM3,2020-01-01,31.848193378448638,727
NM3,2020-02-01,18.20833502827524,695
NM3,2020-03-01,19.085245536288824,744
NM3,2020-04-01,19.63165328930399,683
NM3,2020-05-01,14.087093037913005,617
NM3,2020-06-01,13.625191118039856,693
NM3,2020-07-01,13.50401271881363,719
NM3,2020-08-01,15.704683545973387,744
NM3,2020-09-01,19.88396602945335,719
NM3,2020-10-01,20.430849906472435,528
NM3,2020-11-01,28.658510031155945,717
NM3,2020-12-01,27.224631895441753,744
NM3,2021-01-01,26.532617025312643,719
NM3,2021-02-01,19.700071650586242,672
NM3,2021-03-01,21.777213388567528,416
NM3,2021-04-01,22.942936266858194,720
NM3,2021-05-01,16.476388791219527,743
NM3,2021-06-01,14.771019588164354,718
NM3,2021-07-01,14.892364892176818,718
NM3,2021-08-01,12.29151465426092,743
NM3,2021-09-01,23.123362543699695,719
NM3,2021-10-01,22.12834858903068,743
NM3,2021-11-01,28.20924983311042,719
NM3,2021-12-01,24.58897134096216,743
NM3,2022-01-01,34.90877582334285,741
NM3,2022-02-01,17.838004877188514,671
NM3,2022-03-01,30.921450162762557,734
NM3,2022-04-01,21.79802691253553,694
NM3,2022-05-01,15.155988247754937,744
NM3,2022-06-01,14.296995583116786,720
NM3,2022-07-01,12.993598487999648,743
NM3,2022-08-01,14.416107875944608,722
NM3,2022-09-01,19.327099338866848,694
NM3,2022-10-01,23.650913002092455,700
NM3,2022-11-01,24.781499935263476,720
NM3,2022-12-01,30.83748613922275,744
NM3,2023-01-01,26.391410541585834,741
NM3,2023-02-01,31.82671471578924,667
NM3,2023-03-01,19.781538673564313,740
NM3,2023-04-01,20.651309013675057,718
NM3,2023-05-01,14.78057288701628,717
NM3,2023-06-01,15.049646973215305,700
NM3,2023-07-01,11.964241965701738,743
NM3,2023-08-01,13.513664095992405,743
NM3,2023-09-01,19.396237790565785,717
NM3,2023-10-01,20.29344501337022,743
NM3,2023-11-01,25.169329395124,650
NM3,2023-12-01,19.50094541994441,742
NM3,2024-01-01,22.22579899902152,741
NM3,2024-02-01,18.739038965817088,695
NM3,2024-03-01,21.259401176186273,635
NM4,2022-12-01,37.39811455989583,371
NM4,2023-01-01,38.96861588826805,714
NM4,2023-02-01,41.346612558845976,670
NM4,2023-03-01,30.485306852519322,741
NM4,2023-04-01,32.91401807147753,717
NM4,2023-05-01,24.88376698804223,742
NM4,2023-06-01,26.05460928238241,719
NM4,2023-07-01,26.416038454802308,744
NM4,2023-08-01,29.11808274908838,743
NM4,2023-09-01,35.64327468607563,717
NM4,2023-10-01,37.48955150276116,743
NM4,2023-11-01,37.72165441690627,694
NM4,2023-12-01,31.080540311872763,743
NM4,2024-01-01,35.40343996827613,743
NM4,2024-02-01,34.554569933643414,695
NM4,2024-03-01,34.8794983828258,743
NM4,2024-04-01,23.09769121093213,32
RB4,2016-01-01,60.14274673111175,743
RB4,2016-02-01,45.841181861388506,670
RB4,2016-03-01,39.51928508633041,727
RB4,2016-04-01,38.57291291890771,608
RB4,2016-05-01,32.835582265277154,734
RB4,2016-06-01,35.18521618008225,690
RB4,2016-07-01,32.22301133535414,677
RB4,2016-08-01,30.22164308446065,478
RB4,2016-09-01,43.779325289267945,633
RB4,2016-10-01,38.75670561870929,380
RB4,2016-11-01,45.75809555932391,298
RB4,2016-12-01,59.42689290674643,716
RB4,2017-01-01,60.02562621129465,744
RB4,2017-02-01,45.91644820108217,672
RB4,2017-03-01,40.42016320143999,691
RB4,2017-04-01,29.655100297831652,720
RB4,2017-05-01,33.10748907123842,743
RB4,2017-06-01,31.972136424320045,720
RB4,2017-07-01,29.130008687653856,744
RB4,2017-08-01,30.76516562372271,711
RB4,2017-09-01,37.41896870324427,699
RB4,2017-10-01,35.49888619508622,227
RB4,2017-11-01,46.443283282013006,561
RB4,2017-12-01,44.31446910204973,744
RB4,2018-01-01,42.901427788828386,744
RB4,2018-02-01,41.07780686954499,645
RB4,2018-03-01,46.58547098444019,744
RB4,2018-04-01,41.40781143537773,720
RB4,2018-05-01,28.082792146116017,443
RB4,2018-06-01,24.058288390451175,526
RB4,2018-07-01,36.73374138604238,742
RB4,2018-08-01,27.777470334778837,716
RB4,2018-09-01,32.402155246785675,720
RB4,2018-10-01,33.22894292642973,744
RB4,2018-11-01,42.35369317599683,720
RB4,2018-12-01,44.738429615232114,744
RB4,2019-01-01,42.39203699676451,744
RB4,2019-02-01,54.53099489361115,644
RB4,2019-03-01,36.074790385006054,744
RB4,2019-04-01,42.37820871003358,720
RB4,2019-05-01,29.315909245063892,744
RB4,2019-06-01,29.292915926574903,719
RB4,2019-07-01,27.70923506025679,741
RB4,2019-08-01,33.0194273790801,743
RB4,2019-09-01,30.233000297201325,692
RB4,2019-10-01,36.68180965433923,744
RB4,2019-11-01,44.79461200330349,720
RB4,2019-12-01,43.926560233375994,744
RB4,2020-01-01,40.50906201242315,742
RB4,2020-02-01,30.65023238653688,696
RB4,2020-03-01,25.127704284978247,743
RB4,2020-04-01,22.722825666132167,693
RB4,2020-05-01,19.433103899849165,744
RB4,2020-06-01,22.56275056013616,720
RB4,2020-07-01,18.21676680474483,715
RB4,2020-08-01,21.86467672488681,744
RB4,2020-09-01,24.694131894538177,720
RB4,2020-10-01,26.32560050630213,744
RB4,2020-11-01,35.29205153787086,720
RB4,2020-12-01,34.39293512503483,744
RB4,2021-01-01,30.807139028328127,744
RB4,2021-02-01,30.026075058816886,670
RB4,2021-03-01,30.909553482267107,719
RB4,2021-04-01,24.256345463756052,720
RB4,2021-05-01,23.006872441742182,744
RB4,2021-06-01,18.113579782437057,720
RB4,2021-07-01,21.724119990429507,744
RB4,2021-08-01,19.194501249185535,727
RB4,2021-09-01,29.382777330051496,690
RB4,2021-10-01,28.663125716363783,744
RB4,2021-11-01,31.27155850379449,720
RB4,2021-12-01,29.721615043178836,744
RB4,2022-01-01,37.346482057070915,744
RB4,2022-02-01,23.485666250002364,672
RB4,2022-03-01,36.86833416727725,717
RB4,2022-04-01,22.086757775331872,720
RB4,2022-05-01,23.133011763214,743
RB4,2022-06-01,19.094772368870206,720
RB4,2022-07-01,17.796369072053334,744
RB4,2022-08-01,19.270396787772906,743
RB4,2022-09-01,21.351266060169856,720
RB4,2022-10-01,27.623359692121255,744
RB4,2022-11-01,26.839868747185545,720
RB4,2022-12-01,31.68284100929426,744
RB4,2023-01-01,26.511403136706324,743
RB4,2023-02-01,30.79583138975325,672
RB4,2023-03-01,22.29665164105151,742
RB4,2023-04-01,23.396998336870862,720
RB4,2023-05-01,15.289586583994904,744
RB4,2023-06-01,17.69788969544592,720
RB4,2023-07-01,17.29637591169175,744
RB4,2023-08-01,18.984581542996548,744
RB4,2023-09-01,27.408865560425888,719
RB4,2023-10-01,30.857659801790046,744
RB4,2023-11-01,31.261467611859857,693
RB4,2023-12-01,25.19438524548365,744
RB4,2024-01-01,27.047612228194637,744
RB4,2024-02-01,26.528997951037624,696
RB4,2024-03-01,26.30981359886272,706
RB4,2024-04-01,18.90774656546439,60
RB7,2016-01-01,43.2499089292348,742
RB7,2016-02-01,38.48319905972947,696
RB7,2016-03-01,35.11689573512875,742
RB7,2016-04-01,31.700294733944023,719
RB7,2016-05-01,25.893089729855017,743
RB7,2016-06-01,24.873985114973248,694
RB7,2016-07-01,20.507768646375443,742
RB7,2016-08-01,21.031538394110253,743
RB7,2016-09-01,31.403843222685634,719
RB7,2016-10-01,35.73818303777411,686
RB7,2016-11-01,42.72238157004979,590
RB7,2016-12-01,46.37139266658799,744
RB7,2017-01-01,50.46477654765931,744
RB7,2017-02-01,36.03666708787547,671
RB7,2017-03-01,33.81228751600196,716
RB7,2017-04-01,29.785276739280608,720
RB7,2017-05-01,24.625537534492512,744
RB7,2017-06-01,20.945304393188234,719
RB7,2017-07-01,18.100776469126618,744
RB7,2017-08-01,19.86996944753087,744
RB7,2017-09-01,26.619521769458864,718
RB7,2017-10-01,28.570078034088535,714
RB7,2017-11-01,38.909793202295226,720
RB7,2017-12-01,36.435214645102754,744
RB7,2018-01-01,32.75765023891873,743
RB7,2018-02-01,38.83070013117782,623
RB7,2018-03-01,37.14202264504307,613
RB7,2018-04-01,30.43506971623081,653
RB7,2018-05-01,30.64246841924531,744
RB7,2018-06-01,23.966901372385255,720
RB7,2018-07-01,23.374642127644044,741
RB7,2018-08-01,18.547796839331667,741
RB7,2018-09-01,27.24243843702617,719
RB7,2018-10-01,33.82321184347777,719
RB7,2018-11-01,35.198966640818725,719
RB7,2018-12-01,36.25667298015076,744
RB7,2019-01-01,42.81364226900825,744
RB7,2019-02-01,40.9211395334055,670
RB7,2019-03-01,28.79981485109175,716
RB7,2019-04-01,29.011001303934595,719
RB7,2019-05-01,24.857096988136536,744
RB7,2019-06-01,19.70925299497667,718
RB7,2019-07-01,20.169269154300114,743
RB7,2019-08-01,19.128868302954647,743
RB7,2019-09-01,23.486873021382316,692
RB7,2019-10-01,33.076198121877006,743
RB7,2019-11-01,41.15376827972982,720
RB7,2019-12-01,34.90781921334047,744
RB7,2020-01-01,31.539002465803797,741
RB7,2020-02-01,23.406568468960938,696
RB7,2020-03-01,21.808517508142543,744
RB7,2020-04-01,20.652638007389093,720
RB7,2020-05-01,17.00022084813186,715
RB7,2020-06-01,16.33176282430572,719
RB7,2020-07-01,15.583237836787529,717
RB7,2020-08-01,14.039150329282142,731
RB7,2020-09-01,21.419683162002695,719
RB7,2020-10-01,20.284337110320045,744
RB7,2020-11-01,24.211457830917514,584
RB7,2020-12-01,26.166165405212954,603
RB7,2021-01-01,31.0002336899323,646
RB7,2021-02-01,25.038393166582612,670
RB7,2021-03-01,29.23406624961014,717
RB7,2021-04-01,24.872604786261572,720
RB7,2021-05-01,22.273082938942185,744
RB7,2021-06-01,20.201519394051665,719
RB7,2021-07-01,17.459329664906328,743
RB7,2021-08-01,13.724209672621681,742
RB7,2021-09-01,25.282923524075734,691
RB7,2021-10-01,26.001207665718592,744
RB7,2021-11-01,32.74232956179495,720
RB7,2021-12-01,27.141134363143998,744
RB7,2022-01-01,39.943024448395285,743
RB7,2022-02-01,22.47858228608212,667
RB7,2022-03-01,27.567270286770036,320
RB7,2022-04-01,27.352146222813307,189
RB7,2022-09-01,13.429627651624823,13
RB7,2022-10-01,22.712908791190035,744
RB7,2022-11-01,23.13363698037784,719
RB7,2022-12-01,31.28801789253829,744
RB7,2023-01-01,26.22079403381239,744
RB7,2023-02-01,31.763417627826076,435
RB7,2023-03-01,19.807682721833718,743
RB7,2023-04-01,18.547839508584705,395
RB7,2023-08-01,12.611741496081923,702
RB7,2023-09-01,17.293281048908888,717
RB7,2023-10-01,20.50095137643729,743
RB7,2023-11-01,22.087213721273876,693
RB7,2023-12-01,17.70383177773197,719
RB7,2024-01-01,23.255551964230662,743
RB7,2024-02-01,17.48450341377511,695
RB7,2024-03-01,17.534956176784476,715
RB7,2024-04-01,9.899441131944444,60
RG7,2018-09-01,53.509003879685025,214
RG7,2018-10-01,49.88180192665256,740
RG7,2018-11-01,53.666680179929436,718
RG7,2018-12-01,48.724246410646955,741
RG7,2019-01-01,62.39064623513164,739
RG7,2019-02-01,59.77771357625573,668
RG7,2019-03-01,32.95973529227012,224
RG7,2019-07-01,38.11809983135187,225
RG7,2019-08-01,36.91579432817637,706
RG7,2019-09-01,36.32107488079029,717
RG7,2019-10-01,42.01172269015107,741
RG7,2019-11-01,47.62040031769364,718
RG7,2019-12-01,45.42478746450338,739
RG7,2020-01-01,42.87200101093708,714
RG7,2020-02-01,33.93227960911979,693
RG7,2020-03-01,38.58445934073554,743
RG7,2020-04-01,31.680832779305035,718
RG7,2020-05-01,30.415390612091535,741
RG7,2020-06-01,32.58050358981621,714
RG7,2020-07-01,31.42484746966858,737
RG7,2020-08-01,40.92100180148583,734
RG7,2020-09-01,45.628995934043004,719
RG7,2020-10-01,40.12200974309607,740
RG7,2020-11-01,45.063216007744444,699
RG7,2021-01-01,43.15279597274069,633
RG7,2021-02-01,40.90981922988998,670
RG7,2021-03-01,45.282813347586085,742
RG7,2021-04-01,49.25139958760787,718
RG7,2021-05-01,37.17764648254186,713
RG7,2021-06-01,41.041993068043645,603
RG7,2021-07-01,33.546113883645475,635
RG7,2021-08-01,32.323659947455795,741
RG7,2021-09-01,41.65424455894881,461
RG7,2021-10-01,38.84029668026583,608
RG7,2021-11-01,44.80708048624346,714
RG7,2021-12-01,38.802229103078034,743
RG7,2022-01-01,45.49867672777628,738
RG7,2022-02-01,32.19407961204962,669
RG7,2022-03-01,39.082431227253494,741
RG7,2022-04-01,34.94434870820164,718
RG7,2022-05-01,29.838686926162186,741
RG7,2022-06-01,29.85897662230326,711
RG7,2022-07-01,31.787367489824607,722
RG7,2022-08-01,37.10744604030421,677
RG7,2022-09-01,36.05304818183243,718
RG7,2022-10-01,30.92524023432503,740
RG7,2022-11-01,31.460337730236407,718
RG7,2022-12-01,36.58025886271571,741
RG7,2023-01-01,14.880421138573446,18
RG7,2023-02-01,38.42335993371273,615
RG7,2023-03-01,25.481617384174825,731
RG7,2023-04-01,28.07044038021599,717
RG7,2023-05-01,28.44399239607108,742
RG7,2023-06-01,27.835320268046125,664
RG7,2023-07-01,17.063849442165257,490
RG7,2023-08-01,9.471707104116186,9
RHG,2016-05-01,41.18151541570566,180
RHG,2016-06-01,35.410734903555074,719
RHG,2016-07-01,28.57943287409903,668
RHG,2016-08-01,33.95396698216647,731
RHG,2016-09-01,37.95682478798548,419
RHG,2016-10-01,50.94858207571949,634
RHG,2016-11-01,53.71370601059047,719
RHG,2016-12-01,54.4691308937445,744
RHG,2017-01-01,61.32579337918585,742
RHG,2017-02-01,37.911526995362145,670
RHG,2017-03-01,31.629730048432382,741
RHG,2017-04-01,36.85191584309691,716
RHG,2017-05-01,31.350122855080773,650
RHG,2017-06-01,24.162660298976597,704
RHG,2017-07-01,22.89472770592121,451
RHG,2017-08-01,26.042206139359692,177
RHG,2017-09-01,38.70285389564342,327
RHG,2017-10-01,30.716379502286948,743
RHG,2017-11-01,45.25711988062059,718
RHG,2017-12-01,38.99820898502754,743
RHG,2018-01-01,32.669586692796045,742
RHG,2018-02-01,44.363387586921604,667
RHG,2018-03-01,40.166718017517404,741
RHG,2018-04-01,32.46192876714776,645
RHG,2018-05-01,36.08151478532759,570
RHG,2018-06-01,28.38036050386328,534
RHG,2018-07-01,30.50716684615447,713
RHG,2018-08-01,25.836080926361653,729
RHG,2018-09-01,31.331871098472817,719
RHG,2018-10-01,36.35139558407239,679
RHG,2018-11-01,34.854486277344655,714
RHG,2018-12-01,36.993140911343424,742
RHG,2019-01-01,46.87333215199388,742
RHG,2019-02-01,49.64880902611707,644
RHG,2019-03-01,37.89832034018211,744
RHG,2019-04-01,39.394891871468126,705
RHG,2019-05-01,33.1652144577867,743
RHG,2019-06-01,28.08482868058993,649
RHG,2019-07-01,28.3477600536205,618
RHG,2019-08-01,24.77846712571246,733
RHG,2019-09-01,29.47771829912381,719
RHG,2019-10-01,34.514772202294644,741
RHG,2019-11-01,39.834587253006646,682
RHG,2019-12-01,33.893610844794175,743
RHG,2020-01-01,32.87236606770957,736
RHG,2020-02-01,23.963944764628778,692
RHG,2020-03-01,25.428687742571764,545
RHG,2020-04-01,24.879688915928654,718
RHG,2020-05-01,17.115462959557647,232
RHG,2020-06-01,16.29044038701995,320
RHG,2020-07-01,16.61991237979433,740
RHG,2020-08-01,13.971134870334277,121
RHH,2016-05-01,43.6025632147399,180
RHH,2016-06-01,33.74936782471068,719
RHH,2016-07-01,26.636219206178207,669
RHH,2016-08-01,32.466501108415144,742
RHH,2016-09-01,33.342807311373775,630
RHH,2016-10-01,50.70663729279884,676
RHH,2016-11-01,55.100974634328246,719
RHH,2016-12-01,53.92752663324412,744
RHH,2017-01-01,61.58968864527821,742
RHH,2017-02-01,39.702215442310774,670
RHH,2017-03-01,34.89400609623147,741
RHH,2017-04-01,38.94587318653845,716
RHH,2017-05-01,33.10316086243389,650
RHH,2017-06-01,26.69583721429228,699
RHH,2017-07-01,25.732353253121218,449
RHH,2017-08-01,26.563543516949146,177
RHH,2017-09-01,32.462339738446524,413
RHH,2017-10-01,29.960743074350496,742
RHH,2017-11-01,44.622664312462724,718
RHH,2017-12-01,40.32660436800683,742
RHH,2018-01-01,33.65631319158489,742
RHH,2018-02-01,43.982786847160995,667
RHH,2018-03-01,42.16372655372058,739
RHH,2018-04-01,34.26309132414382,645
RHH,2018-05-01,38.668505752410134,568
RHH,2018-06-01,33.69560754877742,534
RHH,2018-07-01,32.73211426304553,703
RHH,2018-08-01,29.839619350868617,712
RHH,2018-09-01,34.89691147742588,719
RHH,2018-10-01,40.16318863290418,680
RHH,2018-11-01,35.31259668180159,714
RHH,2018-12-01,36.951448081426264,742
RHH,2019-01-01,51.140207329306136,742
RHH,2019-02-01,37.43794308170782,129
RHH,2020-01-01,44.95666716974972,346
RHH,2020-02-01,28.173855440644786,692
RHH,2020-03-01,27.508075766845963,545
RHH,2020-04-01,25.515829837422718,718
RHH,2020-05-01,17.796341249015875,232
RI1,2016-01-01,38.338505213805114,742
RI1,2016-02-01,40.459892379507565,693
RI1,2016-03-01,39.13898223106223,742
RI1,2016-04-01,35.10076218070513,716
RI1,2016-05-01,36.68876673183462,743
RI1,2016-06-01,30.395193889029436,716
RI1,2016-07-01,21.375764791198808,739
RI1,2016-08-01,26.85390495323662,740
RI1,2016-09-01,30.29330545539724,546
RI1,2016-10-01,37.693377297764734,724
RI1,2016-11-01,44.13502619319113,719
RI1,2016-12-01,51.977845062234,744
RI1,2017-01-01,55.87971678231926,742
RI1,2017-02-01,35.455365386080416,669
RI1,2017-03-01,30.8759061972692,743
RI1,2017-04-01,30.588373843649762,718
RI1,2017-05-01,30.385068529008812,744
RI1,2017-06-01,22.457152979701533,644
RI1,2017-07-01,16.972605544938045,738
RI1,2017-08-01,21.68511135407375,742
RI1,2017-09-01,27.338843632487023,714
RI1,2017-10-01,26.84852248634653,740
RI1,2017-11-01,38.62025111551776,719
RI1,2017-12-01,34.32434300715271,743
RI1,2018-01-01,29.451366927002987,744
RI1,2018-02-01,35.611985135073375,655
RI1,2018-03-01,37.01553991643992,743
RI1,2018-04-01,31.05720314180079,719
RI1,2018-05-01,32.524418355660316,711
RI1,2018-06-01,23.70139133090958,707
RI1,2018-07-01,27.454727481398145,742
RI1,2018-08-01,22.87313592702719,743
RI1,2018-09-01,28.366796672248682,717
RI1,2018-10-01,33.18245249101391,741
RI1,2018-11-01,38.12219128554904,703
RI1,2018-12-01,32.589420389872565,743
RI1,2019-01-01,40.23619462302408,742
RI1,2019-02-01,40.04537893513982,670
RI1,2019-03-01,26.44536658479791,740
RI1,2019-04-01,35.846227598046696,718
RI1,2019-05-01,25.304623568133824,743
RI1,2019-06-01,17.339688119800652,717
RI1,2019-07-01,17.253309939100678,743
RI1,2019-08-01,18.701824960133177,741
RI1,2019-09-01,19.767607953062765,719
RI1,2019-10-01,25.047183652262024,648
RI1,2019-11-01,32.143152289577024,718
RI1,2019-12-01,26.920968653998735,742
RI1,2020-01-01,26.378399022469416,741
RI1,2020-02-01,18.420602477359736,691
RI1,2020-03-01,18.583283755758554,743
RI1,2020-04-01,22.54832843593146,720
RI1,2020-05-01,14.907252122264996,742
RI1,2020-06-01,14.863274660249795,718
RI1,2020-07-01,11.766361962383417,741
RI1,2020-08-01,17.95827443820666,743
RI1,2020-09-01,19.683121943843602,719
RI1,2020-10-01,20.214061088557724,742
RI1,2020-11-01,28.944628038918868,718
RI1,2020-12-01,27.05429554284831,743
RI1,2021-01-01,25.3534229747884,743
RI1,2021-02-01,21.554431702104928,669
RI1,2021-03-01,24.207155033000692,742
RI1,2021-04-01,23.019430258121535,528
RI1,2021-05-01,15.648133779584622,744
RI1,2021-06-01,14.539211647201844,717
RI1,2021-07-01,16.739543340008467,744
RI1,2021-08-01,11.741806220340449,743
RI1,2021-09-01,23.773527776747443,715
RI1,2021-10-01,22.467722927009135,743
RI1,2021-11-01,28.105796834455926,714
RI1,2021-12-01,27.358629306995205,743
RI1,2022-01-01,36.03034404671412,743
RI1,2022-02-01,18.568987986623604,671
RI1,2022-03-01,29.924755406775905,439
RI1,2022-04-01,21.53553965649762,718
RI1,2022-05-01,19.550214539442642,251
RI1,2022-06-01,8.806012847863169,10
RI1,2022-07-01,12.972210241805872,742
RI1,2022-08-01,18.045266738246514,742
RI1,2022-09-01,24.174356297232315,718
RI1,2022-10-01,22.057084320135523,548
RI1,2022-11-01,22.856494751319495,682
RI1,2022-12-01,30.00083421872287,743
RI1,2023-01-01,16.302264348465854,550
RI1,2023-02-01,23.322162364900137,664
RI1,2023-03-01,15.954038266970858,741
RI1,2023-04-01,16.85139484405491,705
RI1,2023-05-01,12.626764534145707,741
RI1,2023-06-01,11.935159836720393,718
RI1,2023-07-01,9.78945664593607,742
RI1,2023-08-01,10.473036179499932,742
RI1,2023-09-01,15.344894002685763,718
RI1,2023-10-01,18.196610876700674,741
RI1,2023-11-01,21.97202311497212,719
RI1,2023-12-01,16.093581092432405,743
RI1,2024-01-01,22.445835602018096,740
RI1,2024-02-01,16.23594711088093,694
RI1,2024-03-01,19.683776625884253,736
RI1,2024-04-01,14.126670688027433,719
RI1,2024-05-01,19.42645324786047,744
RI1,2024-06-01,15.54998189889051,719
RI1,2024-07-01,15.751563875784553,743
RI1,2024-08-01,16.182370391189053,743
RI1,2024-09-01,20.184244569387456,720
RI1,2024-10-01,22.8513424941267,740
RI1,2024-11-01,29.049560197925736,719
RI1,2024-12-01,17.667544101337004,744
RI2,2016-01-01,29.80893231734097,742
RI2,2016-02-01,29.661520248734934,693
RI2,2016-03-01,28.230702943975622,741
RI2,2016-04-01,22.028714574053126,712
RI2,2016-05-01,22.53093154595209,741
RI2,2016-06-01,17.04421265950365,719
RI2,2016-07-01,10.70891920886348,456
RI2,2016-08-01,15.43972258881567,694
RI2,2016-09-01,19.15505892561696,716
RI2,2016-10-01,29.686396451039435,742
RI2,2016-11-01,34.99373838388896,718
RI2,2016-12-01,39.542614411124475,743
RI2,2017-01-01,43.7526113735195,741
RI2,2017-02-01,26.326240526366117,672
RI2,2017-03-01,20.750755059789718,729
RI2,2017-04-01,18.35923360762121,720
RI2,2017-05-01,15.22804128755018,744
RI2,2017-06-01,13.66569469371987,718
RI2,2017-07-01,10.814499552766874,744
RI2,2017-08-01,14.345893651407525,741
RI2,2017-09-01,18.293496842324096,718
RI2,2017-10-01,17.41945562534982,741
RI2,2017-11-01,29.593759879349534,719
RI2,2017-12-01,26.520725169253218,739
RI2,2018-01-01,19.57972017583719,741
RI2,2018-02-01,25.995762575087273,655
RI2,2018-03-01,26.12500651391892,553
RI2,2018-04-01,19.80961953522842,716
RI2,2018-05-01,20.139671368277035,742
RI2,2018-06-01,14.298201875515804,719
RI2,2018-07-01,14.742885723096242,717
RI2,2018-08-01,13.162939429609471,742
RI2,2018-09-01,18.214263030928876,716
RI2,2018-10-01,22.397461184130727,743
RI2,2018-11-01,27.774956866949175,695
RI2,2018-12-01,24.853524836973413,742
RI2,2019-01-01,31.555014735720228,743
RI2,2019-02-01,31.199101013346972,669
RI2,2019-03-01,20.014246967728102,744
RI2,2019-04-01,21.779955274437324,345
RI2,2019-05-01,17.606719740195814,743
RI2,2019-06-01,14.636628130367049,714
RI2,2019-07-01,14.362536018828218,743
RI2,2019-08-01,12.820897165024785,740
RI2,2019-09-01,17.355123154774184,718
RI2,2019-10-01,21.673061728047976,695
RI2,2019-11-01,29.310090811905376,718
RI2,2019-12-01,22.46008505079648,743
RI2,2020-01-01,20.5519310295783,742
RI2,2020-02-01,12.036648429711592,596
RI2,2020-03-01,13.005364616266837,743
RI2,2020-04-01,15.429736113687785,719
RI2,2020-05-01,9.287863072798643,311
RI2,2020-07-01,9.317781337601001,565
RI2,2020-08-01,12.245470807066296,743
RI2,2020-09-01,15.28036440856078,643
RI2,2020-10-01,14.34608253533737,744
RI2,2020-11-01,20.80201774650381,717
RI2,2020-12-01,18.579234537534823,743
RI2,2021-01-01,20.559547603808053,669
RI2,2021-02-01,15.095115201506228,654
RI2,2021-03-01,16.605456356528308,743
RI2,2021-04-01,15.820001282742263,719
RI2,2021-05-01,11.34802894091914,743
RI2,2021-06-01,9.166722522550062,718
RI2,2021-07-01,9.812241934095582,743
RI2,2021-08-01,8.70838388069393,744
RI2,2021-09-01,14.730488957181207,501
RI2,2021-10-01,13.728767727002419,743
RI2,2021-11-01,20.607220145642483,446
RI2,2022-02-01,10.93859983470774,164
RI2,2022-03-01,21.78243101419628,701
RI2,2022-04-01,13.416849397028582,718
RI2,2022-05-01,11.25711110627275,466
RI2,2022-07-01,7.774879614760662,228
RI2,2022-08-01,11.324916010466834,742
RI2,2022-09-01,14.392684812785923,718
RI2,2022-10-01,12.314027449257061,743
RI2,2022-11-01,14.331681974794366,717
RI2,2022-12-01,25.43465566845502,204
RI2,2023-02-01,13.635564834236318,196
RI2,2023-03-01,12.108936615572755,742
RI2,2023-04-01,12.699328046587722,717
RI2,2023-05-01,9.120460844589777,712
RI2,2023-06-01,14.557019077164803,610
RI2,2023-07-01,7.206835738315631,314
RI2,2023-09-01,16.227034225610588,576
RI2,2023-10-01,15.792675863095921,227
RI2,2024-01-01,13.082925006923077,53
RI2,2024-02-01,14.165116599752324,687
RI2,2024-03-01,16.68824218713097,743
RI2,2024-04-01,9.386400940999314,717
RI2,2024-05-01,9.600050520521402,543
RI2,2024-06-01,8.072005106967627,718
RI2,2024-07-01,11.430407440151997,702
RI2,2024-08-01,8.959628028666467,742
RI2,2024-09-01,11.02928939583581,720
RI2,2024-10-01,14.331739502279893,741
RI2,2024-11-01,19.366974749922388,712
RI2,2024-12-01,10.13710280607172,453
SK5,2016-01-01,44.42836058923812,743
SK5,2016-02-01,55.370224519818514,667
SK5,2016-03-01,56.61844803739915,734
SK5,2016-04-01,48.32830293222866,710
SK5,2016-05-01,55.663451887945,734
SK5,2016-06-01,51.67995229714881,552
SK5,2016-08-01,22.65131259417706,11
SK5,2016-09-01,36.75381769510083,702
SK5,2016-10-01,62.047045512926736,743
SK5,2016-11-01,58.754408190653045,718
SK5,2016-12-01,58.611173051205576,743
SK5,2017-01-01,64.54207655262809,739
SK5,2017-02-01,43.469422076691146,646
SK5,2017-03-01,38.49744063930565,741
SK5,2017-04-01,52.75797290287108,718
SK5,2017-05-01,47.75530700244878,742
SK5,2017-06-01,35.639682635279556,718
SK5,2017-07-01,33.229741830277334,740
SK5,2017-08-01,32.913401383718266,742
SK5,2017-09-01,36.338155616229564,717
SK5,2017-10-01,28.563134616689887,577
SK5,2017-11-01,49.523989137385435,701
SK5,2017-12-01,42.83301160340363,742
SK5,2018-01-01,37.54468480439722,742
SK5,2018-02-01,48.61018458606003,643
SK5,2018-03-01,45.456467389614616,743
SK5,2018-04-01,40.80792603917932,719
SK5,2018-05-01,52.41833802454965,738
SK5,2018-06-01,38.93456643737024,680
SK5,2018-07-01,36.24346091503268,6
SK5,2018-08-01,27.32181310175048,317
SK5,2018-09-01,33.751595390271135,714
SK5,2018-10-01,41.87660977689029,707
SK5,2018-11-01,39.79363667192463,716
SK5,2018-12-01,33.66108067130508,744
SK5,2019-01-01,49.15233846016479,737
SK5,2019-02-01,44.54611429177579,631
SK5,2019-03-01,31.248150164066896,742
SK5,2019-04-01,49.119103098457366,719
SK5,2019-05-01,40.10509826224829,742
SK5,2019-06-01,30.017512813159524,716
SK5,2019-07-01,33.24912968044899,736
SK5,2019-08-01,26.48699126144707,713
SK5,2019-09-01,31.5602163718228,711
SK5,2019-10-01,36.739573206511146,738
SK5,2019-11-01,47.469775728671806,719
SK5,2019-12-01,38.199931286908296,660
SK5,2020-01-01,31.004839643744294,702
SK5,2020-02-01,23.230289027996424,695
SK5,2020-03-01,27.053236086626917,638
SK5,2020-04-01,30.87642486016642,659
SK5,2020-05-01,23.005454385643684,287
SK5,2020-06-01,26.779461607387894,402
SK5,2020-09-01,36.07409924607519,505
SK5,2020-10-01,23.171215433986927,640
SK5,2020-11-01,30.84001641523778,717
SK5,2020-12-01,29.66758069255557,718
SK5,2021-01-01,31.85511333898604,740
SK5,2021-02-01,27.478576247312454,670
SK5,2021-03-01,33.0927960307405,728
SK5,2021-04-01,37.81320704385165,688
SK5,2021-05-01,25.01100564139617,711
SK5,2021-06-01,25.493590016795864,688
SK5,2021-07-01,24.82919181946403,709
SK5,2021-08-01,18.057156118143457,711
SK5,2021-09-01,30.43665743440233,686
SK5,2021-10-01,25.752051212938003,742
SK5,2021-11-01,33.44417991631799,717
SK5,2021-12-01,28.795499327052486,743
SK5,2022-01-01,39.686186486486484,740
SK5,2022-02-01,17.35987294469357,669
SK5,2022-03-01,44.19979265658747,463
SK5,2022-04-01,28.211980446927374,716
SK5,2022-05-01,17.704709629629626,675
SK5,2022-06-01,17.807200561009818,713
SK5,2022-07-01,21.280451790633606,726
SK5,2022-08-01,25.11482456140351,741
SK5,2022-09-01,26.610098748261468,719
SK5,2022-10-01,20.706552112676054,710
SK5,2022-11-01,24.530937765205092,707
SK5,2022-12-01,42.14960714285714,476
SK5,2023-01-01,38.57149105914718,727
SK5,2023-02-01,34.075140089418774,671
SK5,2023-03-01,21.154407575757574,660
SK5,2023-04-01,22.900204481792716,714
SK5,2023-05-01,19.65114939434724,743
SK5,2023-06-01,21.52572663877266,717
SK5,2023-07-01,15.384416779431662,739
SK5,2023-08-01,15.329165768194068,742
SK5,2023-09-01,26.025488795518203,714
SK5,2023-10-01,26.070750392464678,637
SK5,2023-11-01,29.238938803894296,719
SK5,2023-12-01,21.435819163292845,741
SK5,2024-01-01,25.44693526170799,726
SK5,2024-02-01,18.275365079365077,693
SK5,2024-03-01,21.658415196743555,737
SK5,2024-04-01,16.095513134851135,571
SK5,2024-05-01,22.00812903225806,713
SK5,2024-06-01,16.08049511854951,717
SK5,2024-07-01,16.924419047619047,735
SK5,2024-08-01,15.267901617250674,742
SK5,2024-09-01,20.690946251768032,707
SK5,2024-10-01,23.970109140518414,733
SK5,2024-11-01,30.216635327635323,702
SK5,2024-12-01,19.69638775510204,735
SK6,2016-01-01,41.79136807271152,742
SK6,2016-02-01,42.630737313166705,691
SK6,2016-03-01,42.50580723597443,740
SK6,2016-04-01,36.79891223219682,716
SK6,2016-05-01,41.302081989616745,715
SK6,2016-06-01,33.61050207401862,495
SK6,2016-07-01,21.4574948639774,741
SK6,2016-08-01,18.85469288984037,512
SK6,2016-09-01,33.19537231500815,512
SK6,2016-10-01,40.82238238901828,719
SK6,2016-11-01,45.67798504713804,619
SK6,2016-12-01,56.21560654834672,742
SK6,2017-01-01,59.00696187487992,741
SK6,2017-02-01,37.16818568018999,672
SK6,2017-03-01,30.331920786575147,740
SK6,2017-04-01,31.750820307930415,718
SK6,2017-05-01,33.54147839017958,740
SK6,2017-06-01,24.591173563424842,692
SK6,2017-07-01,21.725326178511622,735
SK6,2017-08-01,24.964280019170577,734
SK6,2017-09-01,29.727647391835916,715
SK6,2017-10-01,32.846360364319175,714
SK6,2017-11-01,47.24819098716636,525
SK6,2017-12-01,38.94363853203829,741
SK6,2018-01-01,33.62006344212191,739
SK6,2018-02-01,37.64792086376231,645
SK6,2018-03-01,35.751869352595136,742
SK6,2018-04-01,33.40907211990848,718
SK6,2018-05-01,34.92097758281666,739
SK6,2018-06-01,23.127755547137635,718
SK6,2018-07-01,29.277125528312734,740
SK6,2018-08-01,25.74800483115724,739
SK6,2018-09-01,30.29673184286419,719
SK6,2018-10-01,34.55523521995136,691
SK6,2018-11-01,34.35321470504548,717
SK6,2018-12-01,32.41514508662662,743
SK6,2019-01-01,41.02182993550016,742
SK6,2019-02-01,43.809550941837756,667
SK6,2019-03-01,27.483102344661727,740
SK6,2019-04-01,33.509320694048725,692
SK6,2019-05-01,26.118589931269458,742
SK6,2019-06-01,22.142078554799337,717
SK6,2019-07-01,23.17317819153219,742
SK6,2019-08-01,22.925433405385803,742
SK6,2019-09-01,26.994906086470902,714
SK6,2019-10-01,29.536954214113564,741
SK6,2019-11-01,37.688577481518784,690
SK6,2019-12-01,32.32167503968037,743
SK6,2020-01-01,30.45067451648806,743
SK6,2020-02-01,21.174579726658134,689
SK6,2020-03-01,20.620842154093804,714
SK6,2020-04-01,22.32234325701192,718
SK6,2020-05-01,14.890006744887332,742
SK6,2020-06-01,15.501420652818336,719
SK6,2020-07-01,14.418904140035231,737
SK6,2020-08-01,18.840692362951902,743
SK6,2020-09-01,21.82961915830053,342
SK6,2020-10-01,25.009012155954405,445
SK6,2020-11-01,33.14882859205096,552
SK6,2020-12-01,21.452747465813545,510
SK6,2021-01-01,26.765761306430885,740
SK6,2021-02-01,26.178972902671454,658
SK6,2021-03-01,30.91074395911275,705
SK6,2021-04-01,31.022287003069263,425
SK6,2021-05-01,16.021325015342807,707
SK6,2021-06-01,17.84107467497211,688
SK6,2021-07-01,17.75587760696182,710
SK6,2021-08-01,13.1051961204306,708
SK6,2021-09-01,26.764574350245237,688
SK6,2021-10-01,24.08262028327427,444
SK6,2021-11-01,25.50345962683494,513
SK6,2021-12-01,22.935030494341667,710
SK6,2022-01-01,34.06641811120683,708
SK6,2022-02-01,17.36458278177404,642
SK6,2022-03-01,31.880661275099207,710
SK6,2022-04-01,20.064380223210975,686
SK6,2022-05-01,18.011127150077623,710
SK6,2022-06-01,15.057953143016231,687
SK6,2022-07-01,13.489231072773748,710
SK6,2022-08-01,18.310860004731275,709
SK6,2022-09-01,20.24081689035082,689
SK6,2022-10-01,21.602099898148897,475
SK6,2022-11-01,22.483574334892367,687
SK6,2022-12-01,29.090594449866238,712
SK6,2023-01-01,25.53065061960826,710
SK6,2023-02-01,29.422537674896628,641
SK6,2023-03-01,19.369289955706677,710
SK6,2023-04-01,21.043018584422274,625
SK6,2023-05-01,21.3469235780513,645
SK6,2023-06-01,21.962975520985562,688
SK6,2023-07-01,9.209676101624375,712
SK6,2023-08-01,10.880825676808408,709
SK6,2023-09-01,27.961293570241704,332
SK6,2023-10-01,21.314033492679137,113
SK6,2023-11-01,22.48547983808349,310
SK6,2023-12-01,17.363969832485424,712
SK6,2024-01-01,16.722409595506324,707
SK6,2024-02-01,15.36987899491958,664
SK6,2024-03-01,15.641414603821,709
SK6,2024-04-01,13.630333785243964,696
SK6,2024-05-01,14.86898720361655,708
SK6,2024-06-01,10.69734155803941,690
SK6,2024-07-01,11.99601538350636,711
SK6,2024-08-01,10.83828187914172,713
SK6,2024-09-01,16.2601587070368,694
SK6,2024-10-01,16.872367380342116,694
SK6,2024-11-01,25.085475413504966,716
SK6,2024-12-01,19.766640061301985,742
SK8,2019-07-01,31.900263515294778,728
SK8,2019-08-01,30.27027022629979,740
SK8,2019-09-01,34.30138474175643,714
SK8,2019-10-01,39.57918710078871,742
SK8,2019-11-01,53.28696873536787,718
SK8,2019-12-01,44.39077419752733,743
SK8,2020-01-01,35.39929041914945,402
SK8,2020-02-01,28.94367359743839,695
SK8,2020-03-01,29.255548286759193,735
SK8,2020-04-01,28.441831387711805,720
SK8,2020-05-01,24.537840258829224,718
SK8,2020-06-01,26.54320611068291,714
SK8,2020-07-01,17.835323461721547,740
SK8,2020-08-01,30.416138121435697,741
SK8,2020-09-01,31.054808939519166,719
SK8,2020-10-01,29.404575139108772,742
SK8,2020-11-01,39.49789524267609,719
SK8,2020-12-01,39.37107067300076,742
SK8,2021-01-01,34.21678342173001,248
SK8,2021-02-01,33.05004121436413,487
SK8,2021-03-01,34.13285657598276,719
SK8,2021-04-01,36.05116253697432,615
SK8,2021-05-01,28.267601376114758,741
SK8,2021-06-01,31.735653899421568,222
SK8,2021-09-01,48.50279061386001,588
SK8,2021-10-01,30.232236544641136,742
SK8,2021-11-01,35.47275266653695,715
SK8,2021-12-01,32.25929493748726,744
SK8,2022-01-01,40.95133554736556,743
SK8,2022-02-01,24.194104786782095,671
SK8,2022-03-01,43.729388704152626,742
SK8,2022-04-01,26.74082574069283,714
SK8,2022-05-01,23.14060594453654,739
SK8,2022-06-01,24.691156841131704,718
SK8,2022-07-01,23.119331260279008,708
SK8,2022-08-01,27.39491072794639,740
SK8,2022-09-01,31.38002338781354,719
SK8,2022-10-01,29.197619184667893,739
SK8,2022-11-01,27.992337493523095,718
SK8,2022-12-01,37.015913316596574,743
SK8,2023-01-01,33.725758926132094,741
SK8,2023-02-01,37.69821906523302,670
SK8,2023-03-01,28.040587636019975,741
SK8,2023-04-01,32.141752327114375,717
SK8,2023-05-01,29.193504055694937,740
SK8,2023-06-01,31.399978152079075,717
SK8,2023-07-01,14.153195505913246,744
SK8,2023-08-01,18.640999363025713,742
SK8,2023-09-01,35.166443908141666,718
SK8,2023-10-01,31.18031155366471,715
SK8,2023-11-01,32.496031510970425,720
SK8,2023-12-01,26.699820037393707,743
SK8,2024-01-01,31.693604650761618,742
SK8,2024-02-01,26.543243433977388,696
SK8,2024-03-01,30.309876228540404,730
SK8,2024-04-01,19.68622721430655,715
SK8,2024-05-01,28.81546719037167,743
SK8,2024-06-01,19.289093271299503,715
SK8,2024-07-01,19.782527154117815,739
SK8,2024-08-01,16.363376814804322,740
SK8,2024-09-01,26.545104979604275,715
SK8,2024-10-01,31.161653603009157,742
SK8,2024-11-01,35.76343902731088,715
SK8,2024-12-01,24.97455237831054,744
SKA,2020-11-01,48.275965773025256,131
SKA,2020-12-01,34.3356078617536,692
SKA,2021-01-01,29.304300481761164,691
SKA,2021-02-01,27.898668396562655,630
SKA,2021-03-01,35.03413334812408,711
SKA,2021-04-01,27.27862578399711,662
SKA,2021-05-01,27.412973366194844,682
SKA,2021-06-01,29.57062541934495,680
SKA,2021-07-01,26.25728104194233,696
SKA,2021-08-01,18.016704317528184,691
SKA,2021-09-01,28.018950009814926,701
SKA,2021-10-01,27.36517411752378,711
SKA,2021-11-01,32.33039233065799,665
SKA,2021-12-01,26.348892110252567,619
SKA,2022-01-01,37.510650283841706,682
SKA,2022-02-01,16.726487144390198,607
SKA,2022-03-01,47.875434813582814,691
SKA,2022-04-01,28.970971262818114,659
SKA,2022-05-01,22.542216526780116,676
SKA,2022-06-01,22.04874271723068,354
SKA,2022-08-01,16.823079134578837,369
SKA,2022-09-01,24.8356503466742,667
SKA,2022-10-01,26.251103071195423,710
SKA,2022-11-01,25.14793101068138,684
SKA,2022-12-01,21.1781626746599,302
SKA,2023-01-01,30.762449349358448,691
SKA,2023-02-01,35.81137823772001,640
SKA,2023-03-01,24.267821874797825,709
SKA,2023-04-01,25.106253029002424,685
SKA,2023-05-01,20.254290066959225,712
SKA,2023-06-01,30.37316009355244,412
SKA,2023-07-01,21.70135935794624,663
SKA,2023-08-01,24.124180155969547,708
SKA,2023-09-01,28.17718728248213,686
SKA,2023-10-01,30.650997937912905,687
SKA,2023-11-01,27.348465831173122,688
SKA,2023-12-01,22.477156356105667,706
SKA,2024-01-01,29.58976580500277,692
SKA,2024-02-01,22.808464560751553,666
SKA,2024-03-01,22.95393894473605,711
SKA,2024-04-01,16.849700954965492,688
SKA,2024-05-01,21.08896683519231,711
SKA,2024-06-01,18.70276196785567,690
SKA,2024-07-01,17.321839468777874,712
SKA,2024-08-01,15.071465207170379,712
SKA,2024-09-01,22.039584813621694,685
SKA,2024-10-01,27.18175623266075,713
SKA,2024-11-01,30.616572406008185,685
SKA,2024-12-01,19.26680679038523,712
SKB,2021-01-01,41.26997032460995,122
SKB,2021-02-01,39.262726681160665,644
SKB,2021-03-01,46.840490736149015,727
SKB,2021-04-01,44.68276934305255,688
SKB,2021-05-01,46.08499926717985,411
SKB,2021-06-01,35.3235392426873,689
SKB,2021-07-01,31.18638420145238,711
SKB,2021-08-01,27.697164844280966,710
SKB,2021-09-01,47.38270056777434,683
SKB,2021-10-01,39.37185612896292,708
SKB,2021-11-01,48.08181948250306,684
SKB,2021-12-01,40.640395466003234,710
SKB,2022-01-01,41.59959661375853,709
SKB,2022-02-01,32.21882035628176,642
SKB,2022-03-01,43.38790017900524,691
SKB,2022-04-01,30.490780388176702,385
SKB,2022-05-01,32.10573978528245,711
SKB,2022-06-01,29.414562543813027,689
SKB,2022-07-01,27.88073036864544,705
SKB,2022-08-01,27.822366117610823,713
SKB,2022-09-01,27.792022257458907,689
SKB,2022-10-01,29.391739931432262,711
SKB,2022-11-01,28.90247507908805,680
SKB,2022-12-01,36.624233225324254,711
SKB,2023-01-01,34.14454058257527,710
SKB,2023-02-01,36.77147884870253,641
SKB,2023-03-01,27.796814035617675,711
SKB,2023-04-01,31.480312338085906,686
SKB,2023-05-01,25.44005828235499,709
SKB,2023-06-01,27.399997484220094,684
SKB,2023-07-01,20.51619394209125,712
SKB,2023-08-01,22.717548780536347,712
SKB,2023-09-01,32.62117506774047,689
SKB,2023-10-01,38.925449437181825,713
SKB,2023-11-01,40.474232368576864,720
SKB,2023-12-01,32.169084035441905,744
SKB,2024-01-01,36.20291727075974,515
SKB,2024-02-01,28.570916899822773,539
SKB,2024-03-01,28.403914425862215,728
SKB,2024-04-01,19.809918920276775,714
SKB,2024-05-01,24.61266111369577,742
SKB,2024-06-01,21.250895624594943,718
SKB,2024-07-01,21.2331758663943,740
SKB,2024-08-01,21.424921632332513,743
SKB,2024-09-01,27.137188787025476,716
SKB,2024-10-01,30.317683634930223,742
SKB,2024-11-01,34.03703357760528,718
SKB,2024-12-01,23.012863985839868,742
SKC,2021-07-01,18.7907827526444,168
SKC,2021-08-01,20.75235042398229,516
SKC,2021-09-01,34.347050327843554,646
SKC,2021-10-01,29.2725898174907,712
SKC,2021-11-01,32.46690031681295,670
SKC,2021-12-01,26.530240912137433,710
SKC,2022-01-01,34.84558635620195,709
SKC,2022-02-01,21.85661206068069,642
SKC,2022-03-01,30.517136917036368,686
SKC,2022-04-01,19.940277028992597,689
SKC,2022-05-01,26.16407915136599,713
SKC,2022-06-01,23.79785677318552,590
SKC,2022-07-01,18.65677304130077,711
SKC,2022-08-01,25.64241052189012,706
SKC,2022-09-01,24.725791975975824,689
SKC,2022-10-01,26.8509476376424,711
SKC,2022-11-01,25.622504829081034,688
SKC,2022-12-01,30.403179486225977,712
SKC,2023-01-01,27.63795680987832,703
SKC,2023-02-01,30.715047542279095,644
SKC,2023-03-01,22.326704229587133,709
SKC,2023-04-01,21.978477820307468,687
SKC,2023-05-01,15.415853047665566,636
SKC,2023-06-01,22.19122425335022,675
SKC,2023-07-01,21.900993853922394,713
SKC,2023-08-01,20.523841301030718,710
SKC,2023-09-01,26.855166002550117,688
SKC,2023-10-01,33.74877574964064,686
SKC,2023-11-01,37.06651068150676,719
SKC,2023-12-01,29.441260852878877,743
SKC,2024-01-01,29.328648544300762,743
SKC,2024-02-01,20.265540149405872,695
SKC,2024-03-01,20.109941497946604,727
SKC,2024-04-01,15.267397403206083,685
SKC,2024-05-01,21.875691034259802,712
SKC,2024-06-01,18.45549220088972,689
SKC,2024-07-01,17.021585401377585,713
SKC,2024-08-01,19.371202869609803,712
SKC,2024-09-01,19.440115365335817,686
SKC,2024-10-01,22.654434976200275,709
SKC,2024-11-01,37.38703378878585,689
SKC,2024-12-01,31.917313486771533,711
ST4,2016-01-01,68.64456067600702,602
ST4,2016-02-01,73.30445284980863,602
ST4,2016-03-01,68.69319742849548,710
ST4,2016-04-01,67.2803177004872,717
ST4,2016-05-01,57.76464431585617,742
ST4,2016-06-01,58.98601883892796,622
ST4,2016-07-01,60.99970655339036,359
ST4,2016-08-01,60.541226519876766,562
ST4,2016-09-01,52.25897062747301,714
ST4,2016-10-01,61.59774571222997,742
ST4,2016-11-01,68.41048820559591,719
ST4,2016-12-01,62.36599247705614,734
ST4,2017-01-01,70.43106805145955,741
ST4,2017-02-01,52.39200130907718,671
ST4,2017-03-01,50.5658106649328,741
ST4,2017-04-01,63.11689025763153,716
ST4,2017-05-01,46.43495937657742,718
ST4,2017-06-01,41.192689525889136,527
ST4,2017-07-01,39.26842198193859,495
ST4,2017-08-01,48.61178468309599,731
ST4,2017-09-01,47.65324241800136,717
ST4,2017-10-01,47.41927582123024,744
ST4,2017-11-01,62.12839792477729,719
ST4,2017-12-01,53.49316154637597,739
ST4,2018-01-01,44.93925441848526,742
ST4,2018-02-01,52.891289429665626,669
ST4,2018-03-01,49.195686609598916,742
ST4,2018-04-01,45.39646329016669,718
ST4,2018-05-01,50.02963153793935,737
ST4,2018-06-01,40.19521936006894,693
ST4,2018-07-01,46.85267501636745,742
ST4,2018-08-01,44.98729976920832,743
ST4,2018-09-01,46.68785944063857,718
ST4,2018-10-01,49.55227451753115,741
ST4,2018-11-01,44.06696308056697,714
ST4,2018-12-01,43.906334397581254,742
ST4,2019-01-01,60.59319745743073,736
ST4,2019-02-01,50.872311228137335,669
ST4,2019-03-01,46.36243105464023,742
ST4,2019-04-01,47.35499335765338,718
ST4,2019-05-01,49.363452218357885,738
ST4,2019-06-01,35.207628132168516,713
ST4,2019-07-01,40.238467913436075,714
ST4,2019-08-01,31.855217144230714,501
ST4,2019-09-01,42.513880091246,279
ST4,2019-10-01,44.340871468622964,658
ST4,2019-11-01,50.69566472576551,713
ST4,2019-12-01,43.67195098745547,741
ST4,2020-01-01,45.59381393283731,741
ST4,2020-02-01,37.39083827930087,693
ST4,2020-03-01,39.35374572299664,742
ST4,2020-04-01,37.50433106561788,590
ST4,2020-05-01,33.12843292207705,446
ST4,2020-06-01,32.77479153184815,490
ST4,2020-07-01,39.91539320192479,742
ST4,2020-08-01,40.50419532952763,742
ST4,2020-09-01,46.190947821237614,718
ST4,2020-10-01,38.590207744596704,742
ST4,2020-11-01,45.55702104783301,716
ST4,2020-12-01,45.72306226900147,743
ST4,2021-01-01,45.05260666392906,743
ST4,2021-02-01,38.35946349930879,654
ST4,2021-03-01,46.38000115970159,743
ST4,2021-04-01,47.81510862129068,719
ST4,2021-05-01,40.489461784554805,743
ST4,2021-06-01,40.79042294894578,715
ST4,2021-07-01,40.58795678215612,735
ST4,2021-08-01,33.643061089039975,744
ST4,2021-09-01,44.26595921000185,718
ST4,2021-10-01,43.70178170945699,743
ST4,2021-11-01,55.05061660404048,713
ST4,2021-12-01,42.59513772904351,744
ST4,2022-01-01,59.363862085525106,744
ST4,2022-02-01,37.7178449316865,671
ST4,2022-03-01,48.059077063297075,744
ST4,2022-04-01,44.14904496751144,719
ST4,2022-05-01,42.439756293001125,742
ST4,2022-06-01,37.6866979341115,705
ST4,2022-07-01,44.35837747167883,568
ST4,2022-08-01,25.279676678961007,71
ST4,2022-09-01,49.99065218897091,718
ST4,2022-10-01,37.74726660936406,740
ST4,2022-11-01,38.21579957987903,713
ST4,2022-12-01,46.96374213775079,742
ST4,2023-01-01,50.57281701446394,740
ST4,2023-02-01,51.468478151769396,659
ST4,2023-03-01,41.76990842768543,740
ST4,2023-04-01,46.02175681207839,718
ST4,2023-05-01,43.53998549128477,731
ST4,2023-06-01,42.35336971891129,678
ST4,2023-07-01,39.08646647961109,742
ST4,2023-08-01,51.136607210254695,742
ST4,2023-09-01,49.24614486334275,718
ST4,2023-10-01,45.71435839372373,740
ST4,2023-11-01,44.67610499699063,717
ST4,2023-12-01,31.909813189770794,741
ST4,2024-01-01,37.31801821488498,737
ST4,2024-02-01,31.79533681115409,692
ST4,2024-03-01,36.608262444352484,743
ST4,2024-04-01,33.614400257721776,718
ST4,2024-05-01,37.102813129907645,552
ST4,2024-06-01,35.398751162636685,348
ST5,2016-01-01,43.313065195531884,743
ST5,2016-02-01,41.427826353329124,690
ST5,2016-03-01,36.29715905780747,743
ST5,2016-04-01,33.4845060844725,716
ST5,2016-05-01,28.658605699287893,742
ST5,2016-06-01,28.87179460914514,718
ST5,2016-07-01,25.66516897161756,740
ST5,2016-08-01,28.496455157133376,741
ST5,2016-09-01,41.58541863984023,718
ST5,2016-10-01,33.42438329612347,251
ST5,2016-11-01,45.78897538558338,309
ST5,2016-12-01,51.2159866443023,738
ST5,2017-01-01,52.28200660417443,741
ST5,2017-02-01,32.59401435749,671
ST5,2017-03-01,29.711998009517036,741
ST5,2017-04-01,29.754199615378866,716
ST5,2017-05-01,25.13586866916187,743
ST5,2017-06-01,22.847889443966057,667
ST5,2017-07-01,23.99790114439561,739
ST5,2017-08-01,26.46460491086477,738
ST5,2017-09-01,30.521417636397146,654
ST5,2017-10-01,30.081579929931518,743
ST5,2017-11-01,41.51064022623141,685
ST5,2017-12-01,35.75270590360701,741
ST5,2018-01-01,24.9636429976131,742
ST5,2018-02-01,27.552176524581547,670
ST5,2018-03-01,26.81409610074424,742
ST5,2018-04-01,24.290094920255896,604
ST5,2018-05-01,27.580588892811523,739
ST5,2018-06-01,19.25292491991393,697
ST5,2018-07-01,29.1780329781215,742
ST5,2018-08-01,27.56217618411741,741
ST5,2018-09-01,29.795683294768814,717
ST5,2018-10-01,36.22794659457709,742
ST5,2018-11-01,37.90028637261045,570
ST5,2018-12-01,33.50060854277115,742
ST5,2019-01-01,41.56654746051475,721
ST5,2019-02-01,47.83954188991155,671
ST5,2019-03-01,27.555994651996315,742
ST5,2019-04-01,34.1025525769239,719
ST5,2019-05-01,25.921350367164003,742
ST5,2019-06-01,22.853228589124637,714
ST5,2019-07-01,18.512258384800358,732
ST5,2019-08-01,21.197199052513554,613
ST5,2019-09-01,23.885000327664514,718
ST5,2019-10-01,25.463438694567213,731
ST5,2019-11-01,33.80243409302273,716
ST5,2019-12-01,30.376073505961376,719
ST5,2020-01-01,30.225391738462598,741
ST5,2020-02-01,20.78968405732945,696
ST5,2020-03-01,19.948906043491373,742
ST5,2020-04-01,20.803079221284698,719
ST5,2020-05-01,13.999780522023077,741
ST5,2020-06-01,18.053886482584975,692
ST5,2020-07-01,15.979210067211291,743
ST5,2020-08-01,18.64730627249947,742
ST5,2020-09-01,24.77769546622997,717
ST5,2020-10-01,25.058899549242554,742
ST5,2020-11-01,32.13482072558465,716
ST5,2020-12-01,32.60717151283595,743
ST5,2021-01-01,24.010782893320773,743
ST5,2021-02-01,22.838283450247857,669
ST5,2021-03-01,21.81601586218844,743
ST5,2021-04-01,18.981901251592475,718
ST5,2021-05-01,16.418324493623427,742
ST5,2021-06-01,13.191461090233455,652
ST5,2021-07-01,18.984383143139443,743
ST5,2021-08-01,16.269434156246174,742
ST5,2021-09-01,24.796669589080796,719
ST5,2021-10-01,29.39858772491645,743
ST5,2021-11-01,28.687470254656606,717
ST5,2021-12-01,26.345694099760912,742
ST5,2022-01-01,35.59438442946433,741
ST5,2022-02-01,21.382108964002196,670
ST5,2022-03-01,27.630727271970855,743
ST5,2022-04-01,19.269957294622515,718
ST5,2022-05-01,19.36523806115675,741
ST5,2022-06-01,21.300940160525794,718
ST5,2022-07-01,17.544251165341997,729
ST5,2022-08-01,19.040650920230167,726
ST5,2022-09-01,24.10940897920095,719
ST5,2022-10-01,24.733720830952894,743
ST5,2022-11-01,28.46132047865062,718
ST5,2022-12-01,33.17658968375087,742
ST5,2023-01-01,31.024263391583617,738
ST5,2023-02-01,28.623811653782038,666
ST5,2023-03-01,21.437751014401755,743
ST5,2023-04-01,19.01312734521324,719
ST5,2023-05-01,13.671753480867435,741
ST5,2023-06-01,16.0272911090718,648
ST5,2023-07-01,15.977721821549707,744
ST5,2023-08-01,15.512248275802309,743
ST5,2023-09-01,20.198407665974344,718
ST5,2023-10-01,22.592695433885293,739
ST5,2023-11-01,23.32436006960165,719
ST5,2023-12-01,18.61110794106947,743
ST5,2024-01-01,22.61717200881885,731
ST5,2024-02-01,20.126148660629024,691
ST5,2024-03-01,20.812623302032865,730
ST5,2024-04-01,15.321020494678553,717
ST5,2024-05-01,15.864154878717036,743
ST5,2024-06-01,12.050466389120931,347
ST6,2016-01-01,62.76129110539227,742
ST6,2016-02-01,56.95543008034961,689
ST6,2016-03-01,56.82988028668504,741
ST6,2016-04-01,52.982967780102335,717
ST6,2016-05-01,53.036082020865805,741
ST6,2016-06-01,51.33377962035457,718
ST6,2016-07-01,46.05424355812659,741
ST6,2016-08-01,49.080073866639076,726
ST6,2016-09-01,63.88939426310719,717
ST6,2016-10-01,56.643996735628434,737
ST6,2016-11-01,64.00154363357245,716
ST6,2016-12-01,69.70310063954702,740
ST6,2017-01-01,75.27979992980603,741
ST6,2017-02-01,48.45107104597389,669
ST6,2017-03-01,49.125280993494485,742
ST6,2017-04-01,48.42457824265908,718
ST6,2017-05-01,44.59105604690003,742
ST6,2017-06-01,43.71252641891637,710
ST6,2017-07-01,43.26037554275212,742
ST6,2017-08-01,46.18234731610952,741
ST6,2017-09-01,56.90466099906584,718
ST6,2017-10-01,51.58844436863285,743
ST6,2017-11-01,65.02695551114846,711
ST6,2017-12-01,55.563836344090646,741
ST6,2018-01-01,50.15671789633899,742
ST6,2018-02-01,55.40266898412812,669
ST6,2018-03-01,56.49170799686469,742
ST6,2018-04-01,52.20940482206502,719
ST6,2018-05-01,47.83006940022038,738
ST6,2018-06-01,37.00509980438501,711
ST6,2018-07-01,51.11839205711055,742
ST6,2018-08-01,47.64878630727394,741
ST6,2018-09-01,53.50037589581062,718
ST6,2018-10-01,58.07468641310612,741
ST6,2018-11-01,59.468100896293066,715
ST6,2018-12-01,55.32343907237577,742
ST6,2019-01-01,61.44838907405372,702
ST6,2019-02-01,67.36206269048786,670
ST6,2019-03-01,45.05964965527074,742
ST6,2019-04-01,50.90560402427146,718
ST6,2019-05-01,50.448521886334596,742
ST6,2019-06-01,43.68379192105564,713
ST6,2019-07-01,46.32963548277474,742
ST6,2019-08-01,47.37035294924125,723
ST6,2019-09-01,40.204912954945286,718
ST6,2019-10-01,47.846367333661505,740
ST6,2019-11-01,58.02665003363027,714
ST6,2019-12-01,55.407747639311516,721
ST6,2020-01-01,52.93233977807664,741
ST6,2020-02-01,38.232999920150554,694
ST6,2020-03-01,35.76534622556286,743
ST6,2020-04-01,33.953457019589074,720
ST6,2020-05-01,24.55642868184436,739
ST6,2020-06-01,31.570800668732506,689
ST6,2020-07-01,32.56628023979214,743
ST6,2020-08-01,39.40089963287248,742
ST6,2020-09-01,44.23296842358601,717
ST6,2020-10-01,45.56094577349408,741
ST6,2020-11-01,54.20928696005747,710
ST6,2021-01-01,47.089802843248286,287
ST6,2021-02-01,45.48422257833639,671
ST6,2021-03-01,46.458475958822454,743
ST6,2021-04-01,39.37204256161881,718
ST6,2021-05-01,43.867858857945784,742
ST6,2021-06-01,37.86589213250604,714
ST6,2021-07-01,37.06618819154883,743
ST6,2021-08-01,33.426774881572996,743
ST6,2021-09-01,49.270181081062624,719
ST6,2021-10-01,48.987625513601806,743
ST6,2021-11-01,49.98332990635016,717
ST6,2021-12-01,43.33423384504947,744
ST6,2022-01-01,56.11205094917992,743
ST6,2022-02-01,35.89817726352336,671
ST6,2022-03-01,45.45018470446476,742
ST6,2022-04-01,32.78430514622165,718
ST6,2022-05-01,36.07647194478768,739
ST6,2022-06-01,33.13414619240516,698
ST6,2022-07-01,37.37403556101335,742
ST6,2022-08-01,33.6575393679843,584
ST6,2022-09-01,38.45748074762994,718
ST6,2022-10-01,41.29379452153953,743
ST6,2022-11-01,39.876916723350035,701
ST6,2022-12-01,46.192874500104686,639
ST6,2023-01-01,42.44389087259493,741
ST6,2023-02-01,40.963916931025,667
ST6,2023-03-01,31.09711848422265,742
ST6,2023-04-01,31.39838526394938,718
ST6,2023-05-01,20.48147405677945,742
ST6,2023-06-01,25.740480806221623,716
ST6,2023-07-01,21.737951459401387,740
ST6,2023-08-01,25.594806601869756,742
ST6,2023-09-01,35.73349210166797,718
ST6,2023-10-01,34.925041353362424,741
ST6,2023-11-01,33.37391684130578,718
ST6,2023-12-01,26.86938653698118,742
ST6,2024-01-01,32.17518165875106,739
ST6,2024-02-01,28.25932308886253,693
ST6,2024-03-01,29.349563912157713,742
ST6,2024-04-01,20.762948502354337,715
ST6,2024-05-01,27.171183848608194,742
ST6,2024-06-01,21.17840249503064,460
ST8,2016-01-01,31.008611953733464,744
ST8,2016-02-01,33.01546884729121,605
ST8,2016-03-01,33.50261589626115,738
ST8,2016-04-01,26.719497722156742,717
ST8,2016-05-01,29.862661935644706,640
ST8,2016-06-01,23.386251333073442,708
ST8,2016-07-01,17.71142665363637,730
ST8,2016-08-01,23.91316247279828,713
ST8,2016-09-01,28.193294268449517,719
ST8,2016-10-01,37.023861842748346,714
ST8,2016-11-01,39.26321713000919,716
ST8,2016-12-01,39.24927733683452,740
ST8,2017-01-01,45.29882071040752,741
ST8,2017-02-01,23.826169283013456,550
ST8,2017-03-01,22.27039381346799,736
ST8,2017-04-01,26.1279311819901,661
ST8,2017-05-01,18.03382810140332,676
ST8,2017-06-01,15.753028200468338,622
ST8,2017-07-01,18.37650044187268,697
ST8,2017-08-01,19.99109334606278,732
ST8,2017-09-01,22.450863742306968,718
ST8,2017-10-01,20.615632756214975,726
ST8,2017-11-01,34.10136671721034,716
ST8,2017-12-01,29.088990284999092,740
ST8,2018-01-01,24.070405789301574,741
ST8,2018-02-01,31.55727637618566,670
ST8,2018-03-01,29.562662276195958,740
ST8,2018-04-01,23.04457711114499,715
ST8,2018-05-01,24.78628225441973,646
ST8,2018-06-01,17.50628147765211,719
ST8,2018-07-01,22.60064728731315,602
ST8,2018-08-01,18.54065836123359,682
ST8,2018-09-01,22.416940679985682,716
ST8,2018-10-01,29.707387303243046,742
ST8,2018-11-01,31.61555292401904,715
ST8,2018-12-01,26.518526450142435,741
ST8,2019-01-01,39.139997278397395,742
ST8,2019-02-01,32.43479270108912,669
ST8,2019-03-01,23.768235782335044,740
ST8,2019-04-01,29.727026341145354,686
ST8,2019-05-01,22.750457095017573,742
ST8,2019-06-01,16.504041931880423,693
ST8,2019-07-01,17.059965013451173,591
ST8,2019-08-01,16.6719830123112,725
ST8,2019-09-01,18.714224297906082,644
ST8,2019-10-01,23.25859083010316,737
ST8,2019-11-01,33.46955224727366,714
ST8,2019-12-01,25.477315517974656,743
ST8,2020-01-01,23.40888316121886,742
ST8,2020-02-01,15.5215582262834,694
ST8,2020-03-01,19.189770598362983,740
ST8,2020-04-01,22.780608726844797,707
ST8,2020-05-01,15.272258935305798,740
ST8,2020-06-01,14.79605021555298,718
ST8,2020-07-01,12.659586304718816,527
ST9,2020-11-01,30.63572942257442,490
ST9,2020-12-01,29.243963905183605,633
ST9,2021-01-01,26.338211312904782,741
ST9,2021-02-01,27.050033417105467,670
ST9,2021-03-01,29.52719635133668,690
ST9,2021-04-01,27.761342128089396,659
ST9,2021-05-01,20.50339514183373,727
ST9,2021-06-01,22.24047223127937,106
ST9,2021-07-01,19.620164144438377,526
ST9,2021-08-01,16.58844786845633,742
ST9,2021-09-01,25.193338519912864,719
ST9,2021-10-01,23.928829673515576,744
ST9,2021-11-01,28.161844265675064,718
ST9,2021-12-01,22.402478719801252,743
ST9,2022-01-01,33.87867376625645,645
ST9,2022-02-01,16.846030082266722,671
ST9,2022-03-01,29.28307566010528,743
ST9,2022-04-01,21.283690926417844,719
ST9,2022-05-01,16.267167958240236,739
ST9,2022-06-01,16.04853042468954,718
ST9,2022-07-01,15.340856688140029,741
ST9,2022-08-01,19.767807244228493,743
ST9,2022-09-01,24.239734450705214,718
ST9,2022-10-01,23.02254434546614,742
ST9,2022-11-01,24.079533512261058,717
ST9,2022-12-01,32.133809197466555,742
ST9,2023-01-01,27.529566676824928,742
ST9,2023-02-01,28.436130476370884,663
ST9,2023-03-01,20.610874976741698,740
ST9,2023-04-01,20.93047811857699,720
ST9,2023-05-01,16.608498207136833,742
ST9,2023-06-01,18.21970597740893,717
ST9,2023-07-01,13.358782705782277,743
ST9,2023-08-01,13.722989390675878,743
ST9,2023-09-01,20.145238510469085,713
ST9,2023-10-01,21.5899600448041,718
ST9,2023-11-01,21.925898432780574,717
ST9,2023-12-01,15.761136295168502,740
ST9,2024-01-01,22.986844580776655,742
ST9,2024-02-01,16.706923310479837,691
ST9,2024-03-01,18.71648940235302,741
ST9,2024-04-01,13.64386821736886,717
ST9,2024-05-01,17.374207787977625,744
ST9,2024-06-01,13.611440494061886,486
TH2,2016-02-01,50.82459844362369,653
TH2,2016-03-01,52.91375381134598,743
TH2,2016-04-01,50.54510674046685,700
TH2,2016-05-01,53.29319640732026,600
TH2,2016-06-01,44.191538630651465,678
TH2,2016-07-01,41.5719791767298,706
TH2,2016-08-01,41.60372249154708,716
TH2,2016-09-01,45.53700439774024,693
TH2,2016-10-01,60.310684820504655,739
TH2,2016-11-01,62.330216723822666,682
TH2,2016-12-01,63.714661168307245,743
TH2,2017-01-01,69.50962182772729,738
TH2,2017-02-01,49.04544344602683,665
TH2,2017-03-01,47.79964168165883,742
TH2,2017-04-01,53.809186717861884,718
TH2,2017-05-01,44.72911824423804,741
TH2,2017-06-01,40.58737767788841,703
TH2,2017-07-01,34.53059287544753,743
TH2,2017-08-01,43.029420082110605,739
TH2,2017-09-01,44.79414017820684,719
TH2,2017-10-01,44.23242519184721,743
TH2,2017-11-01,55.71755846981496,710
TH2,2017-12-01,53.39463733016652,743
TH2,2018-01-01,47.3019430275231,725
TH2,2018-02-01,53.99295451893474,670
TH2,2018-03-01,44.82169224277385,741
TH2,2018-04-01,37.03709990605713,718
TH2,2018-05-01,49.69794958552741,741
TH2,2018-06-01,45.082869339241036,593
TH2,2018-07-01,46.88051949591944,740
TH2,2018-08-01,40.153144014606646,741
TH2,2018-09-01,48.117636858582536,716
TH2,2018-10-01,53.34665581918428,716
TH2,2018-11-01,48.74620131567083,635
TH2,2018-12-01,48.75991672854285,683
TH2,2019-01-01,60.307754581061516,741
TH2,2019-02-01,48.481375946602355,667
TH2,2019-03-01,37.090663441037734,742
TH2,2019-04-01,40.93248635448336,712
TH2,2019-05-01,33.7106125987669,741
TH2,2019-06-01,24.543558713359843,715
TH2,2019-07-01,26.743433124784417,739
TH2,2019-08-01,21.71698705670376,740
TH2,2019-09-01,26.326253171292876,717
TH2,2019-10-01,30.45994662613147,743
TH2,2019-11-01,38.318343792376844,719
TH2,2019-12-01,34.02763747434068,742
TH2,2020-01-01,31.501421400753053,736
TH2,2020-02-01,26.986683263333614,693
TH2,2020-03-01,26.82678195613965,743
TH2,2020-04-01,25.669208944230817,719
TH2,2020-05-01,20.29428745778977,741
TH2,2020-06-01,19.256976485975514,717
TH2,2020-07-01,20.955296101960784,740
TH2,2020-08-01,24.306226837237237,740
TH2,2020-09-01,27.648108029644213,717
TH2,2020-10-01,24.537892743653437,742
TH2,2020-11-01,28.73643247518254,717
TH2,2020-12-01,27.641618223390655,716
TH2,2021-01-01,33.734831331266776,739
TH2,2021-02-01,29.368600581217787,669
TH2,2021-03-01,37.5521804420505,738
TH2,2021-04-01,38.16326152885387,716
TH2,2021-05-01,25.065330126343795,742
TH2,2021-06-01,26.924906581302263,716
TH2,2021-07-01,23.258224370955624,738
TH2,2021-08-01,20.163336222326596,741
TH2,2021-09-01,31.111253565853502,714
TH2,2021-10-01,29.231645591432716,670
TH2,2021-11-01,38.15554767737644,717
TH2,2021-12-01,28.239464438416086,742
TH2,2022-01-01,32.15838661320347,723
TH2,2022-02-01,18.06109745127436,667
TH2,2022-03-01,29.46912601626016,738
TH2,2022-04-01,22.64767787114846,714
TH2,2022-05-01,17.48492179700499,601
TH2,2022-06-01,14.379686882933708,709
TH2,2022-07-01,15.281048010973935,729
TH2,2022-08-01,19.21702294197031,741
TH2,2022-09-01,22.083276150627615,717
TH2,2022-10-01,21.421734922861148,713
TH2,2022-11-01,21.702608089260806,717
TH2,2022-12-01,33.52527499999999,600
TH2,2023-01-01,26.26133694181326,739
TH2,2023-02-01,30.483144560357673,671
TH2,2023-03-01,19.89303427719821,671
TH2,2023-04-01,24.07720391061452,716
TH2,2023-05-01,21.236102702702702,740
TH2,2023-06-01,20.541862745098037,714
TH2,2023-07-01,14.11055909090909,660
TH2,2023-08-01,15.90849324324324,740
TH2,2023-09-01,23.64730014025245,713
TH2,2023-10-01,23.52435820895522,737
TH2,2023-11-01,26.331169680111262,719
TH2,2023-12-01,19.249758434547907,741
TH2,2024-01-01,23.014051034482755,725
TH2,2024-02-01,17.19665312046444,689
TH2,2024-03-01,18.002390939597316,596
TH2,2024-04-01,15.953774709302323,688
TH2,2024-05-01,21.079478932584266,712
TH2,2024-06-01,15.788889972144846,718
TH2,2024-07-01,17.539522267206475,741
TH2,2024-08-01,15.474703601108033,722
TH2,2024-09-01,22.661173295454542,704
TH2,2024-10-01,23.713224043715844,732
TH2,2024-11-01,30.586821276595742,705
TH2,2024-12-01,20.70160108548168,737
TH4,2016-01-01,66.75210512016979,742
TH4,2016-02-01,64.71363570559399,601
TH4,2016-03-01,61.871658533442556,537
TH4,2016-04-01,50.12900123506067,275
TH4,2016-05-01,54.135593669200624,737
TH4,2016-06-01,50.13664635459453,463
TH4,2016-07-01,52.58663628805787,741
TH4,2016-08-01,52.64249202817937,742
TH4,2016-09-01,57.08091787969045,713
TH4,2016-10-01,56.82355057394655,734
TH4,2016-11-01,65.84812127940081,717
TH4,2016-12-01,68.00876082843837,742
TH4,2017-01-01,71.96787808820055,742
TH4,2017-02-01,56.74152218608565,670
TH4,2017-03-01,54.150384104975295,733
TH4,2017-04-01,61.19013805927596,717
TH4,2017-05-01,49.21607729466253,742
TH4,2017-06-01,47.74807901162491,672
TH4,2017-07-01,45.36871597327485,716
TH4,2017-08-01,50.81467187857259,743
TH4,2017-09-01,48.93573639158742,516
TH4,2017-10-01,54.670664803013835,743
TH4,2017-11-01,68.1022944849287,719
TH4,2017-12-01,60.54084601815655,744
TH4,2018-01-01,49.94213693814764,743
TH4,2018-02-01,54.94124789265635,660
TH4,2018-03-01,56.43514203625115,744
TH4,2018-04-01,52.73133352924625,711
TH4,2018-05-01,51.81079161474849,742
TH4,2018-06-01,37.28211835956342,716
TH4,2018-07-01,48.89047783008552,743
TH4,2018-08-01,46.217539441883666,743
TH4,2018-09-01,52.619936581066504,719
TH4,2018-10-01,55.99100198733465,727
TH4,2018-11-01,49.24380126791329,718
TH4,2018-12-01,51.37771742051923,720
TH4,2019-01-01,60.483085511563985,738
TH4,2019-02-01,60.10225838280271,670
TH4,2019-03-01,42.269129300436084,647
TH4,2019-04-01,41.947941504240966,720
TH4,2019-05-01,47.01727914287916,741
TH4,2019-06-01,40.61765118813847,715
TH4,2019-07-01,42.97233454972285,744
TH4,2019-08-01,41.81302784857732,744
TH4,2019-09-01,41.7845570782898,720
TH4,2019-10-01,47.20452215791402,744
TH4,2019-11-01,52.510532330105065,719
TH4,2019-12-01,49.63225987530783,740
TH4,2020-01-01,50.49309916615782,744
TH4,2020-02-01,40.84262458109116,696
TH4,2020-03-01,35.020000374319466,717
TH4,2020-04-01,30.986192833725944,717
TH4,2020-05-01,29.16101162974733,743
TH4,2020-06-01,31.864437130018437,717
TH4,2020-07-01,34.79449669373022,741
TH4,2020-08-01,37.82341812696101,743
TH4,2020-09-01,40.94049539477118,719
TH4,2020-10-01,41.237214962934246,735
TH4,2020-11-01,45.7842978587341,700
TH4,2020-12-01,44.863568030697834,740
TH4,2021-01-01,40.896739777672074,742
TH4,2021-02-01,39.77264394646747,672
TH4,2021-03-01,43.22787846670199,740
TH4,2021-04-01,35.9077444820453,719
TH4,2021-05-01,35.65373912742983,742
TH4,2021-06-01,33.83834463190961,645
TH4,2021-07-01,32.476090411007164,742
TH4,2021-08-01,29.08452934985451,739
TH4,2021-09-01,38.67055400804704,718
TH4,2021-10-01,40.046103150098084,743
TH4,2021-11-01,43.36830001784858,720
TH4,2021-12-01,35.511477053563105,742
TH4,2022-01-01,50.39985191993463,512
TH4,2022-06-01,29.948161430619333,538
TH4,2022-07-01,29.308972700721633,740
TH4,2022-08-01,28.759624272295436,732
TH4,2022-09-01,36.39500145243282,720
TH4,2022-10-01,37.25023615040373,744
TH4,2022-11-01,37.87911282853903,715
TH4,2022-12-01,42.72490388259183,743
TH4,2023-01-01,39.06926762056174,740
TH4,2023-02-01,39.80904430873988,662
TH4,2023-03-01,30.083926967050335,678
TH4,2023-04-01,26.35148075526507,720
TH4,2023-05-01,22.71421316017041,741
TH4,2023-06-01,21.548739288307914,720
TH4,2023-07-01,25.896509450627097,740
TH4,2023-08-01,28.22237740050493,743
TH4,2023-09-01,32.46532208392957,718
TH4,2023-10-01,32.88207375720329,737
TH4,2023-11-01,36.55463306220577,715
TH4,2023-12-01,30.523974327641866,743
TH4,2024-01-01,36.04516010718249,742
TH4,2024-02-01,35.09863635056789,694
TH4,2024-03-01,35.230800155736766,743
TH4,2024-04-01,29.941750717060824,718
TH4,2024-05-01,30.358968621328476,743
TH4,2024-06-01,25.120353005749806,715
TH4,2024-07-01,24.359511798027775,743
TH4,2024-08-01,22.20435704236915,742
TH4,2024-09-01,25.547530851425854,716
TH4,2024-10-01,33.94189382875993,741
TH4,2024-11-01,36.56198820648854,717
TH4,2024-12-01,29.062709480894245,742
TK1,2016-01-01,32.31533685320947,743
TK1,2016-02-01,32.08495858933774,664
TK1,2016-03-01,29.14158555263111,742
TK1,2016-04-01,28.59431105285196,718
TK1,2016-05-01,23.19015367334355,742
TK1,2016-06-01,19.528767934658752,717
TK1,2016-07-01,21.570712040589818,742
TK1,2016-08-01,21.9759681367578,710
TK1,2016-09-01,23.747096227819252,717
TK1,2016-10-01,27.945995686490573,726
TK1,2016-11-01,35.73060560862708,717
TK1,2016-12-01,38.703717143826175,740
TK1,2017-01-01,43.51527280971859,743
TK1,2017-02-01,29.001900539609476,639
TK1,2017-03-01,28.235850934376263,742
TK1,2017-04-01,27.21150575673166,718
TK1,2017-05-01,21.530223149727814,742
TK1,2017-06-01,19.659929489613486,718
TK1,2017-07-01,17.423037804564448,732
TK1,2017-08-01,22.59753882791824,691
TK1,2017-09-01,25.306308707782215,633
TK1,2017-10-01,28.02472683928634,740
TK1,2017-11-01,38.552613533599136,718
TK1,2017-12-01,35.95782049842555,741
TK1,2018-01-01,28.580862114048315,741
TK1,2018-02-01,28.85550713563358,645
TK1,2018-03-01,29.938621302987197,703
TK1,2018-04-01,23.299150609791173,718
TK1,2018-05-01,24.386327592611533,690
TK1,2018-06-01,16.71001911074699,718
TK1,2018-07-01,22.239111413597957,656
TK1,2018-08-01,20.96630853025338,730
TK1,2018-09-01,22.28404569555195,689
TK1,2018-10-01,27.19947658006756,741
TK1,2018-11-01,25.100870332332004,718
TK1,2018-12-01,27.206920381987874,743
TK1,2019-01-01,36.23822921832884,742
TK1,2019-02-01,26.9697206132879,587
TK1,2019-03-01,23.634372191011234,712
TK1,2019-04-01,23.13231456653376,718
TK1,2019-05-01,19.464636915739266,740
TK1,2019-06-01,15.614455592244738,714
TK1,2019-07-01,17.91371455150697,741
TK1,2019-08-01,18.342633915503978,735
TK1,2019-09-01,21.23587978061949,690
TK1,2019-10-01,22.535636763956145,741
TK1,2019-11-01,29.313719377136923,718
TK1,2019-12-01,26.162272171974347,737
TK1,2020-01-01,26.817814321300844,742
TK1,2020-02-01,21.927759235527542,672
TK1,2020-03-01,19.503132043361294,741
TK1,2020-04-01,18.043159469040727,718
TK1,2020-05-01,14.828192073386079,741
TK1,2020-06-01,14.004767033153751,717
TK1,2020-07-01,14.572202725022711,741
TK1,2020-08-01,15.040421928503648,737
TK1,2020-09-01,20.721647990956072,688
TK1,2020-10-01,18.677878542024377,740
TK1,2020-11-01,25.383618309880813,714
TK1,2020-12-01,22.16294869978703,712
TK1,2021-01-01,25.782414179729752,742
TK1,2021-02-01,19.82433034550653,640
TK1,2021-03-01,24.250571346899836,740
TK1,2021-04-01,20.924178979301317,719
TK1,2021-05-01,16.819674140975906,743
TK1,2021-06-01,15.68772642402756,719
TK1,2021-07-01,16.05178955954323,613
TK1,2021-08-01,13.826262937062936,715
TK1,2021-09-01,20.78875833333333,720
TK1,2021-10-01,20.620535040431264,742
TK1,2021-11-01,28.33655726256983,716
TK1,2021-12-01,23.2548935309973,742
TK1,2022-01-01,32.00113495276653,741
TK1,2022-02-01,20.269056631892695,671
TK1,2022-03-01,25.81701117318436,716
TK1,2022-04-01,19.562756606397773,719
TK1,2022-05-01,18.767680592991912,742
TK1,2022-06-01,16.297323488045006,711
TK1,2022-07-01,14.615495276653169,741
TK1,2022-08-01,16.129215384615385,715
TK1,2022-09-01,19.731165722379604,706
TK1,2022-10-01,19.784159946236556,744
TK1,2022-11-01,20.342298050139274,718
TK1,2022-12-01,26.998608344549123,743
TK1,2023-01-01,25.435948787061992,742
TK1,2023-02-01,27.396506976744185,645
TK1,2023-03-01,16.708905913978494,744
TK1,2023-04-01,17.204079276773292,719
TK1,2023-05-01,15.621367208672085,738
TK1,2023-06-01,16.25492350486787,719
TK1,2023-07-01,15.977834912043301,739
TK1,2023-08-01,16.303030913978493,744
TK1,2023-09-01,18.406934971098263,692
TK1,2023-10-01,18.73942297297297,740
TK1,2023-11-01,23.654023611111107,720
TK1,2023-12-01,18.814272237196764,742
TK1,2024-01-01,20.384016238159674,739
TK1,2024-02-01,18.899292974588935,669
TK1,2024-03-01,17.1730564516129,744
TK1,2024-04-01,13.265215277777777,720
TK1,2024-05-01,16.47715612382234,743
TK1,2024-06-01,16.136445062586926,719
TK1,2024-07-01,13.916524752475246,707
TK1,2024-08-01,15.116248990578734,743
TK1,2024-09-01,16.88626993006993,715
TK1,2024-10-01,21.435245283018865,742
TK1,2024-11-01,26.26856624319419,551
TK1,2024-12-01,19.032391655450873,743
TK8,2016-01-01,60.32197449670621,692
TK8,2016-03-01,58.830974919274276,677
TK8,2016-04-01,58.528167409251715,717
TK8,2016-05-01,51.24455691016601,716
TK8,2016-06-01,48.08757081976683,719
TK8,2016-07-01,43.89969778199326,742
TK8,2016-08-01,46.05785427082609,741
TK8,2016-09-01,52.94068293323009,713
TK8,2016-10-01,56.42196980158192,709
TK8,2016-11-01,64.93435511589384,713
TK8,2016-12-01,63.970317990414415,741
TK8,2017-01-01,70.45312538447209,742
TK8,2017-02-01,53.42589742626416,669
TK8,2017-03-01,55.137937693493264,714
TK8,2017-04-01,54.41928818671051,719
TK8,2017-05-01,48.44391673288588,739
TK8,2017-06-01,44.01258528269991,718
TK8,2017-07-01,40.5031952053229,733
TK8,2017-08-01,45.78452168423568,715
TK8,2017-09-01,49.067174272886824,716
TK8,2017-10-01,49.36677888408041,716
TK8,2017-11-01,62.65213940425535,714
TK8,2017-12-01,51.03510003369516,683
TK8,2018-01-01,50.245315201504,740
TK8,2018-02-01,59.7873954757435,666
TK8,2018-03-01,63.61148332937696,677
TK8,2018-04-01,52.76470705877622,716
TK8,2018-05-01,54.421434579645556,742
TK8,2018-06-01,42.17486301678274,717
TK8,2018-07-01,49.03654980306287,743
TK8,2018-08-01,43.90947911532043,617
TK8,2018-09-01,48.2617324709698,717
TK8,2018-10-01,52.07692641065513,740
TK8,2018-11-01,53.01435949791276,718
TK8,2018-12-01,48.99904383329938,679
TK8,2019-01-01,59.53660365915477,741
TK8,2019-02-01,58.05186231724296,669
TK8,2019-03-01,47.5707272797429,739
TK8,2019-04-01,51.7250844283108,667
TK8,2019-05-01,46.1592892332719,645
TK8,2019-06-01,38.81557555796207,717
TK8,2019-07-01,42.05653748611295,737
TK8,2019-08-01,41.24556256268195,741
TK8,2019-09-01,39.742889561509735,716
TK8,2019-10-01,47.81693306637698,542
TK8,2019-11-01,52.41151177135451,713
TK8,2019-12-01,47.1250615779396,708
TK8,2020-01-01,48.05937472254768,691
TK8,2020-02-01,37.70643541478701,677
TK8,2020-03-01,37.854486215751606,552
TK8,2020-04-01,38.78072987447537,677
TK8,2020-05-01,30.375592082003344,687
TK8,2020-06-01,33.58770655352273,697
TK8,2020-07-01,34.17520267375467,662
TK8,2020-08-01,34.72080374335211,685
TK8,2020-09-01,47.112043706076676,706
TK8,2020-10-01,44.612529510352864,741
TK8,2020-11-01,56.5276617468956,686
TK8,2020-12-01,52.938127145553096,729
TK8,2021-01-01,44.35240219719055,741
TK8,2021-02-01,46.43917248772828,619
TK8,2021-03-01,51.55305329845046,419
TK8,2021-04-01,44.588617654972076,704
TK8,2021-05-01,38.3679518767134,730
TK8,2021-06-01,36.706312429317066,671
TK8,2021-07-01,33.50887906241635,673
TK8,2021-08-01,28.567024964296106,690
TK8,2021-09-01,43.29041355496847,668
TK8,2021-10-01,43.95540238205014,405
TK8,2021-11-01,51.79935183296161,635
TK8,2021-12-01,44.152465576844264,741
TK8,2022-01-01,54.19464231454485,725
TK8,2022-02-01,36.218399532707984,591
TK8,2022-03-01,46.35266359228137,729
TK8,2022-04-01,35.16680175096389,693
TK8,2022-05-01,34.69716974853493,719
TK8,2022-06-01,34.53692884121214,682
TK8,2022-07-01,32.44241576994107,739
TK8,2022-08-01,33.46468443403436,741
TK8,2022-09-01,39.73300575581002,703
TK8,2022-10-01,40.93758404730554,608
TK8,2022-11-01,40.56792422556117,707
TK8,2022-12-01,41.57339230589177,732
TK8,2023-01-01,37.60666571092835,743
TK8,2023-02-01,42.1568384573955,672
TK8,2023-03-01,33.72960185371883,742
TK8,2023-04-01,33.53303618423452,720
TK8,2023-05-01,29.72481438480165,740
TK8,2023-06-01,34.009876811447164,720
TK8,2023-07-01,32.43329360808211,743
TK8,2023-08-01,30.01908062903967,742
TK8,2023-09-01,40.30988519339588,686
TK8,2023-10-01,39.10850697908361,702
TK8,2023-11-01,40.442122653690454,720
TK8,2023-12-01,32.582092975034755,741
TK8,2024-01-01,47.17536859221565,715
TK8,2024-02-01,37.22919045448614,696
TK8,2024-03-01,35.448539053556544,604
TK8,2024-04-01,25.917986803140746,716
TK8,2024-05-01,34.8613891461039,744
TK8,2024-06-01,32.284378709693506,720
TK8,2024-07-01,32.199687887382304,744
TK8,2024-08-01,25.384730279853905,740
TK8,2024-09-01,24.856172845386446,720
TK8,2024-10-01,29.588264329974425,743
TK8,2024-11-01,31.144224095824793,557
TK8,2024-12-01,19.521360197227857,286
TL4,2020-12-01,34.95148156449166,659
TL4,2021-01-01,37.16484430553218,740
TL4,2021-02-01,33.67677432198033,353
TL4,2021-03-01,38.08686094111864,719
TL4,2021-04-01,43.605765629574705,719
TL4,2021-05-01,30.1203510256412,742
TL4,2021-06-01,33.78493642684868,604
TL4,2021-07-01,30.229966598208016,743
TL4,2021-08-01,27.445759934725675,741
TL4,2021-09-01,37.67593292116809,718
TL4,2021-10-01,30.173896337002077,743
TL4,2021-11-01,37.7958982723528,717
TL4,2021-12-01,31.528915302858668,741
TL4,2022-01-01,39.617696543664614,742
TL4,2022-02-01,24.32375546382443,670
TL4,2022-03-01,42.97071675114805,741
TL4,2022-04-01,36.1325785693258,719
TL4,2022-05-01,26.481142375509734,735
TL4,2022-06-01,25.164209035861088,717
TL4,2022-07-01,27.044161358499736,739
TL4,2022-08-01,31.390191609503912,742
TL4,2022-09-01,33.87240477944578,719
TL4,2022-10-01,31.932199582349803,743
TL4,2022-11-01,32.28700005249862,715
TL4,2022-12-01,33.01516096773244,739
TL4,2023-01-01,27.410452607807535,740
TL4,2023-02-01,26.855256561129256,670
TL4,2023-03-01,16.11053756197342,743
TL4,2023-04-01,23.005292653495722,717
TL4,2023-05-01,29.816132184955244,742
TL4,2023-06-01,28.80813283499749,718
TL4,2023-07-01,17.423513518311676,743
TL4,2023-08-01,22.124042004395182,741
TL4,2023-09-01,32.17248592153806,716
TL4,2023-10-01,32.287968565995335,741
TL4,2023-11-01,32.46645806202705,716
TL4,2023-12-01,34.261433379106464,152
TL4,2024-01-01,32.12018681696128,543
TL4,2024-02-01,24.37160955057322,657
TL4,2024-03-01,26.790971302962156,648
TL4,2024-04-01,12.992334230769229,91
TL5,2021-03-01,24.74731285290881,560
TL5,2021-04-01,23.65475262820079,718
TL5,2021-05-01,18.46055832294166,742
TL5,2021-06-01,16.152394135971583,715
TL5,2021-07-01,18.215520599879937,741
TL5,2021-08-01,14.157409068430686,741
TL5,2021-09-01,25.384412338199667,714
TL5,2021-10-01,22.601734398247583,743
TL5,2021-11-01,29.109427944384972,719
TL5,2021-12-01,26.157140219414625,741
TL5,2022-01-01,37.732291060557856,742
TL5,2022-02-01,19.99691805647799,670
TL5,2022-03-01,31.34995885630232,740
TL5,2022-04-01,20.09001645489246,718
TL5,2022-05-01,17.417199620461666,743
TL5,2022-06-01,15.695962901821991,716
TL5,2022-07-01,14.228975139061774,739
TL5,2022-08-01,17.061523008369747,743
TL5,2022-09-01,19.401548149621352,719
TL5,2022-10-01,24.10557849131763,742
TL5,2022-11-01,25.924257249992497,714
TL5,2022-12-01,30.580617451632296,736
TL5,2023-01-01,28.375875290201986,742
TL5,2023-02-01,30.773479232444412,670
TL5,2023-03-01,20.107540978172622,743
TL5,2023-04-01,21.625348827356405,718
TL5,2023-05-01,18.73277478500479,720
TL5,2023-06-01,15.939307681247426,522
TL5,2023-07-01,12.43461570077576,719
TL5,2023-08-01,14.27695483726046,736
TL5,2023-09-01,20.378022605333495,666
TL5,2023-10-01,23.02705129635851,742
TL5,2023-11-01,24.950134820941717,717
TL5,2023-12-01,26.310744649479275,150
TL5,2024-01-01,27.687748986610288,552
TL5,2024-02-01,20.676892407625694,13
TL5,2024-03-01,22.168701267907437,718
TL5,2024-04-01,11.56177568195645,695
TL5,2024-05-01,16.660700894837582,717
TL5,2024-06-01,12.500958149586724,684
TL5,2024-07-01,13.703095965253386,640
TL5,2024-08-01,14.064444508189869,669
TL5,2024-09-01,19.83081975239901,545
TL5,2024-10-01,24.394273998548673,728
TL5,2024-11-01,26.31080452205553,512
TL5,2024-12-01,18.83853678965358,717
TL6,2020-12-01,25.720169489536612,669
TL6,2021-01-01,31.79060297494382,741
TL6,2021-02-01,31.96317711691524,417
TL6,2021-03-01,31.777160402117964,729
TL6,2021-04-01,28.00560100328097,719
TL6,2021-05-01,22.2188999972126,683
TL6,2021-06-01,20.152487140721917,714
TL6,2021-07-01,21.367057626864774,742
TL6,2021-08-01,18.010277869098015,740
TL6,2021-09-01,27.751669880317145,713
TL6,2021-10-01,25.844048271455225,743
TL6,2021-11-01,32.216906640673535,714
TL6,2021-12-01,27.510068977691894,741
TL6,2022-01-01,37.09269338742377,740
TL6,2022-02-01,22.286296024769186,669
TL6,2022-03-01,30.991024074874463,735
TL6,2022-04-01,21.300780770796084,717
TL6,2022-05-01,19.42835410346179,740
TL6,2022-06-01,18.287592225572364,715
TL6,2022-07-01,16.343146202374253,742
TL6,2022-08-01,19.352856029026682,740
TL6,2022-09-01,22.562900300701987,718
TL6,2022-10-01,24.137778017709923,742
TL6,2022-11-01,27.258207112760164,717
TL6,2022-12-01,35.218934189436794,740
TL6,2023-01-01,30.49478614863309,737
TL6,2023-02-01,33.76827909633468,668
TL6,2023-03-01,22.459220981378085,743
TL6,2023-04-01,19.767110404291063,714
TL6,2023-05-01,15.629360911222333,734
TL6,2023-06-01,17.37269336397283,714
TL6,2023-07-01,14.158866085609613,742
TL6,2023-08-01,14.785990875394804,572
TL6,2023-09-01,21.616548979268288,597
TL6,2023-10-01,23.233635886999384,735
TL6,2023-11-01,25.650479881815507,716
TL6,2023-12-01,23.666915457025567,203
TL6,2024-01-01,22.800348704876427,683
TL6,2024-02-01,23.365025886577317,682
TL6,2024-03-01,23.185509915792437,739
TL6,2024-04-01,15.411720175967607,711
TL6,2024-05-01,17.72351427824793,741
TL6,2024-06-01,13.528178243494654,459
TL6,2024-09-01,16.921345613181025,615
TL6,2024-10-01,23.45711156746141,558
TL6,2024-11-01,28.157364877737695,713
TL6,2024-12-01,18.683065848206848,725
WA2,2016-01-01,41.335699688511255,735
WA2,2016-02-01,46.421953459554516,651
WA2,2016-03-01,48.37618023733234,647
WA2,2016-04-01,44.388998680665914,716
WA2,2016-05-01,40.1577438000505,736
WA2,2016-06-01,37.673437257212406,714
WA2,2016-07-01,30.06543574724123,744
WA2,2016-08-01,37.122648604468615,740
WA2,2016-09-01,39.40605009721878,719
WA2,2016-10-01,44.50258951589713,744
WA2,2016-11-01,58.46151235527744,717
WA2,2016-12-01,49.6186414660027,741
WA2,2017-01-01,52.61546707060386,741
WA2,2017-02-01,37.40087943300216,670
WA2,2017-03-01,37.29767238975701,744
WA2,2017-04-01,44.24166643840716,719
WA2,2017-05-01,41.97633620025379,744
WA2,2017-06-01,28.457421069277707,716
WA2,2017-07-01,27.44993137385296,744
WA2,2017-08-01,34.606782150765866,742
WA2,2017-09-01,38.36424219234958,720
WA2,2017-10-01,42.524027724870024,742
WA2,2017-11-01,51.707474802263036,547
WA2,2017-12-01,43.24874345880419,641
WA2,2018-01-01,36.02134836796992,740
WA2,2018-02-01,46.01886658301172,672
WA2,2018-03-01,41.79528288563511,743
WA2,2018-04-01,35.278009255888115,719
WA2,2018-05-01,46.266131141923836,743
WA2,2018-06-01,31.227530626612726,720
WA2,2018-07-01,33.08555625017436,741
WA2,2018-08-01,29.22830653001011,738
WA2,2018-09-01,38.38392133703534,718
WA2,2018-10-01,41.94790297258401,494
WA2,2018-11-01,40.521317308647895,716
WA2,2018-12-01,42.45819591746177,741
WA2,2019-01-01,63.7806974043084,739
WA2,2019-02-01,55.025601816788445,672
WA2,2019-03-01,38.44213701463163,739
WA2,2019-04-01,54.05735940291037,716
WA2,2019-05-01,41.726722089225206,739
WA2,2019-06-01,28.207731687832176,716
WA2,2019-07-01,27.601086134953725,741
WA2,2019-08-01,25.053632336808363,743
WA2,2019-09-01,32.81519991538568,719
WA2,2019-10-01,36.47081257983769,744
WA2,2019-11-01,46.39536773348038,716
WA2,2019-12-01,39.5595617172251,743
WA2,2020-01-01,39.350180763412915,743
WA2,2020-02-01,27.28451648327036,694
WA2,2020-03-01,32.571634473110045,742
WA2,2020-04-01,31.312998104613712,719
WA2,2020-05-01,21.009394232048496,737
WA2,2020-06-01,26.73358384116216,715
WA2,2020-07-01,21.623210137182138,734
WA2,2020-08-01,23.551072096732586,739
WA2,2020-09-01,33.83324707939073,715
WA2,2020-10-01,35.450888790281304,741
WA2,2020-11-01,32.73754266256549,657
WA2,2020-12-01,35.158342014406635,739
WA2,2021-01-01,35.65705125450108,736
WA2,2021-02-01,31.017600417206527,468
WA2,2021-03-01,50.96831574872267,29
WA2,2021-04-01,36.104675642185285,713
WA2,2021-05-01,26.688585337761364,742
WA2,2021-06-01,25.70164727478113,628
WA2,2021-07-01,23.45053342097881,739
WA2,2021-08-01,21.75316763140644,742
WA2,2021-09-01,32.8279474048914,715
WA2,2021-10-01,29.369120646588065,738
WA2,2021-11-01,34.99300718148419,432
WA2,2021-12-01,27.4410768517984,513
WA2,2022-01-01,36.94756903729837,735
WA2,2022-02-01,21.349394891928817,661
WA2,2022-03-01,34.614853168777344,739
WA2,2022-04-01,29.529519278112218,715
WA2,2022-05-01,22.29204316406528,742
WA2,2022-06-01,20.595959739155646,703
WA2,2022-07-01,22.31769392611385,442
WA2,2022-08-01,23.735920661773402,584
WA2,2022-09-01,29.525597792069135,682
WA2,2022-10-01,25.4186078896741,658
WA2,2022-11-01,25.71821554742894,718
WA2,2022-12-01,37.31387778631514,742
WA2,2023-01-01,16.719484103639168,217
WA2,2023-02-01,38.28184696690827,490
WA2,2023-03-01,28.346371530644102,742
WA2,2023-04-01,34.67237325257975,716
WA2,2023-05-01,25.765548367389073,741
WA2,2023-06-01,23.816377392638497,638
WA2,2023-07-01,15.978995819035015,739
WA2,2023-08-01,18.560805231785434,742
WA2,2023-09-01,25.3776883871641,678
WA2,2023-10-01,25.943073429121352,743
WA2,2023-11-01,27.104884373163767,718
WA2,2023-12-01,18.921156270645366,743
WA2,2024-01-01,26.283983653695266,559
WA7,2016-01-01,129.6621300506772,394
WA7,2016-02-01,131.1663582362552,696
WA7,2016-03-01,137.1372911237927,742
WA7,2016-04-01,134.02840374586933,719
WA7,2016-05-01,131.6567319757395,628
WA7,2016-06-01,127.09908829715361,665
WA7,2016-07-01,127.04604178327754,709
WA7,2016-09-01,112.68114519536739,436
WA7,2016-10-01,97.21466193526855,742
WA7,2016-11-01,125.06602024570758,718
WA7,2016-12-01,116.73817285987975,741
WA7,2017-01-01,105.70811662725632,413
WA7,2017-02-01,81.88602160070808,672
WA7,2017-03-01,70.84788700376548,743
WA7,2017-04-01,68.68922148946527,718
WA7,2017-05-01,65.8595242551914,670
WA7,2017-06-01,53.300969883882445,189
WA7,2017-08-01,59.465287086117335,484
WA7,2017-09-01,63.34238718549193,717
WA7,2017-10-01,71.88255873257103,743
WA7,2017-11-01,91.19141640336582,636
WA7,2017-12-01,96.95952133412663,739
WA7,2018-01-01,76.05722552091802,743
WA7,2018-02-01,73.48346720077986,665
WA7,2018-03-01,66.42747778167941,510
WA7,2018-04-01,70.68928150603668,373
WA7,2018-05-01,62.89828337712239,446
WA7,2018-06-01,55.03331835710155,718
WA7,2018-07-01,65.87119577852263,734
WA7,2018-08-01,66.96422110835839,737
WA7,2018-09-01,73.05965246812416,714
WA7,2018-10-01,73.50091454400383,741
WA7,2018-11-01,57.017089956470684,718
WA7,2018-12-01,68.1877510455355,740
WA7,2019-01-01,86.4119425722656,719
WA7,2019-02-01,77.88788368842303,415
WA7,2019-03-01,76.58293408504657,742
WA7,2019-04-01,58.30867613734791,718
WA7,2019-05-01,71.57607360735004,741
WA7,2019-06-01,60.336867311757075,716
WA7,2019-07-01,70.30330118419134,744
WA7,2019-08-01,62.60983003222363,569
WA7,2019-09-01,62.516897203638194,716
WA7,2019-10-01,63.45211692597192,578
WA7,2019-11-01,70.7093396444268,656
WA7,2019-12-01,68.88348226775605,740
WA7,2020-01-01,70.38392057820313,742
WA7,2020-02-01,71.87289986144467,696
WA7,2020-03-01,58.396480938236756,743
WA7,2020-04-01,36.220161864221126,719
WA7,2020-05-01,37.24501816721699,743
WA7,2020-06-01,49.4808367517289,675
WA7,2020-07-01,65.97663803645416,741
WA7,2020-08-01,59.16097982967122,742
WA7,2020-09-01,65.88524372484906,719
WA7,2020-10-01,63.18918751217682,742
WA7,2020-11-01,65.82209502786579,719
WA7,2020-12-01,55.9615796948778,545
WA7,2021-01-01,58.70414178495104,743
WA7,2021-02-01,49.30251683856567,670
WA7,2021-03-01,63.07025975090781,743
WA7,2021-04-01,53.134171373229414,714
WA7,2021-05-01,65.02580070350749,717
WA7,2021-06-01,64.47266407950991,392
WA7,2021-07-01,61.259715067128,639
WA7,2021-08-01,53.40404883676804,743
WA7,2021-09-01,65.44257408583346,713
WA7,2021-10-01,77.57006581884394,738
WA7,2021-11-01,76.35806933764346,716
WA7,2021-12-01,53.0314541609397,744
WA7,2022-01-01,73.48623416661889,738
WA7,2022-02-01,66.60104712848344,309
WA7,2023-03-01,71.68976967270672,10
WA7,2023-04-01,48.243942067843236,564
WA7,2023-05-01,27.612255029085215,394
WA7,2023-06-01,21.215716363688422,157
WA7,2023-07-01,27.83510382190869,107
WA7,2023-08-01,31.676755607297476,692
WA7,2023-09-01,30.83973700051319,126
WA7,2024-04-01,34.25045709145382,465
WA7,2024-05-01,35.634157891791645,743
WA7,2024-06-01,35.96312538634465,718
WA7,2024-07-01,31.52464167679175,742
WA7,2024-08-01,32.77965794521523,432
WA7,2024-09-01,34.1607461905622,691
WA7,2024-10-01,37.20395387228085,743
WA7,2024-11-01,44.691343714317064,719
WA7,2024-12-01,38.548547267163315,743
WA8,2016-01-01,98.33397657519731,741
WA8,2016-02-01,107.28366683639979,696
WA8,2016-03-01,105.69567426976984,744
WA8,2016-04-01,108.6721074491811,719
WA8,2016-05-01,92.00264511155589,743
WA8,2016-06-01,103.7709868259558,711
WA8,2016-07-01,99.7469245354747,742
WA8,2016-08-01,103.5098916394285,691
WA8,2016-09-01,96.02452943866271,718
WA8,2016-10-01,81.61002192871315,743
WA8,2016-11-01,97.51983804512811,715
WA8,2016-12-01,85.23227239074915,742
WA8,2017-01-01,84.6301546175388,718
WA8,2017-02-01,65.9156242017106,671
WA8,2017-03-01,58.87189879535534,743
WA8,2017-04-01,56.16973641848797,718
WA8,2017-05-01,48.74344674335063,744
WA8,2017-06-01,45.989234797638424,624
WA8,2017-07-01,47.33589079018747,699
WA8,2017-08-01,53.40929972881323,738
WA8,2017-09-01,51.715677023225794,720
WA8,2017-10-01,55.734915150205445,741
WA8,2017-11-01,71.45925678786375,717
WA8,2017-12-01,73.26070792908972,743
WA8,2018-01-01,53.8344561636239,174
WA8,2018-02-01,73.50625317389834,329
WA8,2018-03-01,61.44817326944784,741
WA8,2018-04-01,61.34293888114132,719
WA8,2018-05-01,69.17418970013361,743
WA8,2018-06-01,58.46920083928532,718
WA8,2018-07-01,56.27361822634962,741
WA8,2018-08-01,58.3825512691648,743
WA8,2018-09-01,65.5525681402202,511
WA8,2018-10-01,72.07614531542055,612
WA8,2018-11-01,53.6221141017557,718
WA8,2018-12-01,59.26912425045625,743
WA8,2019-01-01,67.1977566524722,683
WA8,2019-02-01,85.30166775612233,511
WA8,2019-03-01,83.58834915717318,743
WA8,2019-04-01,59.934332066847865,717
WA8,2019-05-01,66.68783748947935,740
WA8,2019-06-01,56.785400315374105,715
WA8,2019-07-01,66.06473259711566,743
WA8,2019-08-01,64.63755986834241,743
WA8,2019-09-01,55.27117265475167,717
WA8,2019-10-01,60.361884748930486,689
WA8,2019-11-01,62.85335194940289,720
WA8,2019-12-01,68.95885491929376,740
WA8,2020-01-01,71.1630699811347,743
WA8,2020-02-01,65.36326363114738,696
WA8,2020-03-01,52.27643085511954,743
WA8,2020-04-01,34.398138873914476,720
WA8,2020-05-01,32.10421555820949,744
WA8,2020-06-01,43.25598831244345,497
WA8,2020-07-01,51.47266291616828,744
WA8,2020-08-01,51.35919274225373,741
WA8,2020-09-01,66.40303100528,715
WA8,2020-10-01,59.16977382748752,635
WA8,2020-12-01,54.82393754040112,681
WA8,2021-01-01,54.72449981990144,744
WA8,2021-02-01,47.90916184980967,672
WA8,2021-03-01,59.451570106633234,744
WA8,2021-04-01,51.72424771449542,718
WA8,2021-05-01,59.78504896346784,742
WA8,2021-06-01,58.25232538537581,712
WA8,2021-07-01,57.20843421986867,743
WA8,2021-08-01,45.665877385765064,452
WA8,2021-09-01,56.24020455659029,539
WA8,2021-10-01,56.77127443264345,225
WA8,2021-11-01,71.2946210921617,719
WA8,2021-12-01,54.9632029159494,744
WA8,2022-01-01,55.76799854659453,286
WA8,2022-02-01,55.88747321228236,671
WA8,2022-03-01,43.60659665258576,742
WA8,2022-04-01,42.91767570645472,715
WA8,2022-05-01,54.17935623467711,368
WA8,2022-06-01,48.41366027290063,652
WA8,2022-07-01,46.52678106263822,742
WA8,2022-08-01,36.33493819417668,571
WA8,2022-09-01,43.546621064535756,718
WA8,2022-10-01,45.006553450365686,379
WA9,2016-01-01,60.09152674539191,739
WA9,2016-02-01,46.05954411063988,501
WA9,2016-03-01,45.18552017914102,519
WA9,2016-04-01,45.10224818593777,492
WA9,2016-05-01,35.88178125634125,538
WA9,2016-06-01,36.666912466856594,716
WA9,2016-07-01,28.24114164507327,720
WA9,2016-08-01,29.08924698200919,742
WA9,2016-09-01,42.43986388353759,525
WA9,2016-10-01,45.83812623638828,742
WA9,2016-11-01,51.980971940006505,719
WA9,2016-12-01,66.93026041039181,741
WA9,2017-01-01,62.156320638277236,737
WA9,2017-02-01,36.62302456091342,670
WA9,2017-03-01,30.765913710780154,743
WA9,2017-04-01,29.624542982735413,718
WA9,2017-05-01,31.03046515426141,744
WA9,2017-06-01,25.926083031056056,322
WA9,2017-07-01,21.48523213490929,431
WA9,2017-08-01,19.036345020659123,738
WA9,2017-09-01,24.69669941437537,720
WA9,2017-10-01,21.75092061428226,719
WA9,2017-11-01,26.675884402504778,389
WA9,2018-02-01,41.948999265182586,485
WA9,2018-03-01,41.89857649333133,738
WA9,2018-04-01,35.995947329883414,719
WA9,2018-05-01,34.60348816520509,741
WA9,2018-06-01,28.518320892031454,711
WA9,2018-07-01,27.0967764393453,610
WA9,2018-08-01,22.852282098304833,742
WA9,2018-09-01,27.95857456912073,719
WA9,2018-10-01,35.33182646967297,742
WA9,2018-11-01,46.89711231050884,719
WA9,2018-12-01,39.87180341509118,736
WA9,2019-01-01,45.98519212609988,742
WA9,2019-02-01,50.78840295003964,670
WA9,2019-03-01,39.8733673100736,381
WA9,2019-04-01,43.34814276502491,718
WA9,2019-05-01,30.049158646591156,742
WA9,2019-06-01,26.571351109744498,717
WA9,2019-07-01,29.571691854105822,740
WA9,2019-08-01,27.75130591746988,741
WA9,2019-09-01,30.24094103628251,718
WA9,2019-10-01,31.021297390002996,740
WA9,2019-11-01,41.560398272871105,718
WA9,2019-12-01,30.325082820471014,725
WA9,2020-01-01,31.805858425009227,658
WA9,2020-02-01,25.071040692566807,695
WA9,2020-03-01,24.498313265289273,744
WA9,2020-04-01,21.14742762980527,563
WA9,2020-05-01,16.463192382123296,469
WA9,2020-06-01,23.37251409669494,716
WA9,2020-07-01,18.511188948336475,740
WA9,2020-08-01,24.87818210350679,743
WA9,2020-09-01,25.006517816573407,718
WA9,2020-10-01,27.341886642181972,742
WA9,2020-11-01,33.058890871355736,719
WA9,2020-12-01,33.07253987456057,743
WA9,2021-01-01,28.908732814063487,740
WA9,2021-02-01,29.45433239297545,666
WA9,2021-03-01,31.359193592660667,739
WA9,2021-04-01,28.448820843148482,716
WA9,2021-05-01,24.64487154750067,740
WA9,2021-06-01,20.92834542399338,718
WA9,2021-07-01,24.109896027324854,741
WA9,2021-08-01,27.613462627341022,238
WA9,2021-09-01,29.21106183436291,580
WA9,2021-10-01,24.803335469527283,742
WA9,2021-11-01,25.418582467983036,595
WA9,2021-12-01,25.204869790503775,742
WA9,2022-01-01,32.66319184023,739
WA9,2022-02-01,18.09640972034694,489
WA9,2024-02-01,18.911160491929575,396
WA9,2024-03-01,15.09492046012485,640
WA9,2024-04-01,11.311394769896143,719
WA9,2024-05-01,11.430750000515992,617
WA9,2024-06-01,10.378326826480324,719
WA9,2024-07-01,13.130732870724868,744
WA9,2024-08-01,13.15840003858906,744
WA9,2024-09-01,16.091755249632588,684
WA9,2024-10-01,19.09425832599272,744
WA9,2024-11-01,21.254792208697033,715
WA9,2024-12-01,13.990067933699203,740
WAA,2016-01-01,41.85321200648023,741
WAA,2016-02-01,45.70655975750182,695
WAA,2016-03-01,48.013746655516215,744
WAA,2016-04-01,43.9567561469575,680
WAA,2016-06-01,34.19989316874467,705
WAA,2016-07-01,29.901148668557568,740
WAA,2016-08-01,35.9158978416601,742
WAA,2016-09-01,32.70564125678366,716
WAA,2016-10-01,44.406854416209875,648
WAA,2016-11-01,47.40109888690538,633
WAA,2016-12-01,39.16190812761298,677
WAA,2017-01-01,45.61016036603399,533
WAA,2017-02-01,82.39807157798856,1
WAA,2017-03-01,41.071407161914685,250
WAA,2017-04-01,33.72862382932439,592
WAA,2017-05-01,28.993751210834912,647
WAA,2017-06-01,25.688662193882863,714
WAA,2017-07-01,22.131674581130486,715
WAA,2017-08-01,25.838760555247976,722
WAA,2017-09-01,30.052019472968194,717
WAA,2017-10-01,30.879665495907183,741
WAA,2017-11-01,43.56873092641807,715
WAA,2017-12-01,44.26034157973879,741
WAA,2018-01-01,39.32160526895337,743
WAA,2018-02-01,44.91531874378434,602
WAA,2018-03-01,43.80686359729094,741
WAA,2018-04-01,33.24713037320487,441
WAA,2018-06-01,30.486588102445637,419
WAA,2018-07-01,36.20219020738275,298
WAA,2018-08-01,17.917115112474,542
WAA,2018-09-01,29.784618577018314,132
WAA,2018-10-01,31.23513068907095,742
WAA,2018-11-01,30.5940238401488,715
WAA,2018-12-01,23.152441593293272,321
WAA,2019-01-01,34.378065322818394,619
WAA,2019-02-01,26.04256382830731,225
WAA,2019-03-01,21.10974265926818,738
WAA,2019-04-01,37.810477510889086,641
WAA,2019-05-01,28.047540871796254,684
WAA,2019-06-01,26.517493449661327,708
WAA,2019-07-01,27.211937823289652,718
WAA,2019-08-01,25.7948908689121,743
WAA,2019-09-01,30.104262181723957,684
WAA,2019-10-01,36.230821542127224,726
WAA,2019-11-01,43.68523465211184,715
WAA,2019-12-01,36.50411625441338,744
WAA,2020-01-01,33.43180381054096,740
WAA,2020-02-01,26.777658224027615,686
WAA,2020-03-01,35.650406104486265,743
WAA,2020-04-01,24.525815169974937,719
WAA,2020-05-01,19.939925278242935,741
WAA,2020-06-01,19.473667492603106,651
WAA,2020-07-01,15.326873149839594,658
WAA,2020-08-01,28.308478892708298,719
WAA,2020-09-01,33.76800137874051,625
WAA,2020-10-01,24.248534231111737,655
WAA,2020-11-01,33.57126410122672,715
WAA,2020-12-01,29.849358579834476,739
WAA,2021-01-01,32.41039392269624,743
WAA,2021-02-01,26.34133174964095,671
WAA,2021-03-01,31.461280698100545,741
WAA,2021-04-01,33.28150244722676,718
WAA,2021-05-01,23.686717566312865,742
WAA,2021-06-01,24.513595966109555,719
WAA,2021-07-01,23.8153011327353,739
WAA,2021-08-01,21.968503495157744,667
WAA,2021-09-01,29.99981693222896,711
WAA,2021-11-01,32.34779564984923,631
WAA,2021-12-01,27.08549200127658,739
WAA,2022-01-01,33.33596084815593,690
WAA,2022-02-01,21.861459127751143,578
WAA,2022-03-01,34.156174002083944,589
WAA,2022-04-01,23.511819851774142,713
WAA,2022-05-01,22.04748904081428,119
WAA,2022-07-01,25.26980527960893,390
WAA,2022-08-01,24.57735268661165,711
WAA,2022-09-01,27.601929505732265,614
WAA,2022-10-01,24.201685543899725,742
WAA,2022-11-01,23.56401000692201,718
WAA,2022-12-01,32.9865772327683,734
WAA,2023-01-01,29.049709156287516,741
WAA,2023-02-01,31.337340946190658,655
WAA,2023-03-01,19.22454564126396,179
WAA,2023-04-01,22.87645204107848,681
WAA,2023-05-01,20.3126775071095,714
WAA,2023-06-01,20.718149336091777,316
WAA,2023-07-01,13.601245624922191,222
WAA,2023-08-01,19.998030605280402,704
WAA,2023-09-01,28.979764481131344,694
WAA,2023-10-01,23.87498146436166,741
WAA,2023-11-01,24.375550015540483,717
WAA,2023-12-01,18.69150195502051,742
WAA,2024-01-01,29.354039197790073,743
WAA,2024-02-01,22.226360532551677,684
WAA,2024-03-01,24.54921541450998,737
WAA,2024-04-01,21.111677859744898,695
WAA,2024-09-01,19.241808904946762,176
WAA,2024-10-01,26.308112984949492,136
WAA,2024-11-01,31.311517453230557,717
WAA,2024-12-01,17.52846375719366,736
WAB,2016-01-01,60.897449656887076,740
WAB,2016-02-01,64.40137874873461,694
WAB,2016-03-01,68.22374785164078,740
WAB,2016-04-01,56.54290677097709,695
WAB,2016-05-01,62.84018296089836,742
WAB,2016-06-01,47.73985558919096,582
WAB,2016-07-01,36.42985124467337,631
WAB,2016-08-01,50.42570730292984,680
WAB,2016-09-01,61.01304337454023,429
WAB,2016-10-01,63.695288247323795,411
WAB,2016-11-01,63.67143732698383,719
WAB,2016-12-01,71.07305263869503,741
WAB,2017-01-01,75.24530915473964,743
WAB,2017-02-01,56.99129934328455,671
WAB,2017-03-01,54.40134462469581,744
WAB,2017-04-01,49.27915918118381,696
WAB,2017-05-01,55.431874740830416,523
WAB,2017-06-01,45.63676415176446,685
WAB,2017-07-01,53.93374933356668,367
WAB,2017-08-01,43.95602600925919,559
WAB,2017-09-01,59.14984994970011,451
WAB,2017-10-01,47.02461272756759,742
WAB,2017-11-01,50.980798946707004,716
WAB,2017-12-01,60.3204788767882,662
WAB,2018-01-01,59.406269248396825,735
WAB,2018-02-01,65.26353812903251,671
WAB,2018-03-01,58.582506210907354,742
WAB,2018-04-01,51.96511357893487,706
WAB,2018-05-01,52.04233064162108,617
WAB,2018-06-01,45.84950548021907,518
WAB,2018-07-01,51.05130321107449,491
WAB,2018-08-01,41.43118701609606,584
WAB,2018-09-01,49.668278053986086,704
WAB,2018-10-01,45.19890704607956,704
WAB,2018-11-01,59.871936871614565,712
WAB,2018-12-01,55.02812307067704,743
WAB,2019-01-01,60.38425463900293,743
WAB,2019-02-01,71.66171559114412,669
WAB,2019-03-01,45.47453169679448,741
WAB,2019-04-01,55.50269772180975,719
WAB,2019-05-01,44.291012775178416,742
WAB,2019-06-01,45.441323028642906,713
WAB,2019-07-01,44.98334492587501,741
WAB,2019-08-01,43.31810278638941,621
WAB,2019-09-01,39.8236563640349,424
WAB,2019-10-01,48.29888667677862,731
WAB,2019-11-01,47.81943036385208,356
WAB,2019-12-01,45.9354565091373,633
WAB,2020-01-01,47.33440232974887,699
WAB,2020-02-01,38.57012247515482,696
WAB,2020-03-01,38.500365914330985,681
WAB,2020-04-01,32.59674953601825,705
WAB,2020-05-01,28.552358610400752,743
WAB,2020-06-01,32.17510888089629,707
WAB,2020-07-01,23.287987409942605,662
WAB,2020-08-01,18.85412203750316,118
WAB,2020-10-01,36.29906817481884,92
WAB,2020-11-01,42.80994515334421,613
WAB,2020-12-01,34.05515178271812,596
WAB,2021-07-01,33.025483350804464,273
WAB,2021-08-01,26.065602042386086,740
WAB,2021-09-01,39.72678973243466,718
WAB,2021-10-01,36.90425835515112,743
WAB,2021-11-01,39.24729085424193,718
WAB,2021-12-01,39.27571988056657,734
WAB,2022-01-01,47.10090433679454,738
WAB,2022-02-01,30.96223029337657,59
WAB,2022-03-01,21.15592228985544,10
WAB,2022-04-01,36.84198080573747,718
WAB,2022-05-01,30.728540042700494,742
WAB,2022-06-01,26.975412910488377,225
WAB,2022-07-01,31.47900858309135,458
WAB,2022-11-01,36.42164209716645,514
WAB,2022-12-01,53.06437011445744,443
WAB,2023-03-01,27.473266035914627,105
WAB,2023-04-01,34.29771865663363,408
WAB,2023-05-01,29.07487808515056,657
WAB,2023-06-01,30.862701312502868,687
WAB,2023-07-01,17.235613909805096,697
WAB,2023-08-01,19.781823556023635,730
WAB,2023-09-01,35.50027592667212,682
WAB,2023-10-01,36.967052088567314,742
WAB,2023-11-01,35.43655886020712,717
WAB,2023-12-01,34.736441270643226,742
WAB,2024-01-01,40.36211967988416,742
WAB,2024-02-01,32.996427703128276,601
WAB,2024-03-01,36.4572696290169,741
WAB,2024-04-01,24.992803246767306,644
WAB,2024-05-01,30.08380127136496,743
WAB,2024-06-01,22.465346121857532,720
WAB,2024-07-01,21.519211424738227,744
WAB,2024-08-01,19.044480056665208,744
WAB,2024-09-01,32.01039746900213,657
WAB,2024-10-01,35.3592166954573,743
WAB,2024-11-01,42.667390815288776,720
WAB,2024-12-01,33.41793966474221,520
WAC,2016-04-01,56.63155601461162,416
WAC,2016-05-01,56.01086368823514,678
WAC,2016-06-01,27.738152782533827,157
WAC,2016-07-01,33.34487413218213,741
WAC,2016-08-01,31.961047288893432,735
WAC,2016-09-01,39.29070306018361,630
WAC,2016-10-01,44.32049923136337,572
WAC,2016-11-01,56.893642725316354,695
WAC,2016-12-01,54.72547837861752,734
WAC,2017-01-01,57.15825828065173,514
WAC,2017-02-01,38.237397910183475,175
WAC,2017-03-01,45.18121416721651,743
WAC,2017-04-01,47.67066861108439,720
WAC,2017-05-01,42.66123123395406,742
WAC,2017-06-01,40.11290845799,716
WAC,2017-07-01,35.03222763774436,741
WAC,2017-08-01,37.047012735766224,744
WAC,2017-09-01,34.68758895678443,715
WAC,2017-10-01,37.27771603443619,743
WAC,2017-11-01,53.8171574977351,716
WAC,2017-12-01,49.76242620492953,743
WAC,2018-01-01,44.75200209886945,743
WAC,2018-02-01,47.352079427868404,667
WAC,2018-03-01,49.98036521820676,483
WAC,2018-04-01,41.378889622343976,710
WAC,2018-05-01,46.313285478887494,741
WAC,2018-06-01,41.06168272405662,720
WAC,2018-07-01,41.51570162823113,743
WAC,2018-08-01,32.80128347676052,562
WAC,2018-09-01,38.03437886270531,629
WAC,2018-10-01,42.02578464353588,739
WAC,2018-11-01,33.37036126059102,717
WAC,2018-12-01,40.30242955866808,742
WAC,2019-01-01,49.42343378166605,743
WAC,2019-02-01,46.37980408533238,632
WAC,2019-05-01,31.91175204622755,517
WAC,2019-06-01,26.710000199160596,709
WAC,2019-07-01,28.04937809830885,741
WAC,2019-08-01,22.76401835465147,359
WAC,2019-11-01,47.8141484355445,700
WAC,2019-12-01,41.31147594197113,607
WAC,2020-01-01,39.13182152515772,739
WAC,2020-02-01,32.91000458511765,447
WAC,2020-03-01,30.944853140130316,730
WAC,2020-04-01,27.071354707502525,719
WAC,2020-05-01,21.48514196640101,743
WAC,2020-06-01,20.48233736857135,665
WAC,2020-07-01,22.96797247305177,739
WAC,2020-08-01,29.358616698753803,735
WAC,2020-09-01,41.06032314746833,719
WAC,2020-10-01,31.772776306117386,743
WAC,2020-11-01,39.54527572953323,719
WAC,2020-12-01,38.82567823604895,742
WAC,2021-01-01,39.684915669515156,739
WAC,2021-02-01,34.26605266267333,597
WAC,2021-03-01,39.98660730075304,742
WAC,2021-04-01,42.15641572531042,718
WAC,2021-05-01,31.066395281275366,737
WAC,2021-06-01,32.37163404555281,650
WAC,2021-07-01,28.45838753486353,661
WAC,2021-08-01,26.540490651273284,730
WAC,2021-09-01,36.60964437911833,520
WAC,2021-10-01,32.41931602654773,744
WAC,2021-11-01,44.55993578753942,719
WAC,2021-12-01,36.23970428518442,741
WAC,2022-01-01,46.4845204625398,639
WAC,2022-02-01,25.752459969526534,672
WAC,2022-03-01,31.910698027304345,565
WAC,2024-04-01,22.899101781295077,436
WAC,2024-05-01,27.540325488844218,737
WAC,2024-06-01,22.913010564103132,719
WAC,2024-07-01,21.724070087212166,587
WAC,2024-09-01,23.28399732195178,601
WAC,2024-10-01,28.126445243820278,581
WAC,2024-11-01,35.58216842045473,12
WM0,2016-01-01,45.353730027851945,727
WM0,2016-02-01,47.69609278783235,691
WM0,2016-03-01,43.90236264829915,743
WM0,2016-04-01,38.02052420267837,715
WM0,2016-05-01,29.624313186639572,743
WM0,2016-06-01,20.470641985405162,515
WM0,2016-07-01,24.620929879747866,562
WM0,2016-08-01,20.745433341180952,583
WM0,2017-02-01,42.3119951970396,272
WM0,2017-03-01,47.07056956430557,738
WM0,2017-04-01,46.25523440246892,701
WM0,2017-05-01,38.972973686769116,740
WM0,2017-06-01,28.862536320902212,714
WM0,2017-07-01,23.169202253587713,741
WM0,2017-08-01,22.316393191857543,559
WM0,2017-09-01,30.534147601996807,635
WM0,2017-10-01,31.63909704441453,743
WM0,2017-11-01,44.454368271619074,719
WM0,2017-12-01,39.033396659936926,742
WM0,2018-01-01,33.96917439132075,641
WM0,2018-02-01,39.02129695557335,661
WM0,2018-03-01,35.87700221646913,718
WM0,2018-04-01,30.671612250973098,717
WM0,2018-05-01,34.658243119263474,744
WM0,2018-06-01,22.808034977260725,718
WM0,2018-07-01,25.458206579485413,741
WM0,2018-08-01,22.04957465154566,740
WM0,2018-09-01,27.77234979718264,644
WM0,2018-10-01,33.23427937894441,744
WM0,2018-11-01,36.102632036856,698
WM0,2018-12-01,35.60393972086313,743
WM0,2019-01-01,48.84543121638906,744
WM0,2019-02-01,50.37979328621908,566
WM0,2019-03-01,28.83428918918919,740
WM0,2019-06-01,25.030210052100838,280
WM0,2019-07-01,21.72530319945666,741
WM0,2019-08-01,22.188001473909782,732
WM0,2019-09-01,26.467707378843606,677
WM0,2019-10-01,34.79519433733402,727
WM0,2019-11-01,43.56557242482749,717
WM0,2019-12-01,36.198315650853885,744
WM0,2020-01-01,35.430872404451506,740
WM0,2020-02-01,26.939845195312277,691
WM0,2020-03-01,25.701801845617922,743
WM0,2020-04-01,24.54652181397687,715
WM0,2020-05-01,31.418750430037246,744
WM0,2020-06-01,16.21286816281772,720
WM0,2020-07-01,13.504996204881232,741
WM0,2020-08-01,19.418947175651365,734
WM0,2020-09-01,24.37151185631838,718
WM0,2020-10-01,25.327814050229154,743
WM0,2020-11-01,33.114854629992735,720
WM0,2020-12-01,32.27088503222648,721
WM0,2021-01-01,31.91036767173842,741
WM0,2021-02-01,28.524920411511204,593
WM0,2021-03-01,23.800501461249794,681
WM0,2021-04-01,29.208689429579895,587
WM0,2021-05-01,20.513195815295354,739
WM0,2021-06-01,16.29955177204067,720
WM0,2021-07-01,18.233050384229163,742
WM0,2021-08-01,15.257768909352313,741
WM0,2021-09-01,26.323482937061915,718
WM0,2021-10-01,24.683989916438257,744
WM0,2021-11-01,31.284723512079665,718
WM0,2021-12-01,26.731206657460113,744
WM0,2022-01-01,37.14861381175412,741
WM0,2022-02-01,19.44383967492834,659
WM0,2022-03-01,34.655246544768154,741
WM0,2022-04-01,23.457989507070707,440
WM0,2022-05-01,17.055821155215472,738
WM0,2022-06-01,15.29137925846042,720
WM0,2022-07-01,14.946327322120553,675
WM0,2022-08-01,12.091947103364802,108
WM0,2022-09-01,19.558848853582923,662
WM0,2022-10-01,21.491500672608435,737
WM0,2022-11-01,22.734900614671194,716
WM0,2022-12-01,32.13662009086733,740
WM0,2023-01-01,30.71608700491517,742
WM0,2023-02-01,31.603581964794333,665
WM0,2023-03-01,21.956393586617303,715
WM0,2023-04-01,23.540119422585327,720
WM0,2023-05-01,19.847322366996977,744
WM0,2023-06-01,19.765452206528664,718
WM0,2023-07-01,11.073247600661555,739
WM0,2023-08-01,12.323605817070355,680
WM5,2017-08-01,29.015375151671297,683
WM5,2017-09-01,32.985494741424574,718
WM5,2017-10-01,34.690181057077886,743
WM5,2017-11-01,47.95679580986986,719
WM5,2017-12-01,45.18275098464856,734
WM5,2018-01-01,40.79061909291354,744
WM5,2018-02-01,44.851123219949564,665
WM5,2018-03-01,45.32146273363119,741
WM5,2018-04-01,40.11302346874601,719
WM5,2018-05-01,39.752140174703115,740
WM5,2018-06-01,28.175380286842433,717
WM5,2018-07-01,30.49777114535939,736
WM5,2018-08-01,29.017143481460646,744
WM5,2018-09-01,38.29560013605298,639
WM5,2018-10-01,40.70402352678878,744
WM5,2018-11-01,45.321747711845084,720
WM5,2018-12-01,46.31945006578939,743
WM5,2019-01-01,47.27438843521865,742
WM5,2019-02-01,54.41838060158415,667
WM5,2019-03-01,35.444689206558394,741
WM5,2019-04-01,40.793255912051016,524
WM5,2019-05-01,35.448037708277944,290
WM5,2019-06-01,33.446494782301905,228
WM5,2019-07-01,26.829368691796482,741
WM5,2019-08-01,30.842563236384013,599
WM5,2019-09-01,28.046140632213355,693
WM5,2019-10-01,38.02492135845162,742
WM5,2019-11-01,50.13090645946384,720
WM5,2019-12-01,44.66486633220823,743
WM5,2020-01-01,40.417109119662506,744
WM5,2020-02-01,32.782798696711204,694
WM5,2020-03-01,28.661919060541603,741
WM5,2020-04-01,21.837532618180816,668
WM5,2020-05-01,15.490085785149072,740
WM5,2020-06-01,13.554987951546405,676
WM5,2020-07-01,13.10425542859393,722
WM5,2020-08-01,13.644809397694406,455
WM5,2020-09-01,19.158563237035196,665
WM5,2020-10-01,23.10302955181497,744
WM5,2020-11-01,32.29371365150937,717
WM5,2020-12-01,30.961754869532516,741
WM5,2021-01-01,29.009286085708112,743
WM5,2021-02-01,24.387932386245925,670
WM5,2021-03-01,26.754167616960878,725
WM5,2021-04-01,24.071760531527687,720
WM5,2021-05-01,18.52312415080295,743
WM5,2021-06-01,14.990408641039242,719
WM5,2021-07-01,16.01321983232903,744
WM5,2021-08-01,15.424568157908753,718
WM5,2021-09-01,28.16093288125943,716
WM5,2021-10-01,24.971450106357924,744
WM5,2021-11-01,31.911173088212514,719
WM5,2021-12-01,29.296967268811827,744
WM5,2022-01-01,37.4298711432197,741
WM5,2022-02-01,22.411311188426218,670
WM5,2022-03-01,35.738141716225265,744
WM5,2022-04-01,21.68258903495782,720
WM5,2022-05-01,16.18030264721261,744
WM5,2022-06-01,15.335951552912077,720
WM5,2022-07-01,14.526524552225213,744
WM5,2022-08-01,15.329037291674576,668
WM5,2022-09-01,19.296469477887744,720
WM5,2022-10-01,24.298707272502853,744
WM5,2022-11-01,24.458402008876934,716
WM5,2022-12-01,33.439272175603065,744
WM5,2023-01-01,28.485702529479546,744
WM5,2023-02-01,31.438951175460932,671
WM5,2023-03-01,23.111109807502483,742
WM5,2023-04-01,23.500366523572307,720
WM5,2023-05-01,15.911225400879067,744
WM5,2023-06-01,17.611505338747886,720
WM5,2023-07-01,12.53494897704427,737
WM5,2023-08-01,14.045856505044705,742
WM5,2023-09-01,23.665384308321098,719
WM5,2023-10-01,24.331341362451955,744
WM5,2023-11-01,25.97708107765054,298
WM5,2023-12-01,14.345073051829267,82
WM5,2024-01-01,24.336563118596885,474
WM5,2024-02-01,21.095618502800225,608
WM5,2024-03-01,32.11587755503166,160
WM5,2024-06-01,12.15651207894273,560
WM5,2024-07-01,13.40487893362162,743
WM5,2024-08-01,13.195087034011623,741
WM5,2024-09-01,17.326498317142956,720
WM5,2024-10-01,23.044731163701023,744
WM5,2024-11-01,28.745853988464457,718
WM5,2024-12-01,20.71657795363723,744
WM6,2016-01-01,116.77616511008019,529
WM6,2016-02-01,109.4992581858342,695
WM6,2016-03-01,89.56702999393283,744
WM6,2016-04-01,103.07518188893025,711
WM6,2016-05-01,85.78156309065658,686
WM6,2016-06-01,65.55331714327852,525
WM6,2016-07-01,83.24458040167349,736
WM6,2016-08-01,87.98167169922938,740
WM6,2016-09-01,81.94398816921726,715
WM6,2016-10-01,65.98771152279632,743
WM6,2016-11-01,76.11967697909895,720
WM6,2016-12-01,80.82681572096749,742
WM6,2017-01-01,82.5991187199449,742
WM6,2017-02-01,75.31516858562657,672
WM6,2017-03-01,82.02599959380913,718
WM6,2017-04-01,77.98514271898559,719
WM6,2017-05-01,68.95103222012749,744
WM6,2017-06-01,73.94386864544073,719
WM6,2017-07-01,65.09271113580037,743
WM6,2017-08-01,71.22092340452961,740
WM6,2017-09-01,66.59692525724924,716
WM6,2017-10-01,61.91394315837578,744
WM6,2017-11-01,68.32195561388033,720
WM6,2017-12-01,70.07119870453604,640
WM6,2018-01-01,65.21862217667739,741
WM6,2018-02-01,66.95600221627066,666
WM6,2018-03-01,67.96367587581793,741
WM6,2018-04-01,64.81237433792963,718
WM6,2018-05-01,63.89587459606465,737
WM6,2018-06-01,48.3649504860725,177
WM6,2018-07-01,61.57391187330025,154
WM6,2018-08-01,62.50300647020049,735
WM6,2018-09-01,62.281948885148076,719
WM6,2018-10-01,60.57579737516871,742
WM6,2018-11-01,56.54793945921445,720
WM6,2018-12-01,63.75153868740747,743
WM6,2019-01-01,66.86288682856238,622
WM6,2019-02-01,63.600967158061295,670
WM6,2019-03-01,61.938190961230895,744
WM6,2019-04-01,56.43683880852117,708
WM6,2019-05-01,48.076125501152745,743
WM6,2019-06-01,36.29714886686489,719
WM6,2019-07-01,44.152290134965064,725
WM6,2019-08-01,63.79104529839668,633
WM6,2019-09-01,49.31009870631988,720
WM6,2019-10-01,52.58626376822916,744
WM6,2019-11-01,58.52602943307184,686
WM6,2019-12-01,58.24080516940654,743
WM6,2020-01-01,56.38874000247736,741
WM6,2020-02-01,48.53922626649251,693
WM6,2020-03-01,34.41006158431841,742
WM6,2020-04-01,26.974845740907348,719
WM6,2020-05-01,18.32705270826285,742
WM6,2020-06-01,21.446028724527952,717
WM6,2020-07-01,24.396424160820573,694
WM6,2020-08-01,30.518893624556135,743
WM6,2020-09-01,33.14242862391819,719
WM6,2020-10-01,34.465435793749954,709
WM6,2020-11-01,41.36006613597926,657
WM6,2020-12-01,42.6413607006622,742
WM6,2021-01-01,34.64116051058075,586
WM6,2021-02-01,29.690363384841948,669
WM6,2021-03-01,29.939470363316577,742
WM6,2021-04-01,32.2662442053781,720
WM6,2021-05-01,32.893182948332644,744
WM6,2021-06-01,28.832735582995483,663
WM6,2021-07-01,30.639921515460507,743
WM6,2021-08-01,27.084233325155846,742
WM6,2021-09-01,38.59055238225068,716
WM6,2021-10-01,39.22502144734952,743
WM6,2021-11-01,46.67895843187994,322
WM6,2021-12-01,42.44049796009802,635
WM6,2022-01-01,50.63846069004519,743
WM6,2022-02-01,36.91225630498583,668
WM6,2022-03-01,42.75222823193495,743
WM6,2022-04-01,33.22900001244394,719
WM6,2022-05-01,29.635765471149522,742
WM6,2022-06-01,28.597240412907862,720
WM6,2022-07-01,35.925142167519546,741
WM6,2022-08-01,37.303954093955895,739
WM6,2022-09-01,36.250984240936894,719
WM6,2022-10-01,34.320992057013974,738
WM6,2022-11-01,38.02117422077185,709
WM6,2022-12-01,42.66744699968648,738
WM6,2023-01-01,40.079659011879166,742
WM6,2023-02-01,37.021761783852696,671
WM6,2023-03-01,30.626818614844993,743
WM6,2023-04-01,31.86178904820478,712
WM6,2023-05-01,23.12216918634803,740
WM6,2023-06-01,25.582101126053193,695
WM6,2023-07-01,27.327454863062254,740
WM6,2023-08-01,31.61265509928061,744
WM6,2023-09-01,33.29927255698347,719
WM6,2023-10-01,35.004219912135895,744
WM6,2023-11-01,39.11829611254289,720
WM6,2023-12-01,32.88746061985066,743
WM6,2024-01-01,35.34768968913172,740
WM6,2024-02-01,29.16298644417664,695
WM6,2024-03-01,29.40597820920506,743
WM6,2024-04-01,23.95499555331685,716
WM6,2024-05-01,26.120373847421046,743
WM6,2024-06-01,25.768414373768397,719
WM6,2024-07-01,27.10288650547276,743
WM6,2024-08-01,29.183795697623317,742
WM6,2024-09-01,28.214556446715022,719
WM6,2024-10-01,33.26772194704067,741
WM6,2024-11-01,35.468352181556355,719
WM6,2024-12-01,29.93371848036295,744
WMA,2018-02-01,54.24135492438771,255
WMA,2018-03-01,57.57701910971789,669
WMA,2018-04-01,56.487109472013216,697
WMA,2018-05-01,64.41577561792276,743
WMA,2018-06-01,45.69136401379091,719
WMA,2018-07-01,51.72857361393067,743
WMA,2018-08-01,43.72124374812147,691
WMA,2018-09-01,52.80511800677288,716
WMA,2018-10-01,49.83527780256412,743
WMA,2018-11-01,47.859562993885696,719
WMA,2018-12-01,52.63136753650774,744
WMA,2019-01-01,57.330813577097544,743
WMA,2019-02-01,58.44928794722474,672
WMA,2019-03-01,53.035932181022915,738
WMA,2019-04-01,52.32663385278814,720
WMA,2019-05-01,53.9504966988129,744
WMA,2019-06-01,46.384351305944946,715
WMA,2019-07-01,45.666201852927884,731
WMA,2019-08-01,50.801406744720964,740
WMA,2019-09-01,44.10603547432225,707
WMA,2019-10-01,47.18230891739706,741
WMA,2019-11-01,52.524991958847366,719
WMA,2019-12-01,51.55686240066022,742
WMA,2020-01-01,50.108662163236524,729
WMA,2020-02-01,43.813436167867934,694
WMA,2020-03-01,36.622897447779025,743
WMA,2020-04-01,24.64501977708771,626
WMB,2018-06-01,67.52454202680703,432
WMB,2018-07-01,70.25618618763396,742
WMB,2018-08-01,60.035399540570694,742
WMB,2018-09-01,71.28516384389577,718
WMB,2018-10-01,74.13257130263408,744
WMB,2018-11-01,71.66156244561994,626
WMB,2018-12-01,58.83394048778765,744
WMB,2019-01-01,73.12867103004251,739
WMB,2019-02-01,69.0015432475412,671
WMB,2019-03-01,58.62690493678048,737
WMB,2019-04-01,59.9294861186534,719
WMB,2019-05-01,45.659315401794736,548
WMB,2019-06-01,34.63113366740282,719
WMB,2019-07-01,41.0532549862885,743
WMB,2019-08-01,38.27100731309842,740
WMB,2019-09-01,38.09025153590394,718
WMB,2019-10-01,48.73595111276738,744
WMB,2019-11-01,59.05738997405715,720
WMB,2019-12-01,50.29481299647954,744
WMB,2020-01-01,49.4332357189239,741
WMB,2020-02-01,44.87060092713049,695
WMB,2020-03-01,39.667867944292546,744
WMB,2020-04-01,32.25693476535076,719
WMB,2020-05-01,25.018894871206818,573
WMB,2020-06-01,26.032015750937372,719
WMB,2020-07-01,24.022677264281302,738
WMB,2020-08-01,30.970595250251183,743
WMB,2020-09-01,38.000543880404024,719
WMB,2020-10-01,35.0621973250761,744
WMB,2020-11-01,36.11209112716507,671
WMB,2020-12-01,37.51361270218186,744
WMB,2021-01-01,35.22161499497184,734
WMB,2021-02-01,30.487195063579655,671
WMB,2021-03-01,32.894930153645525,671
WMB,2021-04-01,38.00457517888298,720
WMB,2021-05-01,30.796683664830304,742
WMB,2021-06-01,33.89759798281416,696
WMB,2021-07-01,34.502898958787135,742
WMB,2021-08-01,30.44230203943982,743
WMB,2021-09-01,44.25161828696626,716
WMB,2021-10-01,37.66996051679558,741
WMB,2021-11-01,54.80781611502568,720
WMB,2021-12-01,44.13103299489871,743
WMB,2022-01-01,54.930591828779555,741
WMB,2022-02-01,38.565996321059274,667
WMB,2022-03-01,55.36158496780618,741
WMB,2022-04-01,45.624901519871344,719
WMB,2022-05-01,36.33524152758748,744
WMB,2022-06-01,34.90599516860752,720
WMB,2022-07-01,35.4455371018651,743
WMB,2022-08-01,39.098696005107584,743
WMB,2022-09-01,41.83129587457157,720
WMB,2022-10-01,32.90445563013814,734
WMB,2022-11-01,34.99851682057839,718
WMB,2022-12-01,48.052258503685024,744
WMB,2023-01-01,44.27677037463173,744
WMB,2023-02-01,48.10102308997859,666
WMB,2023-03-01,36.352644203619796,743
WMB,2023-04-01,40.48116388588729,718
WMB,2023-05-01,38.14986710602249,744
WMB,2023-06-01,33.91506939726914,134
WMC,2018-05-01,85.35025307484649,12
WMC,2018-06-01,52.19274440359417,657
WMC,2018-07-01,58.00671375414177,705
WMC,2018-08-01,49.34248563820413,722
WMC,2018-09-01,60.210426491683606,719
WMC,2018-10-01,58.71267826031249,743
WMC,2018-11-01,58.25047463067276,719
WMC,2018-12-01,62.94818960612569,743
WMC,2019-01-01,61.73561353474049,742
WMC,2019-02-01,66.97923619611042,668
WMC,2019-03-01,55.2103193597436,742
WMC,2019-04-01,47.36299023954932,719
WMC,2019-05-01,41.44210065760456,744
WMC,2019-06-01,42.09317109893598,611
WMC,2019-07-01,39.80700806113765,743
WMC,2019-08-01,45.7393750788344,738
WMC,2019-09-01,45.095996769941806,720
WMC,2019-10-01,47.88431320102744,743
WMC,2019-11-01,53.8968062759381,720
WMC,2019-12-01,52.13474005859105,744
WMC,2020-01-01,51.242370687686815,741
WMC,2020-02-01,44.395544338702,695
WMC,2020-03-01,36.02906247431638,744
WMC,2020-04-01,25.45773669859516,719
WMC,2020-05-01,16.99663247280638,743
WMC,2020-06-01,21.551592478911996,718
WMC,2020-07-01,21.756286502950307,728
WMC,2020-08-01,19.789152527478265,141
WMC,2020-09-01,33.46306842171162,720
WMC,2020-10-01,34.306286297230834,742
WMC,2020-11-01,36.87317375086216,646
WMC,2020-12-01,37.15024088854375,743
WMC,2021-01-01,36.09756537215289,743
WMC,2021-02-01,33.44242186006444,516
WMC,2021-03-01,32.8440295290963,742
WMC,2021-04-01,29.105102246776774,719
WMC,2021-05-01,26.097864284214378,743
WMC,2021-06-01,25.73297060650093,719
WMC,2021-07-01,23.686731284583473,742
WMC,2021-08-01,23.65997885282085,741
WMC,2021-09-01,35.449875616578034,713
WMC,2021-10-01,35.19447329985907,738
WMC,2021-11-01,42.35070664395399,720
WMC,2021-12-01,37.77123498686753,743
WMC,2022-01-01,48.02098386630908,743
WMC,2022-02-01,33.411549039388234,672
WMC,2022-03-01,39.22701068991759,741
WMC,2022-04-01,30.176126827968957,720
WMC,2022-05-01,28.099793640145172,744
WMC,2022-06-01,26.351325929125093,720
WMC,2022-07-01,25.15394396883822,744
WMC,2022-08-01,24.717129872607853,743
WMC,2022-09-01,29.293694054071803,720
WMC,2022-10-01,33.702253806470964,744
WMC,2022-11-01,34.37803900874306,718
WMC,2022-12-01,38.506867771057344,744
WMC,2023-01-01,37.64298414439834,735
WMC,2023-02-01,41.11249086106681,671
WMC,2023-03-01,27.819487181389615,744
WMC,2023-04-01,29.09799943273373,720
WMC,2023-05-01,21.36319904396225,740
WMC,2023-06-01,14.209548249385563,135
WMD,2020-06-01,20.35622151938697,536
WMD,2020-07-01,18.306413948369315,744
WMD,2020-08-01,26.07597481145388,742
WMD,2020-09-01,32.770571105849626,451
WMD,2020-10-01,26.93939273273532,95
WMD,2020-11-01,26.944585112689037,379
WMD,2020-12-01,28.175323394293017,584
WMD,2021-01-01,32.06535995727314,736
WMD,2021-02-01,29.374108399629186,671
WMD,2021-03-01,29.887404226298553,743
WMD,2021-04-01,28.97227258591865,719
WMD,2021-05-01,28.250141961610627,743
WMD,2021-06-01,28.140466995496272,719
WMD,2021-07-01,26.260797981300605,744
WMD,2021-08-01,21.641890509239644,741
WMD,2021-09-01,33.149139898376355,717
WMD,2021-10-01,31.528214381587762,743
WMD,2021-11-01,43.44430105362561,661
WMD,2021-12-01,33.72497937111316,743
WMD,2022-01-01,45.392176100503356,714
WMD,2022-02-01,28.796213005583457,672
WMD,2022-03-01,44.77457508248134,662
WMD,2022-04-01,36.32413862438507,720
WMD,2022-05-01,28.827042610245336,743
WMD,2022-06-01,28.687192279401533,720
WMD,2022-07-01,26.534699655132087,743
WMD,2022-08-01,28.325355728002524,744
WMD,2022-09-01,33.45251450282573,720
WMD,2022-10-01,31.47857302765456,744
WMD,2022-11-01,33.92897170836388,717
WMD,2022-12-01,42.22855727371632,743
WMD,2023-01-01,41.692486541658496,743
WMD,2023-02-01,47.181385052184,651
WMD,2023-03-01,33.448545703397535,744
WMD,2023-04-01,35.328301551526835,717
WMD,2023-05-01,29.405798675291297,743
WMD,2023-06-01,31.129000878421635,717
WMD,2023-07-01,26.863439202893797,744
WMD,2023-08-01,30.764330122139565,744
WMD,2023-09-01,35.08106853905617,720
WMD,2023-10-01,37.634212362955964,743
WMD,2023-11-01,40.35082530346462,720
WMD,2023-12-01,33.19981833451851,740
WMD,2024-01-01,37.93784699172927,744
WMD,2024-02-01,31.191761036224065,696
WMD,2024-03-01,28.937181999947253,743
WMD,2024-04-01,26.25434189891849,717
WMD,2024-05-01,32.88296206104046,744
WMD,2024-06-01,26.55375179490953,720
WMD,2024-07-01,22.18132593037228,744
WMD,2024-08-01,23.34402290444485,740
WMD,2024-09-01,28.891720755346864,719
WMD,2024-10-01,31.37297545951261,739
WMD,2024-11-01,37.20694837039699,720
WMD,2024-12-01,29.81258837673082,744
ZR1,2016-01-01,56.21587007642563,567
ZR1,2016-02-01,51.66288544668587,694
ZR1,2016-03-01,46.346145692377085,739
ZR1,2016-04-01,47.79340909090909,715
ZR1,2016-05-01,40.27263151927438,735
ZR1,2016-06-01,37.149499999999996,720
ZR1,2016-07-01,35.18038095238095,490
ZR1,2016-08-01,38.16839734299516,690
ZR1,2016-09-01,45.05612076958739,719
ZR1,2016-10-01,43.14980484522207,743
ZR1,2016-11-01,58.524023605048285,638
ZR1,2016-12-01,62.68463836477987,742
ZR1,2017-01-01,64.16676630529562,744
ZR1,2017-02-01,44.27120595522231,671
ZR1,2017-03-01,42.568475653368736,742
ZR1,2017-04-01,42.056932899069125,719
ZR1,2017-05-01,36.18613064887737,741
ZR1,2017-06-01,35.25582818515606,717
ZR1,2017-07-01,31.743547457148967,739
ZR1,2017-08-01,34.03648867706697,737
ZR1,2017-09-01,40.44196684416523,715
ZR1,2017-10-01,41.40661027867047,740
ZR1,2017-11-01,54.559828064708626,715
ZR1,2017-12-01,51.722780790264196,741
ZR1,2018-01-01,46.06099482787877,707
ZR1,2018-02-01,46.41165279588915,666
ZR1,2018-03-01,49.50836371272893,511
ZR2,2016-01-01,40.9468914014517,597
ZR2,2016-02-01,47.06619012707722,682
ZR2,2016-03-01,46.5292908762421,738
ZR2,2016-04-01,36.940854224698235,718
ZR2,2016-05-01,35.18655884995508,742
ZR2,2016-06-01,33.957749876907926,677
ZR2,2016-07-01,32.537834261838434,718
ZR2,2016-08-01,26.128511004126544,727
ZR2,2016-09-01,25.97964076246334,682
ZR2,2016-10-01,34.32093004948268,741
ZR2,2016-11-01,50.31431460109586,716
ZR2,2016-12-01,53.029060965999456,715
ZR2,2017-01-01,46.15091026957573,743
ZR2,2017-02-01,43.42892142336713,654
ZR2,2017-03-01,34.837570196456284,555
ZR2,2017-04-01,32.2791401224471,719
ZR2,2017-05-01,27.14508721167542,685
ZR2,2017-06-01,21.416180956924286,609
ZR2,2017-07-01,21.568501420013202,743
ZR2,2017-08-01,25.04764289656582,742
ZR2,2017-09-01,29.740536388681367,719
ZR2,2017-10-01,28.056047714718964,743
ZR2,2017-11-01,39.63462116847699,719
ZR2,2017-12-01,36.01163185794713,742
ZR2,2018-01-01,29.70614221855387,679
ZR2,2018-02-01,45.731478666683515,619
ZR2,2018-03-01,43.617919149137485,742
ZR2,2018-04-01,39.1895679955146,620
ZR2,2018-05-01,38.40566641226561,567
ZR2,2018-06-01,29.06220873119686,689
ZR2,2018-07-01,36.35840220412264,712
ZR2,2018-08-01,31.919917387495822,525
ZR2,2018-09-01,31.803887777661775,686
ZR2,2018-10-01,36.524094007610934,713
ZR2,2018-11-01,38.82277711200203,691
ZR2,2018-12-01,29.311411767808682,718
ZR2,2019-01-01,42.46859449441419,688
ZR2,2019-02-01,41.64871853654129,629
ZR2,2019-03-01,31.239213717224057,700
ZR2,2019-04-01,40.986196453828946,665
ZR2,2019-05-01,29.587328504901034,660
ZR2,2019-06-01,20.8935959954109,512
ZR2,2019-07-01,23.339505786105004,686
ZR2,2019-08-01,23.606057096358107,704
ZR2,2019-09-01,26.709792670183425,676
ZR2,2019-10-01,29.5402111491191,711
ZR2,2019-11-01,37.249071500650054,669
ZR2,2019-12-01,32.255656041385485,253
ZR2,2020-01-01,32.783818554592045,712
ZR2,2020-02-01,22.436427504637077,620
ZR2,2020-03-01,26.846782973842508,712
ZR2,2020-04-01,27.937967569476577,690
ZR2,2020-05-01,19.523367587900335,721
ZR2,2020-06-01,19.060576010227763,662
ZR2,2020-07-01,14.784240705087457,713
ZR2,2020-08-01,20.040330836465976,684
ZR2,2020-09-01,24.117206274539612,690
ZR2,2020-10-01,22.72548645093814,713
ZR2,2020-11-01,29.896641567733965,688
ZR2,2020-12-01,28.357983132944852,712
ZR2,2021-01-01,30.802168275746716,703
ZR2,2021-02-01,27.136081768361937,643
ZR2,2021-03-01,29.66817192918626,712
ZR2,2021-04-01,33.291870413979424,690
ZR2,2021-05-01,22.22454899177559,712
ZR2,2021-06-01,23.723008054314736,682
ZR2,2021-07-01,17.101570353444057,681
ZR2,2021-08-01,18.721036794268052,685
ZR2,2021-09-01,26.4481745526058,687
ZR2,2021-10-01,24.10956073875639,711
ZR2,2021-11-01,33.091357677225176,688
ZR2,2021-12-01,28.154972651509503,711
ZR2,2022-01-01,37.860866806164076,712
ZR2,2022-02-01,22.35493032453518,640
ZR2,2022-03-01,29.958548489327235,342
ZR2,2022-04-01,26.998923859876825,30
ZR2,2022-05-01,19.397770180974625,737
ZR2,2022-06-01,20.19644685655041,718
ZR2,2022-07-01,20.745413744912536,726
ZR2,2022-08-01,21.96319097144639,649
ZR2,2022-09-01,26.691193880800355,664
ZR2,2022-10-01,22.350853641953748,726
ZR2,2022-11-01,24.635072910441508,717
ZR2,2022-12-01,34.31157457947019,737
ZR2,2023-01-01,28.860270702844286,736
ZR2,2023-02-01,26.88054552002464,541
ZR3,2016-01-01,65.26924125874126,715
ZR3,2016-02-01,65.88979692917285,673
ZR3,2016-03-01,63.179260027662515,723
ZR3,2016-04-01,66.62043694946685,719
ZR3,2016-05-01,49.01731893837157,741
ZR3,2016-06-01,37.666992296918764,714
ZR3,2016-07-01,43.318027738598964,709
ZR3,2016-08-01,40.466723125564585,738
ZR3,2016-09-01,56.91516248839368,718
ZR3,2016-10-01,54.19184660368871,741
ZR3,2016-11-01,67.34348420556341,707
ZR3,2016-12-01,76.36947169350903,683
ZR3,2017-01-01,82.31953390821846,743
ZR3,2017-02-01,58.70593622134801,649
ZR3,2017-03-01,65.1726534289611,741
ZR3,2017-04-01,60.416237459632015,407
ZR3,2017-05-01,45.382621670926255,742
ZR3,2017-06-01,41.73388711152554,633
ZR3,2017-07-01,40.341021972587015,662
ZR3,2017-08-01,43.68240600765052,687
ZR3,2017-09-01,49.33091315570008,547
ZR3,2017-10-01,46.34463810611986,742
ZR3,2017-11-01,60.67163446315671,719
ZR3,2017-12-01,58.919294476505975,741
ZR3,2018-01-01,59.18509674435008,707
ZR3,2018-02-01,63.32279074309897,672
ZR3,2018-03-01,63.45103407050028,744
ZR3,2018-04-01,49.22934366334953,719
ZR3,2018-05-01,47.378606122300845,742
ZR3,2018-06-01,28.48322013631306,676
ZR3,2018-07-01,41.76974530419376,605
ZR3,2018-08-01,41.85339382840386,670
ZR3,2018-09-01,42.01004297798375,711
ZR3,2018-10-01,45.609395307544155,742
ZR3,2018-11-01,46.16313732514692,649
ZR3,2018-12-01,57.36720112408487,505
ZR3,2019-01-01,60.49887261025895,654
ZR3,2019-02-01,53.59498627262847,640
ZR3,2019-03-01,44.52542224128159,546
ZR3,2019-04-01,53.56091486589764,339
ZR3,2019-05-01,53.309409805570006,450
ZR3,2019-06-01,32.80389306754775,583
ZR3,2019-07-01,37.72808292566562,744
ZR3,2019-08-01,40.47151333329592,730
ZR3,2019-09-01,37.731425890519645,706
ZR3,2019-10-01,42.33044853912707,743
ZR3,2019-11-01,52.9593862996077,707
ZR3,2019-12-01,47.250726735475624,739
ZR3,2020-01-01,44.9124586579342,732
ZR3,2020-02-01,38.43595540593541,695
ZR3,2020-03-01,37.765529146985166,744
ZR3,2020-04-01,32.39349343694806,707
ZR3,2020-05-01,22.878093242036325,721
ZR3,2020-06-01,21.99120095215145,720
ZR3,2020-07-01,28.23714268139112,744
ZR3,2020-08-01,27.728669674357583,744
ZR3,2020-09-01,32.21908435474524,720
ZR3,2020-10-01,32.62171970625901,271
ZR4,2019-02-01,46.97298364335905,555
ZR4,2019-03-01,34.32223303682233,726
ZR4,2019-04-01,42.03432633318886,678
ZR4,2019-05-01,33.80897218782196,500
ZR4,2019-06-01,29.472557599207825,618
ZR4,2019-07-01,29.727159587184463,738
ZR4,2019-08-01,33.845426043208526,741
ZR4,2019-09-01,32.256390141561575,706
ZR4,2019-10-01,36.85459854324852,742
ZR4,2019-11-01,42.94799320977249,717
ZR4,2019-12-01,43.56972865676465,443
ZR4,2020-01-01,39.79313221462759,701
ZR4,2020-02-01,27.800646510617966,695
ZR4,2020-03-01,31.724989746857897,743
ZR4,2020-04-01,37.91919289254006,720
ZR4,2020-05-01,28.031006385171693,728
ZR4,2020-06-01,27.492876182291315,655
ZR4,2020-07-01,29.373701120392187,735
ZR4,2020-08-01,37.45461220405954,743
ZR4,2020-09-01,42.2250827976404,719
ZR4,2020-10-01,39.509331276704216,744
ZR4,2020-11-01,49.07396789292856,703
ZR4,2020-12-01,51.136464079353964,743
ZR4,2021-01-01,48.58839517039948,743
ZR4,2021-02-01,31.974030949116937,669
ZR4,2021-03-01,35.83149492069247,743
ZR4,2021-04-01,37.38829057569054,718
ZR4,2021-05-01,29.33219260156356,740
ZR4,2021-06-01,34.412784602238524,324
ZR4,2021-07-01,21.407596013141475,134
ZR4,2021-08-01,20.583158494540324,744
ZR4,2021-09-01,36.2607063077571,719
ZR4,2021-10-01,35.98983838842985,743
ZR4,2021-11-01,41.641925794729914,716
ZR4,2021-12-01,34.91574424778032,718
ZR4,2022-01-01,44.07990680271815,740
ZR4,2022-02-01,27.239392387317427,670
ZR4,2022-03-01,45.36639628327695,742
ZR4,2022-04-01,32.5745546934826,709
ZR4,2022-05-01,26.672793734066115,742
ZR4,2022-06-01,23.95347343939242,718
ZR4,2022-07-01,23.80236486008562,742
ZR4,2022-08-01,27.256504616672785,739
ZR4,2022-09-01,27.973849448331656,718
ZR4,2022-10-01,30.37518352009449,713
ZR4,2022-11-01,30.788434849329022,701
ZR4,2022-12-01,37.13537806375883,743
ZR4,2023-01-01,34.04143849880041,740
ZR4,2023-02-01,33.236244817626066,667
ZR4,2023-03-01,25.244087507718866,705
ZR4,2023-07-01,15.060133956809938,214
ZR4,2023-08-01,19.12439966662524,741
ZR4,2023-09-01,24.893098195679976,716
ZR4,2023-10-01,23.195681348201546,742
ZR4,2023-11-01,23.997682231456626,719
ZR4,2023-12-01,19.90130628222713,741
ZR4,2024-01-01,24.011937547376178,742
ZR4,2024-02-01,20.63188757355482,694
ZR4,2024-03-01,23.227072987230017,742
ZR4,2024-04-01,14.730876199635265,719
ZR4,2024-05-01,20.216259999634925,742
ZR4,2024-06-01,17.29703159678807,718
ZR4,2024-07-01,17.88997104571245,742
ZR4,2024-08-01,17.717263034736686,738
ZR4,2024-09-01,20.213402617884366,718
ZR4,2024-10-01,23.73123443618745,741
ZR4,2024-11-01,28.137823404543255,718
ZR4,2024-12-01,20.165788814389465,743
ZR5,2023-08-01,14.650464207479768,358
ZR5,2023-09-01,19.49493227824649,686
ZR5,2023-10-01,16.409258024451837,711
ZR5,2023-11-01,21.812915649208087,690
ZR5,2023-12-01,17.73717749732015,711
ZR5,2024-01-01,20.75784779462011,709
ZR5,2024-02-01,17.165757984326312,664
ZR5,2024-03-01,18.44837693212604,703
ZR5,2024-04-01,15.77353170414267,689
ZR5,2024-05-01,17.993577374755073,710
ZR5,2024-06-01,13.472029126756604,688
ZR5,2024-07-01,13.855001273153809,695
ZR5,2024-08-01,11.82385973824222,705
ZR5,2024-09-01,17.858442421706417,686
ZR5,2024-10-01,17.092754312822436,708
ZR5,2024-11-01,25.624293466410204,685
ZR5,2024-12-01,17.574317180547908,710
ZV1,2016-01-01,21.863706808466176,737
ZV1,2016-02-01,22.18470427948797,688
ZV1,2016-03-01,22.538927595255558,738
ZV1,2016-04-01,17.43386095119349,717
ZV1,2016-05-01,16.633727957108473,743
ZV1,2016-06-01,11.454117933535933,718
ZV1,2016-07-01,11.063511390142772,735
ZV1,2016-08-01,14.347373246769955,739
ZV1,2016-09-01,15.768502056873523,689
ZV1,2016-10-01,20.75616146037739,741
ZV1,2016-11-01,30.242568281755016,49
ZV1,2017-02-01,17.360330317011005,34
ZV1,2017-03-01,18.021726373678344,739
ZV1,2017-04-01,17.160201903865634,719
ZV1,2017-05-01,12.467825937010785,742
ZV1,2017-06-01,11.533015144440741,693
ZV1,2017-07-01,10.477714676961943,740
ZV1,2017-08-01,14.608676704335158,527
ZV1,2017-09-01,16.48997604110999,718
ZV1,2017-10-01,15.838859852609106,744
ZV1,2017-11-01,25.608489925351954,668
ZV1,2017-12-01,13.612218905937931,94
ZV1,2018-01-01,19.943486025294046,731
ZV1,2018-02-01,21.86424514955475,668
ZV1,2018-03-01,19.724070897871332,743
ZV1,2018-04-01,16.26068835237799,716
ZV1,2018-05-01,15.578944500195494,742
ZV1,2018-06-01,10.410511620364542,718
ZV1,2018-07-01,12.706996069309339,742
ZV1,2018-08-01,10.62676416174306,696
ZV1,2018-09-01,11.9247199959696,718
ZV1,2018-10-01,15.182826323511623,742
ZV1,2018-11-01,15.26333365444236,714
ZV1,2018-12-01,15.31753523981267,741
ZV1,2019-01-01,23.738236035090672,742
ZV1,2019-02-01,19.993473592153123,644
ZV1,2019-03-01,15.069699104218206,738
ZV1,2019-04-01,16.190139337083604,714
ZV1,2019-05-01,12.078170640475868,740
ZV1,2019-06-01,9.07509701134449,716
ZV1,2019-07-01,9.27177543429793,740
ZV1,2019-08-01,8.512073044791293,731
ZV1,2019-09-01,11.464513158105376,707
ZV1,2019-10-01,13.330257569613753,716
ZV1,2019-11-01,18.632862695406143,719
ZV1,2019-12-01,16.082143609336647,735
ZV1,2020-01-01,16.544644893200438,733
ZV1,2020-02-01,10.967591920837776,684
ZV1,2020-03-01,13.302433231838744,710
ZV1,2020-04-01,14.487131881384874,167
ZV1,2020-05-01,7.324995041907369,727
ZV1,2020-06-01,8.636729493637521,719
ZV1,2020-07-01,8.527213848380375,596
ZV1,2020-08-01,12.129355372440155,741
ZV1,2020-09-01,11.441812970385607,718
ZV1,2020-10-01,12.154209220267866,737
ZV1,2020-11-01,15.435082281174754,550
ZV1,2020-12-01,14.483452981658992,456
ZV1,2021-01-01,16.16052249433942,534
ZV1,2021-02-01,11.673968908793412,377
ZV1,2021-03-01,15.10539046002993,201
ZV1,2021-04-01,12.782192135218986,495
ZV1,2021-05-01,8.945786229195528,513
ZV1,2021-06-01,9.004649602340471,718
ZV1,2021-07-01,6.308415950595928,377
ZV1,2021-08-01,5.727465316381219,734
ZV1,2021-09-01,11.210504883162791,717
ZV1,2021-10-01,10.431010555125168,741
ZV1,2021-11-01,19.29179611840439,718
ZV1,2021-12-01,13.854906113986495,742
ZV1,2022-01-01,20.588494585907103,742
ZV1,2022-02-01,10.346861166603135,669
ZV1,2022-03-01,14.987373125913255,740
ZV1,2022-04-01,11.094769964566803,717
ZV1,2022-05-01,8.784189756991614,735
ZV1,2022-06-01,7.375112344699195,718
ZV1,2022-07-01,9.01055884897108,742
ZV1,2022-08-01,8.889455577225087,717
ZV1,2022-09-01,11.217595421664168,718
ZV1,2022-10-01,8.79421070198304,742
ZV1,2022-11-01,10.785351762306775,718
ZV1,2022-12-01,18.0579881548857,743
ZV1,2023-01-01,15.19264059042604,742
ZV1,2023-02-01,15.022048202187872,669
ZV1,2023-03-01,9.609308203792967,741
ZV1,2023-04-01,9.85928223269062,717
ZV1,2023-05-01,8.807147228229844,57
ZV1,2023-06-01,12.21392046801532,719
ZV1,2023-07-01,7.520528161463585,740
ZV1,2023-08-01,8.030093468485656,687
ZV1,2023-09-01,6.230790718580187,397
ZV1,2023-10-01,8.421047441620459,409
ZV1,2023-11-01,12.717861968216324,719
ZV1,2023-12-01,9.382543913511924,742
ZV1,2024-01-01,13.371553364625068,742
ZV1,2024-02-01,9.238419276430063,694
ZV1,2024-03-01,9.356203885796301,738
ZV1,2024-04-01,4.903246267857143,56
ZV2,2016-01-01,37.710899759957634,639
ZV2,2016-02-01,36.31658834495055,693
ZV2,2016-03-01,32.72878631337773,738
ZV2,2016-04-01,28.20393614774838,715
ZV2,2016-05-01,27.416914046765577,741
ZV2,2016-06-01,21.336465973291062,716
ZV2,2016-07-01,20.6756030057703,736
ZV2,2016-08-01,24.411946460675654,736
ZV2,2016-09-01,34.894220529571065,714
ZV2,2016-10-01,32.32444201889921,740
ZV2,2016-11-01,39.41524326920135,714
ZV2,2016-12-01,42.782595910458966,739
ZV2,2017-01-01,46.47624568355072,743
ZV2,2017-02-01,30.111931608438137,668
ZV2,2017-03-01,28.522592465243427,738
ZV2,2017-04-01,26.00106162546804,718
ZV2,2017-05-01,22.60410526930569,737
ZV2,2017-06-01,20.641803483542073,492
ZV2,2017-07-01,18.63890476312862,395
ZV2,2017-08-01,23.67224641267404,741
ZV2,2017-09-01,26.904803011214593,717
ZV2,2017-10-01,24.43313526848206,730
ZV2,2017-11-01,36.898956662259366,688
ZV2,2017-12-01,34.53053002940963,743
ZV2,2018-01-01,25.66069411652892,703
ZV2,2018-02-01,27.748759142395073,670
ZV2,2018-03-01,28.620966817046376,744
ZV2,2018-04-01,24.427056330874187,715
ZV2,2018-05-01,25.267011683403723,739
ZV2,2018-06-01,17.250067780735137,718
ZV2,2018-07-01,23.30110896417323,743
ZV2,2018-08-01,18.923503004818595,736
ZV2,2018-09-01,22.57673117600941,712
ZV2,2018-10-01,28.79584177812161,743
ZV2,2018-11-01,29.57379017931161,718
ZV2,2018-12-01,26.709891472284323,741
ZV2,2019-01-01,32.92980524735301,742
ZV2,2019-02-01,30.914688224603466,660
ZV2,2019-03-01,24.805771842375858,740
ZV2,2019-04-01,23.916134654801365,707
ZV2,2019-05-01,20.87135489808409,589
ZV2,2019-06-01,16.660328942123243,718
ZV2,2019-07-01,16.889006590028238,741
ZV2,2019-08-01,16.532263475300706,718
ZV2,2019-09-01,20.50928910265789,718
ZV2,2019-10-01,22.85963472927492,739
ZV2,2019-11-01,26.151562246889984,709
ZV2,2019-12-01,26.88957429590056,738
ZV2,2020-01-01,25.32151099635223,737
ZV2,2020-02-01,17.81722521542399,685
ZV2,2020-03-01,17.229129035472543,735
ZV2,2020-04-01,15.055768758510453,717
ZV2,2020-05-01,10.989277247763725,743
ZV2,2020-06-01,10.940075619152084,702
ZV2,2020-07-01,10.799084148208971,702
ZV2,2020-08-01,16.64682760610557,540
ZV2,2020-09-01,20.515938538421818,718
ZV2,2020-10-01,20.09152640387505,741
ZV2,2020-11-01,26.493749254653313,719
ZV2,2020-12-01,23.251971402479658,737
ZV2,2021-01-01,21.76153150250817,740
ZV2,2021-02-01,21.3545203264861,668
ZV2,2021-03-01,26.1884626885686,743
ZV2,2021-04-01,21.204155717396134,715
ZV2,2021-05-01,17.154342731462602,743
ZV2,2021-06-01,16.75294801018945,718
ZV2,2021-07-01,12.944315450801584,417
ZV2,2021-08-01,12.58776183288057,656
ZV2,2021-09-01,19.50291096314195,663
ZV2,2021-10-01,19.802934187899858,741
ZV2,2021-11-01,26.52657750286332,716
ZV2,2021-12-01,21.762021607355564,735
ZV2,2022-01-01,29.75907647164497,674
ZV2,2022-02-01,16.601254827760343,660
ZV2,2022-03-01,24.654172821612,742
ZV2,2022-04-01,16.9625162689509,716
ZV2,2022-05-01,16.63041485270793,741
ZV2,2022-06-01,12.71106729776371,501
ZV2,2022-07-01,14.689290226182774,292
ZV2,2022-09-01,14.573826057597852,194
ZV2,2022-10-01,16.366585290246025,741
ZV2,2022-11-01,19.737758329347532,720
ZV2,2022-12-01,24.887724627480523,742
ZV2,2023-01-01,21.236986803905697,742
ZV2,2023-02-01,21.869066738760377,664
ZV2,2023-03-01,18.01942743040116,743
ZV2,2023-04-01,17.02411099442608,720
ZV2,2023-05-01,12.959875849621001,744
ZV2,2023-06-01,13.848736316770145,714
ZV2,2023-07-01,11.759685734804233,742
ZV2,2023-08-01,12.343276342033285,739
ZV2,2023-09-01,14.592608755865236,710
ZV2,2023-10-01,15.90754355857816,734
ZV2,2023-11-01,21.00181034784784,713
ZV2,2023-12-01,15.007320047058675,742
ZV2,2024-01-01,41.97489407281355,578
ZV2,2024-02-01,13.974312900411194,673
ZV2,2024-03-01,14.380054350234152,709
ZV2,2024-04-01,8.957154758928572,56
